codigo;estado;nombre;descripcion;familia;familia_indice;subcategoria;marcas;codigo_original;compatibilidad;ubicacion;medidas;ref_interna;foto;foto_confianza;clave_rubro;clave_subrubro;clave_producto;pagina;origen;fuente_nombre;flags;encabezado_pdf
2101001;completo;"Walbro 9 x 2,8mm Walbro 9 x 2,8 mm";"Walbro 9 x 2,8mm Walbro 9 x 2,8 mm";Carburación;Carburación;PUNZUARES DE CARBURADOR;Walbro;;"Walbro 9 x 2,8mm Walbro 9 x 2,8 mm";;"2,8mm | 2,8 mm";;2101001.jpg;muy_baja;2 Tiempos;Desmalezadora;Partes de carburador;39;grilla;;;CARBURACIÓN - PUNZUARES DE CARBURADOR - 2 TIEMPOS
2101002;completo;"Zama 16,5 x 3,5mm Zama 16,5 x 3,5 mm 4 TIEMPOS";"Zama 16,5 x 3,5mm Zama 16,5 x 3,5 mm 4 TIEMPOS";Carburación;Carburación;PUNZUARES DE CARBURADOR;Zama;;"Zama 16,5 x 3,5mm Zama 16,5 x 3,5 mm 4 TIEMPOS";;"3,5mm | 3,5 mm";;2101002.jpg;muy_baja;2 Tiempos;Desmalezadora;Partes de carburador;39;grilla;;;CARBURACIÓN - PUNZUARES DE CARBURADOR - 2 TIEMPOS
2101003;falta_descripcion_con_foto;Válvulas;;Carburación;Carburación;VÁLVULAS;;;;;;;2101003.jpg;muy_baja;2 Tiempos;Desmalezadora;Partes de carburador;26;grilla;categoria;;CARBURACIÓN - VÁLVULAS
2101004;falta_descripcion_con_foto;Válvulas;;Carburación;Carburación;VÁLVULAS;;;;;;;2101004.jpg;muy_baja;2 Tiempos;Desmalezadora;Partes de carburador;26;grilla;categoria;;CARBURACIÓN - VÁLVULAS
2101005;falta_descripcion_con_foto;Válvulas;;Carburación;Carburación;VÁLVULAS;;;;;;;2101005.jpg;muy_baja;2 Tiempos;Desmalezadora;Partes de carburador;26;grilla;categoria;;CARBURACIÓN - VÁLVULAS
2101099;completo;PARTES DE CHINAS 33CC;PARTES DE CHINAS 33CC;Desmalezadoras;Desmalezadoras;Partes de carburador;;;PARTES DE CHINAS 33CC;;33CC;;2101099.jpg;media;2 Tiempos;Desmalezadora;Partes de carburador;93;grilla;;;PARTES DE DESMALEZADORAS CHINAS 26CC
2101100;falta_descripcion_con_foto;Partes de carburador;;Desmalezadoras;Desmalezadoras;Partes de carburador;;;;;;;2101100.jpg;media;2 Tiempos;Desmalezadora;Partes de carburador;93;grilla;categoria;;PARTES DE DESMALEZADORAS CHINAS 26CC
2101101;falta_descripcion;Partes de carburador;;Desmalezadoras;Desmalezadoras;Partes de carburador;;;;;;;;;2 Tiempos;Desmalezadora;Partes de carburador;95;grilla;categoria;;PARTES DE DESMALEZADORAS CHINAS 43CC / 52CC
2102128;falta_descripcion_con_foto;Carburadores — Echo;;Desmalezadoras;Desmalezadoras;CARBURADORES;Echo;;;;;;2102128.jpg;media;2 Tiempos;Desmalezadora;Carburador;66;grilla;categoria;;CARBURADORES - 2 TIEMPOS -DESMALEZADORAS - ECHO - REEMPLAZOS
2102143;completo;Carburador;Carburador Repl Hus-143R;Desmalezadoras;Desmalezadoras;Carburador;Husqvarna;Hus-143R;Carburador Repl Hus-143R;;;;2102143.jpg;media;2 Tiempos;Desmalezadora;Carburador;97;grilla;;;PARTES DE DESMALEZADORAS REEMPLAZO HUSQVARNA 143R
2102223;falta_descripcion_con_foto;Carburadores — Echo;;Desmalezadoras;Desmalezadoras;CARBURADORES;Echo;;;;;;2102223.jpg;media;2 Tiempos;Desmalezadora;Carburador;66;grilla;categoria;;CARBURADORES - 2 TIEMPOS -DESMALEZADORAS - ECHO - REEMPLAZOS
2102701;falta_descripcion;Carburadores;;Motosierras;Motosierras;CARBURADORES;;;;;;;;;2 Tiempos;Desmalezadora;Carburador;65;grilla;categoria;;CARBURADORES - 2 TIEMPOS - MOTOSIERRAS - CHINAS / OTROS
2102702;falta_descripcion;Carburadores;;Motosierras;Motosierras;CARBURADORES;;;;;;;;;2 Tiempos;Desmalezadora;Carburador;65;grilla;categoria;;CARBURADORES - 2 TIEMPOS - MOTOSIERRAS - CHINAS / OTROS
2102703;falta_descripcion_con_foto;Carburadores — Echo;;Desmalezadoras;Desmalezadoras;CARBURADORES;Echo;;;;;;2102703.jpg;media;2 Tiempos;Desmalezadora;Carburador;66;grilla;categoria;;CARBURADORES - 2 TIEMPOS -DESMALEZADORAS - ECHO - REEMPLAZOS
2102704;falta_descripcion_con_foto;Carburadores — Oleo Mac;;Motosierras;Motosierras;CARBURADORES;Oleo Mac;;;;;;2102704.jpg;media;2 Tiempos;Desmalezadora;Carburador;64;grilla;categoria;;CARBURADORES - 2 TIEMPOS - MOTOSIERRAS - OLEO MAC REEMPLAZOS
2102720;falta_descripcion;Carburadores;;Motosierras;Motosierras;CARBURADORES;;;;;;;;;2 Tiempos;Desmalezadora;Carburador;65;grilla;categoria;;CARBURADORES - 2 TIEMPOS - MOTOSIERRAS - CHINAS / OTROS
2102810;falta_descripcion;Carburadores — Stihl;;Motosierras;Motosierras;CARBURADORES;Stihl;;;;;;;;2 Tiempos;Desmalezadora;Carburador;61;grilla;categoria;;CARBURADORES - 2 TIEMPOS - MOTOSIERRAS - STIHL REEMPLAZOS
2102811;falta_descripcion;Carburadores;;Desmalezadoras;Desmalezadoras;CARBURADORES;;;;;;;;;2 Tiempos;Desmalezadora;Carburador;67;grilla;categoria;;CARBURADORES - 2 TIEMPOS - DESMALEZADORAS - CHINAS / OTROS
2102812;falta_descripcion;Carburadores;;Desmalezadoras;Desmalezadoras;CARBURADORES;;;;;;;;;2 Tiempos;Desmalezadora;Carburador;67;grilla;categoria;;CARBURADORES - 2 TIEMPOS - DESMALEZADORAS - CHINAS / OTROS
2102813;falta_descripcion;Carburador;ECHO;Desmalezadoras;Desmalezadoras;CARBURADORES;Echo;;ECHO;;;;;;2 Tiempos;Desmalezadora;Carburador;67;grilla;;;CARBURADORES - 2 TIEMPOS - DESMALEZADORAS - CHINAS / OTROS
2102821;falta_descripcion;Carburadores;;Motosierras;Motosierras;CARBURADORES;;;;;;;;;2 Tiempos;Desmalezadora;Carburador;65;grilla;categoria;;CARBURADORES - 2 TIEMPOS - MOTOSIERRAS - CHINAS / OTROS
2102822;falta_descripcion;Carburadores;;Motosierras;Motosierras;CARBURADORES;;;;;;;;;2 Tiempos;Desmalezadora;Carburador;65;grilla;categoria;NUEVO;CARBURADORES - 2 TIEMPOS - MOTOSIERRAS - CHINAS / OTROS
2102823;falta_descripcion;Carburadores;;Motosierras;Motosierras;CARBURADORES;;;;;;;;;2 Tiempos;Desmalezadora;Carburador;65;grilla;categoria;;CARBURADORES - 2 TIEMPOS - MOTOSIERRAS - CHINAS / OTROS
2102824;completo;Carburador Stihl FS161/221/291(Z);Carburador Stihl FS161/221/291(Z);Motosierras;Motosierras;CARBURADORES;Stihl;;Carburador Stihl FS161/221/291(Z);;;;;;2 Tiempos;Desmalezadora;Carburador;65;grilla;;;CARBURADORES - 2 TIEMPOS - MOTOSIERRAS - CHINAS / OTROS
2102825;completo;Kit Junta Y Diafragma Carburador;Kit Junta Y Diafragma Carburador Repl St- FS160/220/280;Desmalezadoras;Desmalezadoras;Carburador;;;Kit Junta Y Diafragma Carburador Repl St- FS160/220/280;;;GND-07;2102825.jpg;muy_baja;2 Tiempos;Desmalezadora;Carburador;104;grilla;;;PARTES DE DESMALEZADORAS REEMPLAZO ST FS160 / 220 / 280
2102827;falta_descripcion_con_foto;Carburadores — Echo;;Desmalezadoras;Desmalezadoras;CARBURADORES;Echo;;;;;;2102827.jpg;media;2 Tiempos;Desmalezadora;Carburador;66;grilla;categoria;;CARBURADORES - 2 TIEMPOS -DESMALEZADORAS - ECHO - REEMPLAZOS
2102828;falta_descripcion_con_foto;Carburadores — Echo;;Desmalezadoras;Desmalezadoras;CARBURADORES;Echo;;;;;;2102828.jpg;media;2 Tiempos;Desmalezadora;Carburador;66;grilla;categoria;;CARBURADORES - 2 TIEMPOS -DESMALEZADORAS - ECHO - REEMPLAZOS
2102829;falta_descripcion_con_foto;Carburadores — Echo;;Desmalezadoras;Desmalezadoras;CARBURADORES;Echo;;;;;;2102829.jpg;media;2 Tiempos;Desmalezadora;Carburador;66;grilla;categoria;;CARBURADORES - 2 TIEMPOS -DESMALEZADORAS - ECHO - REEMPLAZOS
2102839;completo;Carburador;Carburador Repl St- FS450 (C1Q-S34) Zama;Desmalezadoras;Desmalezadoras;Carburador;Zama;;Carburador Repl St- FS450 (C1Q-S34) Zama;;;;2102839.jpg;muy_baja;2 Tiempos;Desmalezadora;Carburador;109;grilla;;;PARTES DE DESMALEZADORAS REEMPLAZO ST FS450
2102844;completo;Carburador;Carburador Repl St- FS38/55;Desmalezadoras;Desmalezadoras;Carburador;;;Carburador Repl St- FS38/55;;;;2102844.jpg;muy_baja;2 Tiempos;Desmalezadora;Carburador;100;grilla;;;PARTES DE DESMALEZADORAS REEMPLAZO ST FS38 / FS55
2102855;completo;Carburador;Carburador Repl St- FS450 Zama (Limitador);Desmalezadoras;Desmalezadoras;Carburador;Zama;;Carburador Repl St- FS450 Zama (Limitador);;;;2102855.jpg;muy_baja;2 Tiempos;Desmalezadora;Carburador;109;grilla;;;PARTES DE DESMALEZADORAS REEMPLAZO ST FS450
2102871;completo;HUSQVARNA;HUSQVARNA;Desmalezadoras;Desmalezadoras;CARBURADORES;Husqvarna;;HUSQVARNA;;;;;;2 Tiempos;Desmalezadora;Carburador;67;grilla;;;CARBURADORES - 2 TIEMPOS - DESMALEZADORAS - CHINAS / OTROS
2102873;completo;Echo PB-251 PB-265L PB- 265LN RB-K85;Echo PB-251 PB-265L PB- 265LN RB-K85;Desmalezadoras;Desmalezadoras;CARBURADORES;Echo;;Echo PB-251 PB-265L PB- 265LN RB-K85;;;;;;2 Tiempos;Desmalezadora;Carburador;67;grilla;;NUEVO;CARBURADORES - 2 TIEMPOS - DESMALEZADORAS - CHINAS / OTROS
2102875;falta_descripcion_con_foto;Carburadores — Echo;;Desmalezadoras;Desmalezadoras;CARBURADORES;Echo;;;;;;2102875.jpg;media;2 Tiempos;Desmalezadora;Carburador;66;grilla;categoria;;CARBURADORES - 2 TIEMPOS -DESMALEZADORAS - ECHO - REEMPLAZOS
2102880;completo;Tipo Zama SRM GT 22;Tipo Zama SRM GT 22;Desmalezadoras;Desmalezadoras;CARBURADORES;Zama;;Tipo Zama SRM GT 22;;;;2102880.jpg;media;2 Tiempos;Desmalezadora;Carburador;66;grilla;;;CARBURADORES - 2 TIEMPOS -DESMALEZADORAS - ECHO - REEMPLAZOS
2102896;completo;Manómetro detector de pérdidas;Manómetro detector de pérdidas para…;Motosierras;Motosierras;ACCESORIOS;;;Manómetro detector de pérdidas para…;;;;;;2 Tiempos;Desmalezadora;Carburador;142;grilla;;;MOTOSIERRAS - ACCESORIOS
2103001;falta_descripcion_con_foto;Repuestos;;Sistemas de arranque;Sistemas de arranque;REPUESTOS;;;;;;;2103001.jpg;baja;2 Tiempos;Desmalezadora;Kit de cilindros;91;grilla;categoria;;SISTEMA DE ARRANQUE - MOTOSIERRAS - REPUESTOS
2103002;falta_descripcion_con_foto;Kit de cilindros;;Desmalezadoras;Desmalezadoras;Kit de cilindros;;;;;;;2103002.jpg;media;2 Tiempos;Desmalezadora;Kit de cilindros;93;grilla;categoria;;PARTES DE DESMALEZADORAS CHINAS 26CC
2103003;falta_descripcion_con_foto;Kit de cilindros;;Desmalezadoras;Desmalezadoras;Kit de cilindros;;;;;;;2103003.jpg;media;2 Tiempos;Desmalezadora;Kit de cilindros;94;grilla;categoria;;PARTES DE DESMALEZADORAS CHINAS 43CC / 52CC
2103004;falta_descripcion_con_foto;Kit de cilindros;;Desmalezadoras;Desmalezadoras;Kit de cilindros;;;;;;;2103004.jpg;media;2 Tiempos;Desmalezadora;Kit de cilindros;94;grilla;categoria;;PARTES DE DESMALEZADORAS CHINAS 43CC / 52CC
2103005;completo;Conjunto de cilindro 52 cc;Conjunto de cilindro 52 cc para…;Motosierras;Motosierras;CILINDROS COMPLETOS;Husqvarna;;Conjunto de cilindro 52 cc para…;;52 cc;;2103005.jpg;baja;2 Tiempos;Desmalezadora;Kit de cilindros;82;grilla;;NUEVO;CILINDROS COMPLETOS - MOTOSIERRAS - HUSQVARNA - REEMPLAZOS
2103009;completo;EB 260;EB 260;Desmalezadoras;Desmalezadoras;CILINDROS COMPLETOS;Husqvarna;;EB 260;;;;2103009.jpg;media;2 Tiempos;Desmalezadora;Kit de cilindros;83;grilla;;;CILINDROS COMPLETOS - DESMALEZADORAS - HUSQVARNA - REEMPLAZOS
2103010;completo;Kit Cilindro Y Pistón;Kit Cilindro Y Pistón Repl St- FS38/55;Desmalezadoras;Desmalezadoras;Kit de cilindros;Husqvarna;;Kit Cilindro Y Pistón Repl St- FS38/55;;;;2103010.jpg;media;2 Tiempos;Desmalezadora;Kit de cilindros;98;grilla;;;PARTES DE DESMALEZADORAS REEMPLAZO HUSQVARNA 143R
2103011;completo;Kit Cilindro Y Pistón;Kit Cilindro Y Pistón Repl St- FS220 38mm;Desmalezadoras;Desmalezadoras;Kit de cilindros;;;Kit Cilindro Y Pistón Repl St- FS220 38mm;;38mm;;2103011.jpg;media;2 Tiempos;Desmalezadora;Kit de cilindros;104;grilla;;;PARTES DE DESMALEZADORAS REEMPLAZO ST FS160 / 220 / 280
2103012;completo;Kit Cilindro Y Pistón;Kit Cilindro Y Pistón Repl St- FS450;Desmalezadoras;Desmalezadoras;Kit de cilindros;;;Kit Cilindro Y Pistón Repl St- FS450;;;;2103012.jpg;media;2 Tiempos;Desmalezadora;Kit de cilindros;106;grilla;;;PARTES DE DESMALEZADORAS REEMPLAZO ST FS160 / 220 / 280
2103013;falta_descripcion_con_foto;Cilindros completos — Husqvarna;;Motosierras;Motosierras;CILINDROS COMPLETOS;Husqvarna;;;;;;2103013.jpg;media;2 Tiempos;Desmalezadora;Kit de cilindros;80;grilla;categoria;;CILINDROS COMPLETOS - MOTOSIERRAS - HUSQVARNA - REEMPLAZOS
2103014;falta_descripcion_con_foto;Cilindros completos — Husqvarna;;Motosierras;Motosierras;CILINDROS COMPLETOS;Husqvarna;;;;;;2103014.jpg;media;2 Tiempos;Desmalezadora;Kit de cilindros;80;grilla;categoria;;CILINDROS COMPLETOS - MOTOSIERRAS - HUSQVARNA - REEMPLAZOS
2103015;completo;Stihl ST FS160;Stihl ST FS160;Motosierras;Motosierras;CILINDROS COMPLETOS;Stihl;;Stihl ST FS160;;;;2103015.jpg;media;2 Tiempos;Desmalezadora;Kit de cilindros;80;grilla;;;CILINDROS COMPLETOS - MOTOSIERRAS - HUSQVARNA - REEMPLAZOS
2103016;completo;Stihl ST FS220 ECHO;Stihl ST FS220 ECHO;Motosierras;Motosierras;CILINDROS COMPLETOS;Stihl | Echo;;Stihl ST FS220 ECHO;;;;2103016.jpg;media;2 Tiempos;Desmalezadora;Kit de cilindros;80;grilla;;;CILINDROS COMPLETOS - MOTOSIERRAS - HUSQVARNA - REEMPLAZOS
2103021;falta_descripcion_con_foto;Cilindros completos — Husqvarna;;Desmalezadoras;Desmalezadoras;CILINDROS COMPLETOS;Husqvarna;;;;;;2103021.jpg;media;2 Tiempos;Desmalezadora;Kit de cilindros;83;grilla;categoria;;CILINDROS COMPLETOS - DESMALEZADORAS - HUSQVARNA - REEMPLAZOS
2103022;falta_descripcion_con_foto;Cilindros completos — Husqvarna;;Desmalezadoras;Desmalezadoras;CILINDROS COMPLETOS;Husqvarna;;;;;;2103022.jpg;media;2 Tiempos;Desmalezadora;Kit de cilindros;83;grilla;categoria;;CILINDROS COMPLETOS - DESMALEZADORAS - HUSQVARNA - REEMPLAZOS
2103023;completo;Kit Cilindro Y Pistón Block;Kit Cilindro Y Pistón Block Repl Hus-143Rll Repl Hus-143R;Desmalezadoras;Desmalezadoras;Kit de cilindros;Husqvarna;Hus-143Rll | Hus-143R;Kit Cilindro Y Pistón Block Repl Hus-143Rll Repl Hus-143R;;;;2103023.jpg;media;2 Tiempos;Desmalezadora;Kit de cilindros;96;grilla;;;PARTES DE DESMALEZADORAS REEMPLAZO HUSQVARNA 143R
2103030;falta_descripcion_con_foto;Cilindros completos — Husqvarna;;Motosierras;Motosierras;CILINDROS COMPLETOS;Husqvarna;;;;;;2103030.jpg;media;2 Tiempos;Desmalezadora;Kit de cilindros;80;grilla;categoria;;CILINDROS COMPLETOS - MOTOSIERRAS - HUSQVARNA - REEMPLAZOS
2103031;falta_descripcion_con_foto;Cilindros completos — Husqvarna;;Motosierras;Motosierras;CILINDROS COMPLETOS;Husqvarna;;;;;;2103031.jpg;media;2 Tiempos;Desmalezadora;Kit de cilindros;80;grilla;categoria;;CILINDROS COMPLETOS - MOTOSIERRAS - HUSQVARNA - REEMPLAZOS
2103189;completo;"Conjunto de cilindro, 42 mm Oleo Mac 746";"Conjunto de cilindro, 42 mm Oleo Mac 746";Motosierras;Motosierras;CILINDROS COMPLETOS;Oleo Mac;;"Conjunto de cilindro, 42 mm Oleo Mac 746";;42 mm;;2103189.jpg;baja;2 Tiempos;Desmalezadora;Kit de cilindros;82;grilla;;;CILINDROS COMPLETOS - MOTOSIERRAS - HUSQVARNA - REEMPLAZOS
2103190;completo;"Conjunto de cilindro, 40 mm Oleo Mac 740/SP40 Have 42/44";"Conjunto de cilindro, 40 mm Oleo Mac 740/SP40 Have 42/44";Motosierras;Motosierras;CILINDROS COMPLETOS;Oleo Mac;;"Conjunto de cilindro, 40 mm Oleo Mac 740/SP40 Have 42/44";;40 mm;;2103190.jpg;baja;2 Tiempos;Desmalezadora;Kit de cilindros;82;grilla;;NUEVO;CILINDROS COMPLETOS - MOTOSIERRAS - HUSQVARNA - REEMPLAZOS
2103191;completo;"Conjunto de cilindro, 40 mm Oleo Mac BCH40";"Conjunto de cilindro, 40 mm Oleo Mac BCH40";Motosierras;Motosierras;CILINDROS COMPLETOS;Oleo Mac;;"Conjunto de cilindro, 40 mm Oleo Mac BCH40";;40 mm;;2103191.jpg;baja;2 Tiempos;Desmalezadora;Kit de cilindros;82;grilla;;NUEVO;CILINDROS COMPLETOS - MOTOSIERRAS - HUSQVARNA - REEMPLAZOS
2103192;completo;"Conjunto de cilindro, 40 mm Oleo Mac SP42/44/430";"Conjunto de cilindro, 40 mm Oleo Mac SP42/44/430";Motosierras;Motosierras;CILINDROS COMPLETOS;Oleo Mac;;"Conjunto de cilindro, 40 mm Oleo Mac SP42/44/430";;40 mm;;2103192.jpg;baja;2 Tiempos;Desmalezadora;Kit de cilindros;82;grilla;;NUEVO;CILINDROS COMPLETOS - MOTOSIERRAS - HUSQVARNA - REEMPLAZOS
2103193;completo;"Conjunto de cilindro, 32,2 mm Shindaiwa C230";"Conjunto de cilindro, 32,2 mm Shindaiwa C230";Motosierras;Motosierras;CILINDROS COMPLETOS;Shindaiwa;;"Conjunto de cilindro, 32,2 mm Shindaiwa C230";;"32,2 mm";;2103193.jpg;baja;2 Tiempos;Desmalezadora;Kit de cilindros;82;grilla;;NUEVO;CILINDROS COMPLETOS - MOTOSIERRAS - HUSQVARNA - REEMPLAZOS
2103194;completo;"Conjunto de cilindro, 40 mm Shindaiwa B45";"Conjunto de cilindro, 40 mm Shindaiwa B45";Motosierras;Motosierras;CILINDROS COMPLETOS;Shindaiwa;;"Conjunto de cilindro, 40 mm Shindaiwa B45";;40 mm;;2103194.jpg;baja;2 Tiempos;Desmalezadora;Kit de cilindros;82;grilla;;;CILINDROS COMPLETOS - MOTOSIERRAS - HUSQVARNA - REEMPLAZOS
2103195;completo;"Conjunto de cilindro, 36 mm Shindaiwa C35 STIHL";"Conjunto de cilindro, 36 mm Shindaiwa C35 STIHL";Motosierras;Motosierras;CILINDROS COMPLETOS;Stihl | Shindaiwa;;"Conjunto de cilindro, 36 mm Shindaiwa C35 STIHL";;36 mm;;2103195.jpg;baja;2 Tiempos;Desmalezadora;Kit de cilindros;82;grilla;;NUEVO;CILINDROS COMPLETOS - MOTOSIERRAS - HUSQVARNA - REEMPLAZOS
2103196;completo;"Conjunto de cilindro, 40 mm Shindaiwa B450";"Conjunto de cilindro, 40 mm Shindaiwa B450";Motosierras;Motosierras;CILINDROS COMPLETOS;Shindaiwa;;"Conjunto de cilindro, 40 mm Shindaiwa B450";;40 mm;;2103196.jpg;baja;2 Tiempos;Desmalezadora;Kit de cilindros;82;grilla;;NUEVO;CILINDROS COMPLETOS - MOTOSIERRAS - HUSQVARNA - REEMPLAZOS
2103197;completo;Silenciador de escape Stihl FS80/85;Silenciador de escape Stihl FS80/85;Desmalezadoras;;RETENES;Stihl;;Silenciador de escape Stihl FS80/85;;;;;;2 Tiempos;Desmalezadora;Kit de cilindros;123;grilla;;NUEVO;RETENES
2103198;completo;Silenciador de escape Stihl SR(BR)400/420;Silenciador de escape Stihl SR(BR)400/420;Desmalezadoras;Desmalezadoras;Kit de cilindros;Stihl;;Silenciador de escape Stihl SR(BR)400/420;;;;2103198.jpg;baja;2 Tiempos;Desmalezadora;Kit de cilindros;99;grilla;;;PARTES DE DESMALEZADORAS REEMPLAZO ST FS160 / 220 / 280
2103199;falta_descripcion_con_foto;Repuestos;;Sistemas de arranque;Sistemas de arranque;REPUESTOS;;;;;;;2103199.jpg;baja;2 Tiempos;Desmalezadora;Kit de cilindros;91;grilla;categoria;;SISTEMA DE ARRANQUE - MOTOSIERRAS - REPUESTOS
2103200;falta_descripcion_con_foto;Kit de cilindros;;Desmalezadoras;Desmalezadoras;Kit de cilindros;;;;;;;2103200.jpg;media;2 Tiempos;Desmalezadora;Kit de cilindros;93;grilla;categoria;;PARTES DE DESMALEZADORAS CHINAS 26CC
2103201;falta_descripcion_con_foto;Kit de cilindros;;Desmalezadoras;Desmalezadoras;Kit de cilindros;;;;;;;2103201.jpg;baja;2 Tiempos;Desmalezadora;Kit de cilindros;95;grilla;categoria;;PARTES DE DESMALEZADORAS CHINAS 43CC / 52CC
2103203;completo;Escape;Escape Repl St- FS38/55;Desmalezadoras;Desmalezadoras;Kit de cilindros;Husqvarna;;Escape Repl St- FS38/55;;;;2103203.jpg;muy_baja;2 Tiempos;Desmalezadora;Kit de cilindros;98;grilla;;;PARTES DE DESMALEZADORAS REEMPLAZO HUSQVARNA 143R
2103205;completo;Escape;Escape Repl Hus-143R;Desmalezadoras;Desmalezadoras;Kit de cilindros;Husqvarna;Hus-143R;Escape Repl Hus-143R;;;;2103205.jpg;media;2 Tiempos;Desmalezadora;Kit de cilindros;96;grilla;;;PARTES DE DESMALEZADORAS REEMPLAZO HUSQVARNA 143R
2103206;completo;Escape;Escape Repl St- FS450;Desmalezadoras;Desmalezadoras;Kit de cilindros;;;Escape Repl St- FS450;;;;2103206.jpg;muy_baja;2 Tiempos;Desmalezadora;Kit de cilindros;106;grilla;;;PARTES DE DESMALEZADORAS REEMPLAZO ST FS160 / 220 / 280
2103207;completo;Tubo De Escape;Tubo De Escape Repl St- FS450;Desmalezadoras;Desmalezadoras;Kit de cilindros;;;Tubo De Escape Repl St- FS450;;;;2103207.jpg;muy_baja;2 Tiempos;Desmalezadora;Kit de cilindros;106;grilla;;;PARTES DE DESMALEZADORAS REEMPLAZO ST FS160 / 220 / 280
2103208;completo;Escape;Escape Repl St- FS160/220/280;Desmalezadoras;Desmalezadoras;Kit de cilindros;;;Escape Repl St- FS160/220/280;;;;2103208.jpg;muy_baja;2 Tiempos;Desmalezadora;Kit de cilindros;104;grilla;;;PARTES DE DESMALEZADORAS REEMPLAZO ST FS160 / 220 / 280
2103209;completo;Tornillo De Escape;Tornillo De Escape Repl St- FS160/220/280;Desmalezadoras;Desmalezadoras;Kit de cilindros;;;Tornillo De Escape Repl St- FS160/220/280;;;;2103209.jpg;muy_baja;2 Tiempos;Desmalezadora;Kit de cilindros;104;grilla;;;PARTES DE DESMALEZADORAS REEMPLAZO ST FS160 / 220 / 280
2103210;completo;Brida De Admisión;Brida De Admisión Repl St- FS160/220/280;Desmalezadoras;Desmalezadoras;Kit de cilindros;;;Brida De Admisión Repl St- FS160/220/280;;;;2103210.jpg;muy_baja;2 Tiempos;Desmalezadora;Kit de cilindros;105;grilla;;;PARTES DE DESMALEZADORAS REEMPLAZO ST FS160 / 220 / 280
2104010;falta_descripcion_con_foto;Repuestos;;Sistemas de arranque;Sistemas de arranque;REPUESTOS;;;;;;;2104010.jpg;baja;2 Tiempos;Desmalezadora;Kit de pistón;91;grilla;categoria;;SISTEMA DE ARRANQUE - MOTOSIERRAS - REPUESTOS
2104011;falta_descripcion_con_foto;Kit de pistón;;Desmalezadoras;Desmalezadoras;Kit de pistón;;;;;;;2104011.jpg;media;2 Tiempos;Desmalezadora;Kit de pistón;93;grilla;categoria;;PARTES DE DESMALEZADORAS CHINAS 26CC
2104012;falta_descripcion_con_foto;Kit de pistón;;Desmalezadoras;Desmalezadoras;Kit de pistón;;;;;;;2104012.jpg;media;2 Tiempos;Desmalezadora;Kit de pistón;94;grilla;categoria;;PARTES DE DESMALEZADORAS CHINAS 43CC / 52CC
2104013;falta_descripcion_con_foto;Kit de pistón;;Desmalezadoras;Desmalezadoras;Kit de pistón;;;;;;;2104013.jpg;media;2 Tiempos;Desmalezadora;Kit de pistón;94;grilla;categoria;;PARTES DE DESMALEZADORAS CHINAS 43CC / 52CC
2104030;falta_descripcion_con_foto;Pistones y aros — Husqvarna;;Desmalezadoras;Desmalezadoras;PISTONES Y AROS;Husqvarna;;;;;;2104030.jpg;muy_baja;2 Tiempos;Desmalezadora;Kit de pistón;78;grilla;categoria;;PISTONES Y AROS - DESMALEZADORAS REEMPLAZOS
2104031;completo;Kit Pistón Y Aros;Kit Pistón Y Aros Repl St- FS280 40mm;Desmalezadoras;Desmalezadoras;Kit de pistón;;;Kit Pistón Y Aros Repl St- FS280 40mm;;40mm;;2104031.jpg;muy_baja;2 Tiempos;Desmalezadora;Kit de pistón;104;grilla;;;PARTES DE DESMALEZADORAS REEMPLAZO ST FS160 / 220 / 280
2104032;completo;Kit Pistón Y Aro;Kit Pistón Y Aro Repl St- FS450;Desmalezadoras;Desmalezadoras;Kit de pistón;;;Kit Pistón Y Aro Repl St- FS450;;;;2104032.jpg;muy_baja;2 Tiempos;Desmalezadora;Kit de pistón;106;grilla;;;PARTES DE DESMALEZADORAS REEMPLAZO ST FS160 / 220 / 280
2104033;falta_descripcion;Pistones y aros;;Desmalezadoras;Desmalezadoras;PISTONES Y AROS;;;;;;;;;2 Tiempos;Desmalezadora;Kit de pistón;78;grilla;categoria;;PISTONES Y AROS - DESMALEZADORAS REEMPLAZOS
2104034;falta_descripcion;Pistones y aros;;Desmalezadoras;Desmalezadoras;PISTONES Y AROS;;;;;;;;;2 Tiempos;Desmalezadora;Kit de pistón;78;grilla;categoria;;PISTONES Y AROS - DESMALEZADORAS REEMPLAZOS
2104035;completo;Kit Pistón Y Aros;Kit Pistón Y Aros Repl St- FS160 35mm;Desmalezadoras;Desmalezadoras;Kit de pistón;;;Kit Pistón Y Aros Repl St- FS160 35mm;;35mm;;2104035.jpg;muy_baja;2 Tiempos;Desmalezadora;Kit de pistón;102;grilla;;;PARTES DE DESMALEZADORAS REEMPLAZO ST FS38 / FS55
2104036;completo;Kit Cilindro Y Pistón;Kit Cilindro Y Pistón Repl St- FS220 38mm;Desmalezadoras;Desmalezadoras;Kit de pistón;;;Kit Cilindro Y Pistón Repl St- FS220 38mm;;38mm;;2104036.jpg;muy_baja;2 Tiempos;Desmalezadora;Kit de pistón;104;grilla;;;PARTES DE DESMALEZADORAS REEMPLAZO ST FS160 / 220 / 280
2104050;falta_descripcion;Pistones y aros;;Desmalezadoras;Desmalezadoras;PISTONES Y AROS;;;;;;;;;2 Tiempos;Desmalezadora;Kit de pistón;78;grilla;categoria;;PISTONES Y AROS - DESMALEZADORAS REEMPLAZOS
2104051;falta_descripcion;Pistones y aros;;Desmalezadoras;Desmalezadoras;PISTONES Y AROS;;;;;;;;;2 Tiempos;Desmalezadora;Kit de pistón;78;grilla;categoria;;PISTONES Y AROS - DESMALEZADORAS REEMPLAZOS
2104061;falta_descripcion;Pistones y aros;;Desmalezadoras;Desmalezadoras;PISTONES Y AROS;;;;;;;;;2 Tiempos;Desmalezadora;Kit de pistón;78;grilla;categoria;;PISTONES Y AROS - DESMALEZADORAS REEMPLAZOS
2104063;falta_descripcion_con_foto;Pistones y aros — Husqvarna;;Desmalezadoras;Desmalezadoras;PISTONES Y AROS;Husqvarna;;;;;;2104063.jpg;media;2 Tiempos;Desmalezadora;Kit de pistón;78;grilla;categoria;;PISTONES Y AROS - DESMALEZADORAS REEMPLAZOS
2105020;falta_descripcion_con_foto;Repuestos;;Sistemas de arranque;Sistemas de arranque;REPUESTOS;;;;;;;2105020.jpg;baja;2 Tiempos;Desmalezadora;Aros;91;grilla;categoria;;SISTEMA DE ARRANQUE - MOTOSIERRAS - REPUESTOS
2105021;falta_descripcion_con_foto;Aros;;Desmalezadoras;Desmalezadoras;Aros;;;;;;;2105021.jpg;media;2 Tiempos;Desmalezadora;Aros;93;grilla;categoria;;PARTES DE DESMALEZADORAS CHINAS 26CC
2105022;falta_descripcion_con_foto;Aros;;Desmalezadoras;Desmalezadoras;Aros;;;;;;;2105022.jpg;media;2 Tiempos;Desmalezadora;Aros;94;grilla;categoria;;PARTES DE DESMALEZADORAS CHINAS 43CC / 52CC
2105023;falta_descripcion_con_foto;Aros;;Desmalezadoras;Desmalezadoras;Aros;;;;;;;2105023.jpg;media;2 Tiempos;Desmalezadora;Aros;94;grilla;categoria;;PARTES DE DESMALEZADORAS CHINAS 43CC / 52CC
2105024;completo;"Aro de pistón, 34 mm Stihl FS85";"Aro de pistón, 34 mm Stihl FS85";Motosierras;Motosierras;Aros;Stihl;;"Aro de pistón, 34 mm Stihl FS85";;34 mm;;;;2 Tiempos;Desmalezadora;Aros;120;grilla;;;MOTOSIERRAS / AMORTIGUADORES
2105025;completo;"Aro de pistón, 35 mm Stihl FS120";"Aro de pistón, 35 mm Stihl FS120";Motosierras;Motosierras;Aros;Stihl;;"Aro de pistón, 35 mm Stihl FS120";;35 mm;;;;2 Tiempos;Desmalezadora;Aros;120;grilla;;;MOTOSIERRAS / AMORTIGUADORES
2105026;completo;Aros De Pistón;Aros De Pistón Repl St- FS160 35mm;Desmalezadoras;Desmalezadoras;Aros;;;Aros De Pistón Repl St- FS160 35mm;;35mm;;2105026.jpg;muy_baja;2 Tiempos;Desmalezadora;Aros;102;grilla;;;PARTES DE DESMALEZADORAS REEMPLAZO ST FS38 / FS55
2105027;completo;Aros De Pistón;Aros De Pistón Repl St- FS220 38mm;Desmalezadoras;Desmalezadoras;Aros;;;Aros De Pistón Repl St- FS220 38mm;;38mm;;2105027.jpg;muy_baja;2 Tiempos;Desmalezadora;Aros;104;grilla;;;PARTES DE DESMALEZADORAS REEMPLAZO ST FS160 / 220 / 280
2105028;completo;Aros De Pistón;Aros De Pistón Repl St- FS280 40mm;Desmalezadoras;Desmalezadoras;Aros;;;Aros De Pistón Repl St- FS280 40mm;;40mm;;2105028.jpg;muy_baja;2 Tiempos;Desmalezadora;Aros;104;grilla;;;PARTES DE DESMALEZADORAS REEMPLAZO ST FS160 / 220 / 280
2105029;completo;Aros De Pistón;Aros De Pistón Repl St- FS450 42mm;Desmalezadoras;Desmalezadoras;Aros;;;Aros De Pistón Repl St- FS450 42mm;;42mm;;2105029.jpg;muy_baja;2 Tiempos;Desmalezadora;Aros;106;grilla;;;PARTES DE DESMALEZADORAS REEMPLAZO ST FS160 / 220 / 280
2105030;falta_descripcion_con_foto;Aros — Husqvarna;;Desmalezadoras;Desmalezadoras;Aros;Husqvarna;;;;;;2105030.jpg;muy_baja;2 Tiempos;Desmalezadora;Aros;98;grilla;categoria;;PARTES DE DESMALEZADORAS REEMPLAZO HUSQVARNA 143R
2105031;completo;Kit Cilindro Y Pistón Kit De Piston Y Aros Aros De Pistón;Kit Cilindro Y Pistón Kit De Piston Y Aros Aros De Pistón Repl Hus-143R Repl Hus-143R Repl Hus-143R;Desmalezadoras;Desmalezadoras;Aros;Husqvarna;Hus-143R;Kit Cilindro Y Pistón Kit De Piston Y Aros Aros De Pistón Repl Hus-143R Repl Hus-143R Repl Hus-143R;;;;2105031.jpg;media;2 Tiempos;Desmalezadora;Aros;96;grilla;;;PARTES DE DESMALEZADORAS REEMPLAZO HUSQVARNA 143R
2107110;falta_descripcion_con_foto;Repuestos;;Sistemas de arranque;Sistemas de arranque;REPUESTOS;;;;;;;2107110.jpg;baja;2 Tiempos;Desmalezadora;Filtro de aire;91;grilla;categoria;;SISTEMA DE ARRANQUE - MOTOSIERRAS - REPUESTOS
2107111;falta_descripcion_con_foto;Filtro de aire;;Desmalezadoras;Desmalezadoras;Filtro de aire;;;;;;;2107111.jpg;baja;2 Tiempos;Desmalezadora;Filtro de aire;95;grilla;categoria;;PARTES DE DESMALEZADORAS CHINAS 43CC / 52CC
2107112;falta_descripcion_con_foto;Filtro de aire;;Desmalezadoras;Desmalezadoras;Filtro de aire;;;;;;;2107112.jpg;baja;2 Tiempos;Desmalezadora;Filtro de aire;95;grilla;categoria;;PARTES DE DESMALEZADORAS CHINAS 43CC / 52CC
2107118;completo;Tapa de fi ltro de aire Stihl FS120/200/250;Tapa de fi ltro de aire Stihl FS120/200/250;Desmalezadoras;;FILTROS DE AIRE REEMPLAZOS 2T;Stihl;;Tapa de fi ltro de aire Stihl FS120/200/250;;;;;;2 Tiempos;Desmalezadora;Filtro de aire;34;grilla;;NUEVO;FILTROS DE AIRE REEMPLAZOS 2T - STIHL
2107120;completo;Cubre Filtro de Aire Tl33;Cubre Filtro de Aire Tl33;Desmalezadoras;Desmalezadoras;Filtro de aire;;;Cubre Filtro de Aire Tl33;;;;2107120.jpg;media;2 Tiempos;Desmalezadora;Filtro de aire;93;grilla;;;PARTES DE DESMALEZADORAS CHINAS 26CC
2107121;completo;Cubre Filtro de Aire TL43 TL52;Cubre Filtro de Aire TL43 TL52;Desmalezadoras;Desmalezadoras;Filtro de aire;;;Cubre Filtro de Aire TL43 TL52;;;;2107121.jpg;baja;2 Tiempos;Desmalezadora;Filtro de aire;95;grilla;;;PARTES DE DESMALEZADORAS CHINAS 43CC / 52CC
2107122;completo;Cubre Filtro de Aire TL43 TL53;Cubre Filtro de Aire TL43 TL53;Desmalezadoras;Desmalezadoras;Filtro de aire;;;Cubre Filtro de Aire TL43 TL53;;;;2107122.jpg;baja;2 Tiempos;Desmalezadora;Filtro de aire;95;grilla;;;PARTES DE DESMALEZADORAS CHINAS 43CC / 52CC
2107123;falta_descripcion_con_foto;Filtro de aire;;Desmalezadoras;Desmalezadoras;Filtro de aire;;;;;;;2107123.jpg;muy_baja;2 Tiempos;Desmalezadora;Filtro de aire;104;grilla;categoria;;PARTES DE DESMALEZADORAS REEMPLAZO ST FS160 / 220 / 280
2107128;completo;Cobertor De Filtro De Aire;Cobertor De Filtro De Aire Repl St- FS450;Desmalezadoras;Desmalezadoras;Filtro de aire;;;Cobertor De Filtro De Aire Repl St- FS450;;;;2107128.jpg;muy_baja;2 Tiempos;Desmalezadora;Filtro de aire;109;grilla;;;PARTES DE DESMALEZADORAS REEMPLAZO ST FS450
2107132;completo;Filtro De Aire;Filtro De Aire Repl St- FS120/250/450;Desmalezadoras;Desmalezadoras;Filtro de aire;;;Filtro De Aire Repl St- FS120/250/450;;;;2107132.jpg;muy_baja;2 Tiempos;Desmalezadora;Filtro de aire;109;grilla;;;PARTES DE DESMALEZADORAS REEMPLAZO ST FS450
2107133;completo;Cubre Filtro De Aire Filtro De Aire;Cubre Filtro De Aire Filtro De Aire Repl St- FS160/220/280 Repl St- FS160/220/280;Desmalezadoras;Desmalezadoras;Filtro de aire;;;Cubre Filtro De Aire Filtro De Aire Repl St- FS160/220/280 Repl St- FS160/220/280;;;;2107133.jpg;muy_baja;2 Tiempos;Desmalezadora;Filtro de aire;104;grilla;;;PARTES DE DESMALEZADORAS REEMPLAZO ST FS160 / 220 / 280
2107134;completo;Filtro De Aire;Filtro De Aire Repl St- FS160/220/280;Desmalezadoras;Desmalezadoras;Filtro de aire;;;Filtro De Aire Repl St- FS160/220/280;;;;2107134.jpg;muy_baja;2 Tiempos;Desmalezadora;Filtro de aire;104;grilla;;;PARTES DE DESMALEZADORAS REEMPLAZO ST FS160 / 220 / 280
2107135;completo;Filtro de aire Stihl FS161/221/291;Filtro de aire Stihl FS161/221/291;Desmalezadoras;;FILTROS DE AIRE REEMPLAZOS 2T;Stihl;;Filtro de aire Stihl FS161/221/291;;;;;;2 Tiempos;Desmalezadora;Filtro de aire;34;grilla;;NUEVO;FILTROS DE AIRE REEMPLAZOS 2T - STIHL
2107136;completo;Filtrera Completa;Filtrera Completa Repl Hus-143R;Desmalezadoras;Desmalezadoras;Filtro de aire;Husqvarna;Hus-143R;Filtrera Completa Repl Hus-143R;;;;2107136.jpg;media;2 Tiempos;Desmalezadora;Filtro de aire;97;grilla;;;PARTES DE DESMALEZADORAS REEMPLAZO HUSQVARNA 143R
2107137;completo;Filtro de aire Oleo Mac 746/753/755;Filtro de aire Oleo Mac 746/753/755;Desmalezadoras;;OLEOMAC;Oleo Mac;;Filtro de aire Oleo Mac 746/753/755;;;;;;2 Tiempos;Desmalezadora;Filtro de aire;31;grilla;;;FILTROS DE AIRE REEMPLAZO 2T - OLEOMAC
2107138;completo;Filtrera Completa;Filtrera Completa Repl St;Desmalezadoras;Desmalezadoras;Filtro de aire;;;Filtrera Completa Repl St;;;;2107138.jpg;muy_baja;2 Tiempos;Desmalezadora;Filtro de aire;100;grilla;;;PARTES DE DESMALEZADORAS REEMPLAZO ST FS38 / FS55
2107139;completo;Filtrera De Aire Esponja;Filtrera De Aire Esponja Repl St;Desmalezadoras;Desmalezadoras;Filtro de aire;;;Filtrera De Aire Esponja Repl St;;;;2107139.jpg;muy_baja;2 Tiempos;Desmalezadora;Filtro de aire;100;grilla;;;PARTES DE DESMALEZADORAS REEMPLAZO ST FS38 / FS55
2107140;completo;Caja Filtrera Completa;Caja Filtrera Completa Repl St- FS120/250/450;Desmalezadoras;Desmalezadoras;Filtro de aire;;;Caja Filtrera Completa Repl St- FS120/250/450;;;;2107140.jpg;muy_baja;2 Tiempos;Desmalezadora;Filtro de aire;109;grilla;;;PARTES DE DESMALEZADORAS REEMPLAZO ST FS450
2107197;falta_descripcion;Filtros de aire reemplazos 2t — Husqvarna;;Desmalezadoras;;FILTROS DE AIRE REEMPLAZOS 2T;Husqvarna;;;;;;;;2 Tiempos;Desmalezadora;Filtro de aire;33;grilla;categoria;;FILTROS DE AIRE REEMPLAZOS 2T - HUSQVARNA
2109013;completo;Echo SRM-2300 Oleo Mac;Echo SRM-2300 Oleo Mac;Desmalezadoras;;KITS DE JUNTAS Y DIAFRAGMAS;Echo | Oleo Mac;;Echo SRM-2300 Oleo Mac;;;GND-13;2109013.jpg;muy_baja;2 Tiempos;Desmalezadora;Juntas de carburador;46;grilla;;;KITS DE JUNTAS Y DIAFRAGMAS
2109017;completo;Echo SRM-3550 Shibaura SD 23/26/35/45;Echo SRM-3550 Shibaura SD 23/26/35/45;Desmalezadoras;;KITS DE JUNTAS Y DIAFRAGMAS;Echo | Shibaura;;Echo SRM-3550 Shibaura SD 23/26/35/45;;;GND-17;2109017.jpg;muy_baja;2 Tiempos;Desmalezadora;Juntas de carburador;46;grilla;;;KITS DE JUNTAS Y DIAFRAGMAS
2109041;completo;Echo SRM-2305/GT-200/ GT-2150;Echo SRM-2305/GT-200/ GT-2150;Desmalezadoras;;KITS DE JUNTAS Y DIAFRAGMAS;Echo;;Echo SRM-2305/GT-200/ GT-2150;;;GND-41;2109041.jpg;muy_baja;2 Tiempos;Desmalezadora;Juntas de carburador;46;grilla;;;KITS DE JUNTAS Y DIAFRAGMAS
2109055;completo;Stihl FS-38/55/100;Stihl FS-38/55/100;Desmalezadoras;;KITS DE JUNTAS Y DIAFRAGMAS;Stihl;;Stihl FS-38/55/100;;;GND-55;2109055.jpg;baja;2 Tiempos;Desmalezadora;Juntas de carburador;47;grilla;;;KITS DE JUNTAS Y DIAFRAGMAS
2109061;completo;Echo SRM-4300;Echo SRM-4300;Desmalezadoras;;KITS DE JUNTAS Y DIAFRAGMAS;Echo;;Echo SRM-4300;;;GND-61;2109061.jpg;baja;2 Tiempos;Desmalezadora;Juntas de carburador;47;grilla;;;KITS DE JUNTAS Y DIAFRAGMAS
2109088;completo;Stihl BG-56/86;Stihl BG-56/86;Desmalezadoras;;KITS DE JUNTAS Y DIAFRAGMAS;Stihl;;Stihl BG-56/86;;;GND-88;2109088.jpg;baja;2 Tiempos;Desmalezadora;Juntas de carburador;47;grilla;;;KITS DE JUNTAS Y DIAFRAGMAS
2109089;completo;Stihl FS-55;Stihl FS-55;Desmalezadoras;;KITS DE JUNTAS Y DIAFRAGMAS;Stihl;;Stihl FS-55;;;GND-89;2109089.jpg;baja;2 Tiempos;Desmalezadora;Juntas de carburador;47;grilla;;;KITS DE JUNTAS Y DIAFRAGMAS
2109092;completo;Stihl HS-45 / FS-310;Stihl HS-45 / FS-310;Desmalezadoras;;KITS DE JUNTAS Y DIAFRAGMAS;Stihl;;Stihl HS-45 / FS-310;;;GND-92;2109092.jpg;baja;2 Tiempos;Desmalezadora;Juntas de carburador;47;grilla;;;KITS DE JUNTAS Y DIAFRAGMAS
2109093;completo;Stihl BR-500/550/600 Stihl 130R/310;Stihl BR-500/550/600 Stihl 130R/310;Desmalezadoras;;KITS DE JUNTAS Y DIAFRAGMAS;Stihl;;Stihl BR-500/550/600 Stihl 130R/310;;;GND-93;2109093.jpg;baja;2 Tiempos;Desmalezadora;Juntas de carburador;47;grilla;;;KITS DE JUNTAS Y DIAFRAGMAS
2109095;completo;Stihl FS-90;Stihl FS-90;Desmalezadoras;;KITS DE JUNTAS Y DIAFRAGMAS;Stihl;;Stihl FS-90;;;GND-95;2109095.jpg;baja;2 Tiempos;Desmalezadora;Juntas de carburador;47;grilla;;;KITS DE JUNTAS Y DIAFRAGMAS
2109098;completo;Stihl FS-450;Stihl FS-450;Desmalezadoras;;KITS DE JUNTAS Y DIAFRAGMAS;Stihl;;Stihl FS-450;;;GND-98;2109098.jpg;baja;2 Tiempos;Desmalezadora;Juntas de carburador;47;grilla;;;KITS DE JUNTAS Y DIAFRAGMAS
2109107;completo;Stihl FS-94;Stihl FS-94;Desmalezadoras;;KITS DE JUNTAS Y DIAFRAGMAS;Stihl;;Stihl FS-94;;;GND-107;;;2 Tiempos;Desmalezadora;Juntas de carburador;47;grilla;;;KITS DE JUNTAS Y DIAFRAGMAS
2109201;completo;"Echo, Oleo Mac 740 HQV 225R/232R/235R";"Echo, Oleo Mac 740 HQV 225R/232R/235R";Desmalezadoras;;KITS DE JUNTAS Y DIAFRAGMAS;Husqvarna | Oleo Mac;;"Echo, Oleo Mac 740 HQV 225R/232R/235R";;;D20-WAT;2109201.jpg;baja;2 Tiempos;Desmalezadora;Juntas de carburador;48;grilla;;;KITS DE JUNTAS Y DIAFRAGMAS
2109206;completo;Husqvarna 132 Echo RMA HB 212;Husqvarna 132 Echo RMA HB 212;Desmalezadoras;;KITS DE JUNTAS Y DIAFRAGMAS;Husqvarna | Echo;;Husqvarna 132 Echo RMA HB 212;;;D20-WYK;2109206.jpg;baja;2 Tiempos;Desmalezadora;Juntas de carburador;48;grilla;;;KITS DE JUNTAS Y DIAFRAGMAS
2109207;completo;"Stihl FS-360/500/550 MS270, MS-361 BR-320/400/420 Husqvarna 133/371";"Stihl FS-360/500/550 MS270, MS-361 BR-320/400/420 Husqvarna 133/371";Desmalezadoras;;KITS DE JUNTAS Y DIAFRAGMAS;Husqvarna | Stihl;;"Stihl FS-360/500/550 MS270, MS-361 BR-320/400/420 Husqvarna 133/371";;;D10-HD;2109207.jpg;baja;2 Tiempos;Desmalezadora;Juntas de carburador;48;grilla;;;KITS DE JUNTAS Y DIAFRAGMAS
2109212;completo;Echo GT-1100/CS221 Honda UMK 435;Echo GT-1100/CS221 Honda UMK 435;Desmalezadoras;;KITS DE JUNTAS Y DIAFRAGMAS;Echo | Honda;;Echo GT-1100/CS221 Honda UMK 435;;;D11-WYL;2109212.jpg;baja;2 Tiempos;Desmalezadora;Juntas de carburador;48;grilla;;;KITS DE JUNTAS Y DIAFRAGMAS
2109214;completo;"Wacker BS-45/52, Bing 33";"Wacker BS-45/52, Bing 33";Desmalezadoras;;KITS DE JUNTAS Y DIAFRAGMAS;;;"Wacker BS-45/52, Bing 33";;;BS45;2109214.jpg;baja;2 Tiempos;Desmalezadora;Juntas de carburador;48;grilla;;;KITS DE JUNTAS Y DIAFRAGMAS
2109218;completo;Mitsubishi T180/200/240 Carburador Nikki;Mitsubishi T180/200/240 Carburador Nikki;Desmalezadoras;;KITS DE JUNTAS Y DIAFRAGMAS;Mitsubishi | Nikki;;Mitsubishi T180/200/240 Carburador Nikki;;;NK1;2109218.jpg;baja;2 Tiempos;Desmalezadora;Juntas de carburador;48;grilla;;;KITS DE JUNTAS Y DIAFRAGMAS
2109219;completo;Mitsubishi T180/200/240 Maruyama Toro 54/500 Carburador Nikki;Mitsubishi T180/200/240 Maruyama Toro 54/500 Carburador Nikki;Desmalezadoras;;KITS DE JUNTAS Y DIAFRAGMAS;Toro | Mitsubishi | Maruyama | Nikki;;Mitsubishi T180/200/240 Maruyama Toro 54/500 Carburador Nikki;;;NK2;2109219.jpg;baja;2 Tiempos;Desmalezadora;Juntas de carburador;48;grilla;;;KITS DE JUNTAS Y DIAFRAGMAS
2109221;falta_descripcion;Kits de juntas y diafragmas;;Desmalezadoras;;KITS DE JUNTAS Y DIAFRAGMAS;;;;;;;;;2 Tiempos;Desmalezadora;Juntas de carburador;49;grilla;categoria;;KITS DE JUNTAS Y DIAFRAGMAS
2109222;falta_descripcion;Kits de juntas y diafragmas;;Desmalezadoras;;KITS DE JUNTAS Y DIAFRAGMAS;;;;;;;;;2 Tiempos;Desmalezadora;Juntas de carburador;49;grilla;categoria;;KITS DE JUNTAS Y DIAFRAGMAS
2109223;falta_descripcion;Kits de juntas y diafragmas;;Desmalezadoras;;KITS DE JUNTAS Y DIAFRAGMAS;;;;;;;;;2 Tiempos;Desmalezadora;Juntas de carburador;49;grilla;categoria;;KITS DE JUNTAS Y DIAFRAGMAS
2109224;falta_descripcion;Kits de juntas y diafragmas;;Desmalezadoras;;KITS DE JUNTAS Y DIAFRAGMAS;;;;;;;;;2 Tiempos;Desmalezadora;Juntas de carburador;49;grilla;categoria;;KITS DE JUNTAS Y DIAFRAGMAS
2109225;falta_descripcion;Kits de juntas y diafragmas;;Desmalezadoras;;KITS DE JUNTAS Y DIAFRAGMAS;;;;;;;;;2 Tiempos;Desmalezadora;Juntas de carburador;49;grilla;categoria;;KITS DE JUNTAS Y DIAFRAGMAS
2110001;falta_descripcion_con_foto;Juntas de motor;;Juntas de motor;Juntas de motor;Juntas de motor;;;;;;;2110001.jpg;media;2 Tiempos;Desmalezadora;Juntas de motor;56;grilla;categoria;;JUNTAS DE MOTOR 2 TIEMPOS - DESMALEZADORAS
2110002;falta_descripcion_con_foto;Juntas de motor;;Juntas de motor;Juntas de motor;Juntas de motor;;;;;;;2110002.jpg;media;2 Tiempos;Desmalezadora;Juntas de motor;56;grilla;categoria;;JUNTAS DE MOTOR 2 TIEMPOS - DESMALEZADORAS
2110003;falta_descripcion_con_foto;Juntas de motor;;Juntas de motor;Juntas de motor;Juntas de motor;;;;;;;2110003.jpg;media;2 Tiempos;Desmalezadora;Juntas de motor;56;grilla;categoria;;JUNTAS DE MOTOR 2 TIEMPOS - DESMALEZADORAS
2110004;falta_descripcion_con_foto;Juntas de motor;;Juntas de motor;Juntas de motor;Juntas de motor;;;;;;;2110004.jpg;media;2 Tiempos;Desmalezadora;Juntas de motor;56;grilla;categoria;;JUNTAS DE MOTOR 2 TIEMPOS - DESMALEZADORAS
2110005;falta_descripcion_con_foto;Juntas de motor;;Juntas de motor;Juntas de motor;Juntas de motor;;;;;;;2110005.jpg;media;2 Tiempos;Desmalezadora;Juntas de motor;56;grilla;categoria;;JUNTAS DE MOTOR 2 TIEMPOS - DESMALEZADORAS
2110006;falta_descripcion_con_foto;Juntas de motor;;Juntas de motor;Juntas de motor;Juntas de motor;;;;;;;2110006.jpg;media;2 Tiempos;Desmalezadora;Juntas de motor;56;grilla;categoria;;JUNTAS DE MOTOR 2 TIEMPOS - DESMALEZADORAS
2110007;falta_descripcion_con_foto;Juntas de motor;;Juntas de motor;Juntas de motor;Juntas de motor;;;;;;;2110007.jpg;media;2 Tiempos;Desmalezadora;Juntas de motor;56;grilla;categoria;;JUNTAS DE MOTOR 2 TIEMPOS - DESMALEZADORAS
2110008;falta_descripcion_con_foto;Juntas de motor;;Juntas de motor;Juntas de motor;Juntas de motor;;;;;;;2110008.jpg;media;2 Tiempos;Desmalezadora;Juntas de motor;56;grilla;categoria;;JUNTAS DE MOTOR 2 TIEMPOS - DESMALEZADORAS
2110009;falta_descripcion_con_foto;Juntas de motor;;Juntas de motor;Juntas de motor;Juntas de motor;;;;;;;2110009.jpg;media;2 Tiempos;Desmalezadora;Juntas de motor;56;grilla;categoria;;JUNTAS DE MOTOR 2 TIEMPOS - DESMALEZADORAS
2110010;falta_descripcion_con_foto;Juntas de motor;;Juntas de motor;Juntas de motor;Juntas de motor;;;;;;;2110010.jpg;media;2 Tiempos;Desmalezadora;Juntas de motor;56;grilla;categoria;;JUNTAS DE MOTOR 2 TIEMPOS - DESMALEZADORAS
2110011;falta_descripcion_con_foto;Juntas de motor;;Juntas de motor;Juntas de motor;Juntas de motor;;;;;;;2110011.jpg;media;2 Tiempos;Desmalezadora;Juntas de motor;56;grilla;categoria;;JUNTAS DE MOTOR 2 TIEMPOS - DESMALEZADORAS
2110012;falta_descripcion_con_foto;Juntas de motor;;Juntas de motor;Juntas de motor;Juntas de motor;;;;;;;2110012.jpg;media;2 Tiempos;Desmalezadora;Juntas de motor;56;grilla;categoria;;JUNTAS DE MOTOR 2 TIEMPOS - DESMALEZADORAS
2110013;falta_descripcion_con_foto;Juntas de motor;;Juntas de motor;Juntas de motor;Juntas de motor;;;;;;;2110013.jpg;media;2 Tiempos;Desmalezadora;Juntas de motor;56;grilla;categoria;;JUNTAS DE MOTOR 2 TIEMPOS - DESMALEZADORAS
2110014;falta_descripcion_con_foto;Juntas de motor;;Juntas de motor;Juntas de motor;Juntas de motor;;;;;;;2110014.jpg;media;2 Tiempos;Desmalezadora;Juntas de motor;56;grilla;categoria;;JUNTAS DE MOTOR 2 TIEMPOS - DESMALEZADORAS
2110015;falta_descripcion_con_foto;Juntas de motor;;Juntas de motor;Juntas de motor;Juntas de motor;;;;;;;2110015.jpg;media;2 Tiempos;Desmalezadora;Juntas de motor;56;grilla;categoria;;JUNTAS DE MOTOR 2 TIEMPOS - DESMALEZADORAS
2110016;completo;Junta De Admisión;Junta De Admisión Repl St- FS38/55;Desmalezadoras;Desmalezadoras;Juntas de motor;;;Junta De Admisión Repl St- FS38/55;;;;2110016.jpg;baja;2 Tiempos;Desmalezadora;Juntas de motor;100;grilla;;;PARTES DE DESMALEZADORAS REEMPLAZO ST FS38 / FS55
2110017;falta_descripcion_con_foto;Juntas de motor — Echo;;Juntas de motor;Juntas de motor;Juntas de motor;Echo;;;;;;2110017.jpg;baja;2 Tiempos;Desmalezadora;Juntas de motor;57;grilla;categoria;;JUNTAS DE MOTOR 2 TIEMPOS - DESMALEZADORA ECHO
2110018;completo;STIHL;STIHL;Juntas de motor;Juntas de motor;Juntas de motor;Stihl;;STIHL;;;;2110018.jpg;baja;2 Tiempos;Desmalezadora;Juntas de motor;57;grilla;;;JUNTAS DE MOTOR 2 TIEMPOS - DESMALEZADORA ECHO
2110019;falta_descripcion_con_foto;Juntas de motor — Echo;;Juntas de motor;Juntas de motor;Juntas de motor;Echo;;;;;;2110019.jpg;baja;2 Tiempos;Desmalezadora;Juntas de motor;57;grilla;categoria;;JUNTAS DE MOTOR 2 TIEMPOS - DESMALEZADORA ECHO
2110020;falta_descripcion_con_foto;Juntas de motor — Echo;;Juntas de motor;Juntas de motor;Juntas de motor;Echo;;;;;;2110020.jpg;baja;2 Tiempos;Desmalezadora;Juntas de motor;57;grilla;categoria;;JUNTAS DE MOTOR 2 TIEMPOS - DESMALEZADORA ECHO
2110021;falta_descripcion_con_foto;Juntas de motor — Echo;;Juntas de motor;Juntas de motor;Juntas de motor;Echo;;;;;;2110021.jpg;baja;2 Tiempos;Desmalezadora;Juntas de motor;57;grilla;categoria;;JUNTAS DE MOTOR 2 TIEMPOS - DESMALEZADORA ECHO
2110022;falta_descripcion_con_foto;Juntas de motor — Echo;;Juntas de motor;Juntas de motor;Juntas de motor;Echo;;;;;;2110022.jpg;baja;2 Tiempos;Desmalezadora;Juntas de motor;57;grilla;categoria;;JUNTAS DE MOTOR 2 TIEMPOS - DESMALEZADORA ECHO
2110023;falta_descripcion_con_foto;Juntas de motor — Echo;;Juntas de motor;Juntas de motor;Juntas de motor;Echo;;;;;;2110023.jpg;baja;2 Tiempos;Desmalezadora;Juntas de motor;57;grilla;categoria;;JUNTAS DE MOTOR 2 TIEMPOS - DESMALEZADORA ECHO
2110024;falta_descripcion_con_foto;Juntas de motor — Echo;;Juntas de motor;Juntas de motor;Juntas de motor;Echo;;;;;;2110024.jpg;baja;2 Tiempos;Desmalezadora;Juntas de motor;57;grilla;categoria;;JUNTAS DE MOTOR 2 TIEMPOS - DESMALEZADORA ECHO
2110025;completo;Junta Base De Cilindro;Junta Base De Cilindro Repl St- FS38/55;Desmalezadoras;Desmalezadoras;Juntas de motor;;;Junta Base De Cilindro Repl St- FS38/55;;;;2110025.jpg;baja;2 Tiempos;Desmalezadora;Juntas de motor;100;grilla;;;PARTES DE DESMALEZADORAS REEMPLAZO ST FS38 / FS55
2110026;completo;Junta Base De Carburador;Junta Base De Carburador Repl St- FS38/55;Desmalezadoras;Desmalezadoras;Juntas de motor;;;Junta Base De Carburador Repl St- FS38/55;;;;2110026.jpg;baja;2 Tiempos;Desmalezadora;Juntas de motor;100;grilla;;;PARTES DE DESMALEZADORAS REEMPLAZO ST FS38 / FS55
2110027;completo;Junta De Escape;Junta De Escape Repl St- FS38/55;Desmalezadoras;Desmalezadoras;Juntas de motor;;;Junta De Escape Repl St- FS38/55;;;;2110027.jpg;baja;2 Tiempos;Desmalezadora;Juntas de motor;100;grilla;;;PARTES DE DESMALEZADORAS REEMPLAZO ST FS38 / FS55
2110029;falta_descripcion_con_foto;Juntas de motor — Echo;;Juntas de motor;Juntas de motor;Juntas de motor;Echo;;;;;;2110029.jpg;baja;2 Tiempos;Desmalezadora;Juntas de motor;57;grilla;categoria;;JUNTAS DE MOTOR 2 TIEMPOS - DESMALEZADORA ECHO
2110040;completo;Junta Base Carburador;Junta Base Carburador Repl Hus-143R;Desmalezadoras;Desmalezadoras;Juntas de motor;Husqvarna;Hus-143R;Junta Base Carburador Repl Hus-143R;;;;2110040.jpg;media;2 Tiempos;Desmalezadora;Juntas de motor;96;grilla;;;PARTES DE DESMALEZADORAS REEMPLAZO HUSQVARNA 143R
2110041;completo;Junta Base De Cilindro;Junta Base De Cilindro Repl Hus-143R;Desmalezadoras;Desmalezadoras;Juntas de motor;Husqvarna;Hus-143R;Junta Base De Cilindro Repl Hus-143R;;;;2110041.jpg;media;2 Tiempos;Desmalezadora;Juntas de motor;96;grilla;;;PARTES DE DESMALEZADORAS REEMPLAZO HUSQVARNA 143R
2110042;completo;Junta De Escape;Junta De Escape Repl Hus-143R;Desmalezadoras;Desmalezadoras;Juntas de motor;Husqvarna;Hus-143R;Junta De Escape Repl Hus-143R;;;;2110042.jpg;media;2 Tiempos;Desmalezadora;Juntas de motor;96;grilla;;;PARTES DE DESMALEZADORAS REEMPLAZO HUSQVARNA 143R
2110043;completo;Repl De Carter;Repl De Carter Repl Hus-143R;Desmalezadoras;Desmalezadoras;Juntas de motor;Husqvarna;Hus-143R;Repl De Carter Repl Hus-143R;;;;2110043.jpg;media;2 Tiempos;Desmalezadora;Juntas de motor;96;grilla;;;PARTES DE DESMALEZADORAS REEMPLAZO HUSQVARNA 143R
2110044;completo;Repl Admisión;Repl Admisión Repl Hus-143R;Desmalezadoras;Desmalezadoras;Juntas de motor;Husqvarna;Hus-143R;Repl Admisión Repl Hus-143R;;;;2110044.jpg;media;2 Tiempos;Desmalezadora;Juntas de motor;97;grilla;;;PARTES DE DESMALEZADORAS REEMPLAZO HUSQVARNA 143R
2110055;completo;Kit De Juntas Motor 33CC;Kit De Juntas Motor 33CC;Juntas de motor;Juntas de motor;Juntas de motor;;;Kit De Juntas Motor 33CC;;33CC;;2110055.jpg;media;2 Tiempos;Desmalezadora;Juntas de motor;56;grilla;;;JUNTAS DE MOTOR 2 TIEMPOS - DESMALEZADORAS
2110056;completo;Kit De Juntas Motor 43CC 52CC;Kit De Juntas Motor 43CC 52CC;Juntas de motor;Juntas de motor;Juntas de motor;;;Kit De Juntas Motor 43CC 52CC;;43CC | 52CC;;2110056.jpg;media;2 Tiempos;Desmalezadora;Juntas de motor;56;grilla;;;JUNTAS DE MOTOR 2 TIEMPOS - DESMALEZADORAS
2110058;completo;Kit De Juntas;Kit De Juntas REPL ST FS160/280;Juntas de motor;Juntas de motor;Juntas de motor;Echo;;Kit De Juntas REPL ST FS160/280;;;;2110058.jpg;baja;2 Tiempos;Desmalezadora;Juntas de motor;57;grilla;;;JUNTAS DE MOTOR 2 TIEMPOS - DESMALEZADORA ECHO
2110059;completo;Kit De Juntas;Kit De Juntas REPL ST FS 120/250;Juntas de motor;Juntas de motor;Juntas de motor;Echo;;Kit De Juntas REPL ST FS 120/250;;;;2110059.jpg;baja;2 Tiempos;Desmalezadora;Juntas de motor;57;grilla;;;JUNTAS DE MOTOR 2 TIEMPOS - DESMALEZADORA ECHO
2110060;completo;Kit De Juntas FS450;Kit De Juntas FS450;Juntas de motor;Juntas de motor;Juntas de motor;Echo;;Kit De Juntas FS450;;;;2110060.jpg;baja;2 Tiempos;Desmalezadora;Juntas de motor;57;grilla;;;JUNTAS DE MOTOR 2 TIEMPOS - DESMALEZADORA ECHO
2110061;completo;Kit De Juntas;Kit De Juntas REPL ST FS55;Juntas de motor;Juntas de motor;Juntas de motor;Echo;;Kit De Juntas REPL ST FS55;;;;2110061.jpg;baja;2 Tiempos;Desmalezadora;Juntas de motor;57;grilla;;;JUNTAS DE MOTOR 2 TIEMPOS - DESMALEZADORA ECHO
2110062;completo;Kit De Juntas;Kit De Juntas REPL ST FS85;Juntas de motor;Juntas de motor;Juntas de motor;Echo;;Kit De Juntas REPL ST FS85;;;;2110062.jpg;baja;2 Tiempos;Desmalezadora;Juntas de motor;57;grilla;;;JUNTAS DE MOTOR 2 TIEMPOS - DESMALEZADORA ECHO
2110069;completo;Kit de Juntas Motor 26cc;Kit de Juntas Motor 26cc;Juntas de motor;Juntas de motor;Juntas de motor;;;Kit de Juntas Motor 26cc;;26cc;;2110069.jpg;media;2 Tiempos;Desmalezadora;Juntas de motor;56;grilla;;;JUNTAS DE MOTOR 2 TIEMPOS - DESMALEZADORAS
2110074;completo;Kit Junta De Motor;Kit Junta De Motor REPL HUS 236;Juntas de motor;Juntas de motor;Juntas de motor;Stihl;;Kit Junta De Motor REPL HUS 236;;;;2110074.jpg;media;2 Tiempos;Desmalezadora;Juntas de motor;59;grilla;;;JUNTAS DE MOTOR REPL - MOTOSIERRAS STIHL
2112061;falta_descripcion_con_foto;Repuestos;;Sistemas de arranque;Sistemas de arranque;REPUESTOS;;;;;;;2112061.jpg;baja;2 Tiempos;Desmalezadora;Embragues / campanas / resortes;91;grilla;categoria;;SISTEMA DE ARRANQUE - MOTOSIERRAS - REPUESTOS
2112062;falta_descripcion_con_foto;Embragues / campanas / resortes;;Desmalezadoras;Desmalezadoras;Embragues / campanas / resortes;;;;;;;2112062.jpg;media;2 Tiempos;Desmalezadora;Embragues / campanas / resortes;94;grilla;categoria;;PARTES DE DESMALEZADORAS CHINAS 43CC / 52CC
2112063;falta_descripcion_con_foto;Repuestos;;Sistemas de arranque;Sistemas de arranque;REPUESTOS;;;;;;;2112063.jpg;baja;2 Tiempos;Desmalezadora;Embragues / campanas / resortes;91;grilla;categoria;;SISTEMA DE ARRANQUE - MOTOSIERRAS - REPUESTOS
2112064;falta_descripcion_con_foto;Embragues / campanas / resortes;;Desmalezadoras;Desmalezadoras;Embragues / campanas / resortes;;;;;;;2112064.jpg;media;2 Tiempos;Desmalezadora;Embragues / campanas / resortes;94;grilla;categoria;;PARTES DE DESMALEZADORAS CHINAS 43CC / 52CC
2112065;falta_descripcion_con_foto;Repuestos;;Sistemas de arranque;Sistemas de arranque;REPUESTOS;;;;;;;2112065.jpg;baja;2 Tiempos;Desmalezadora;Embragues / campanas / resortes;91;grilla;categoria;;SISTEMA DE ARRANQUE - MOTOSIERRAS - REPUESTOS
2112066;completo;7 Estrias;7 Estrias;Desmalezadoras;Desmalezadoras;Embragues / campanas / resortes;;;7 Estrias;;;;2112066.jpg;media;2 Tiempos;Desmalezadora;Embragues / campanas / resortes;94;grilla;;;PARTES DE DESMALEZADORAS CHINAS 43CC / 52CC
2112067;falta_descripcion_con_foto;Embragues / campanas / resortes;;Desmalezadoras;Desmalezadoras;Embragues / campanas / resortes;;;;;;;2112067.jpg;media;2 Tiempos;Desmalezadora;Embragues / campanas / resortes;94;grilla;categoria;;PARTES DE DESMALEZADORAS CHINAS 43CC / 52CC
2112068;falta_descripcion_con_foto;Embragues / campanas / resortes;;Desmalezadoras;Desmalezadoras;Embragues / campanas / resortes;;;;;;;2112068.jpg;media;2 Tiempos;Desmalezadora;Embragues / campanas / resortes;94;grilla;categoria;;PARTES DE DESMALEZADORAS CHINAS 43CC / 52CC
2112075;completo;Resorte De Embrague TL33/43/52;Resorte De Embrague TL33/43/52;Desmalezadoras;;EMBRAGUES;;;Resorte De Embrague TL33/43/52;;;;2112075.jpg;media;2 Tiempos;Desmalezadora;Embragues / campanas / resortes;125;grilla;;;EMBRAGUES
2112076;completo;Resorte De Embrague ST-FS160/220/280;Resorte De Embrague ST-FS160/220/280;Desmalezadoras;;EMBRAGUES;;;Resorte De Embrague ST-FS160/220/280;;;;2112076.jpg;muy_baja;2 Tiempos;Desmalezadora;Embragues / campanas / resortes;125;grilla;;;EMBRAGUES
2112077;completo;Campana Embrague ST-FS160/220/280;Campana Embrague ST-FS160/220/280;Desmalezadoras;;CAMPANA DE EMBRAGUE;;;Campana Embrague ST-FS160/220/280;;;;2112077.jpg;baja;2 Tiempos;Desmalezadora;Embragues / campanas / resortes;131;grilla;;;CAMPANA DE EMBRAGUE
2112078;completo;Campana De Embrague;Campana De Embrague Repl St- FS450;Desmalezadoras;Desmalezadoras;Embragues / campanas / resortes;;;Campana De Embrague Repl St- FS450;;;;2112078.jpg;muy_baja;2 Tiempos;Desmalezadora;Embragues / campanas / resortes;109;grilla;;;PARTES DE DESMALEZADORAS REEMPLAZO ST FS450
2112080;completo;Campana Embrague ST FS38/55;Campana Embrague ST FS38/55;Desmalezadoras;;CAMPANA DE EMBRAGUE;;;Campana Embrague ST FS38/55;;;;2112080.jpg;muy_baja;2 Tiempos;Desmalezadora;Embragues / campanas / resortes;131;grilla;;;CAMPANA DE EMBRAGUE
2112081;completo;Campana Embrague FS120/200/250;Campana Embrague FS120/200/250;Desmalezadoras;;CAMPANA DE EMBRAGUE;;;Campana Embrague FS120/200/250;;;;2112081.jpg;baja;2 Tiempos;Desmalezadora;Embragues / campanas / resortes;131;grilla;;;CAMPANA DE EMBRAGUE
2112084;completo;Embrague;Embrague Repl St- FS38/55;Desmalezadoras;Desmalezadoras;Embragues / campanas / resortes;;;Embrague Repl St- FS38/55;;;;2112084.jpg;muy_baja;2 Tiempos;Desmalezadora;Embragues / campanas / resortes;100;grilla;;;PARTES DE DESMALEZADORAS REEMPLAZO ST FS38 / FS55
2112085;completo;Embrague;Embrague Repl St- FS450;Desmalezadoras;Desmalezadoras;Embragues / campanas / resortes;;;Embrague Repl St- FS450;;;;2112085.jpg;muy_baja;2 Tiempos;Desmalezadora;Embragues / campanas / resortes;109;grilla;;;PARTES DE DESMALEZADORAS REEMPLAZO ST FS450
2112086;completo;Embrague Resorte De Embrague Caja De Embrague;Embrague Resorte De Embrague Caja De Embrague Repl St- FS160/220/280 Repl St- FS160/220/280 Repl St- FS160/220/280;Desmalezadoras;Desmalezadoras;Embragues / campanas / resortes;;;Embrague Resorte De Embrague Caja De Embrague Repl St- FS160/220/280 Repl St- FS160/220/280 Repl St- FS160/220/280;;;;2112086.jpg;muy_baja;2 Tiempos;Desmalezadora;Embragues / campanas / resortes;104;grilla;;;PARTES DE DESMALEZADORAS REEMPLAZO ST FS160 / 220 / 280
2112098;completo;Tornillo De Escape;Tornillo De Escape Repl St- FS38/55;Desmalezadoras;Desmalezadoras;Embragues / campanas / resortes;;;Tornillo De Escape Repl St- FS38/55;;;;2112098.jpg;muy_baja;2 Tiempos;Desmalezadora;Embragues / campanas / resortes;100;grilla;;;PARTES DE DESMALEZADORAS REEMPLAZO ST FS38 / FS55
2112100;completo;Resorte De Embrague;Resorte De Embrague Repl St- FS120/250/450;Desmalezadoras;Desmalezadoras;Embragues / campanas / resortes;;;Resorte De Embrague Repl St- FS120/250/450;;;;2112100.jpg;muy_baja;2 Tiempos;Desmalezadora;Embragues / campanas / resortes;109;grilla;;;PARTES DE DESMALEZADORAS REEMPLAZO ST FS450
2112101;falta_descripcion_con_foto;Embragues / campanas / resortes — Husqvarna;;Desmalezadoras;Desmalezadoras;Embragues / campanas / resortes;Husqvarna;;;;;;2112101.jpg;media;2 Tiempos;Desmalezadora;Embragues / campanas / resortes;97;grilla;categoria;;PARTES DE DESMALEZADORAS REEMPLAZO HUSQVARNA 143R
2112102;falta_descripcion_con_foto;Embragues / campanas / resortes — Husqvarna;;Desmalezadoras;Desmalezadoras;Embragues / campanas / resortes;Husqvarna;;;;;;2112102.jpg;media;2 Tiempos;Desmalezadora;Embragues / campanas / resortes;97;grilla;categoria;;PARTES DE DESMALEZADORAS REEMPLAZO HUSQVARNA 143R
2112103;completo;Caja De Embrague;Caja De Embrague Repl Hus-143R;Desmalezadoras;Desmalezadoras;Embragues / campanas / resortes;Husqvarna;Hus-143R;Caja De Embrague Repl Hus-143R;;;;2112103.jpg;media;2 Tiempos;Desmalezadora;Embragues / campanas / resortes;97;grilla;;;PARTES DE DESMALEZADORAS REEMPLAZO HUSQVARNA 143R
2112104;completo;Volante Magnético Bobina De Ignición Embrague Tornillo Campana De…;Volante Magnético Bobina De Ignición Embrague Tornillo Campana De Embrague Repl Hus-143R Repl Hus-143R Repl Hus-143R Repl Hus-143R Repl Hus-143R;Desmalezadoras;Desmalezadoras;Embragues / campanas / resortes;Husqvarna;Hus-143R;Volante Magnético Bobina De Ignición Embrague Tornillo Campana De Embrague Repl Hus-143R Repl Hus-143R Repl Hus-143R Repl Hus-143R Repl Hus-143R;;;;2112104.jpg;media;2 Tiempos;Desmalezadora;Embragues / campanas / resortes;97;grilla;;;PARTES DE DESMALEZADORAS REEMPLAZO HUSQVARNA 143R
2112105;completo;Campana De Embrague Resorte De Embrague;Campana De Embrague Resorte De Embrague Repl St- FS38/55 Repl St- FS38/55;Desmalezadoras;Desmalezadoras;Embragues / campanas / resortes;;;Campana De Embrague Resorte De Embrague Repl St- FS38/55 Repl St- FS38/55;;;;2112105.jpg;muy_baja;2 Tiempos;Desmalezadora;Embragues / campanas / resortes;100;grilla;;;PARTES DE DESMALEZADORAS REEMPLAZO ST FS38 / FS55
2112106;completo;Conjunto de embrague Stihl FS80/85;Conjunto de embrague Stihl FS80/85;Desmalezadoras;Desmalezadoras;Embragues / campanas / resortes;Stihl;;Conjunto de embrague Stihl FS80/85;;;;2112106.jpg;media;2 Tiempos;Desmalezadora;Embragues / campanas / resortes;103;grilla;;;PARTES DE DESMALEZADORAS REEMPLAZO ST FS38 / FS55
2112107;completo;Resorte de embrague Husqvarna 61/268/365/372;Resorte de embrague Husqvarna 61/268/365/372;Desmalezadoras;Desmalezadoras;Embragues / campanas / resortes;Husqvarna;;Resorte de embrague Husqvarna 61/268/365/372;;;;2112107.jpg;media;2 Tiempos;Desmalezadora;Embragues / campanas / resortes;103;grilla;;;PARTES DE DESMALEZADORAS REEMPLAZO ST FS38 / FS55
2112108;completo;Campana de embrague Echo ECHO-SRM4605;Campana de embrague Echo ECHO-SRM4605;Desmalezadoras;Desmalezadoras;Embragues / campanas / resortes;Echo;;Campana de embrague Echo ECHO-SRM4605;;;;2112108.jpg;baja;2 Tiempos;Desmalezadora;Embragues / campanas / resortes;99;grilla;;;PARTES DE DESMALEZADORAS REEMPLAZO ST FS160 / 220 / 280
2112109;falta_descripcion_con_foto;Embragues / campanas / resortes;;Desmalezadoras;Desmalezadoras;Embragues / campanas / resortes;;;;;;;2112109.jpg;muy_baja;2 Tiempos;Desmalezadora;Embragues / campanas / resortes;104;grilla;categoria;;PARTES DE DESMALEZADORAS REEMPLAZO ST FS160 / 220 / 280
2112110;completo;Caja De Embrague;Caja De Embrague Repl St- FS450;Desmalezadoras;Desmalezadoras;Embragues / campanas / resortes;;;Caja De Embrague Repl St- FS450;;;;2112110.jpg;muy_baja;2 Tiempos;Desmalezadora;Embragues / campanas / resortes;109;grilla;;;PARTES DE DESMALEZADORAS REEMPLAZO ST FS450
2113020;falta_descripcion_con_foto;Caja de engranaje;;Desmalezadoras;Desmalezadoras;Caja de engranaje;;;;;;;2113020.jpg;media;2 Tiempos;Desmalezadora;Caja de engranaje;94;grilla;categoria;;PARTES DE DESMALEZADORAS CHINAS 43CC / 52CC
2113021;falta_descripcion_con_foto;Caja de engranaje;;Desmalezadoras;Desmalezadoras;Caja de engranaje;;;;;;;2113021.jpg;media;2 Tiempos;Desmalezadora;Caja de engranaje;94;grilla;categoria;;PARTES DE DESMALEZADORAS CHINAS 43CC / 52CC
2113024;completo;Caja Engranajes 26mm Centro Cuadrado;Caja Engranajes 26mm Centro Cuadrado;Desmalezadoras;Desmalezadoras;C ABLES ACELERADOR;;;Caja Engranajes 26mm Centro Cuadrado;;26mm;;2113024.jpg;muy_baja;2 Tiempos;Desmalezadora;Caja de engranaje;112;grilla;;;DESMALEZADORAS - C ABLES ACELERADOR - REEMPLAZOS
2113025;completo;Caja Engranajes 7 Estrias 26MM;Caja Engranajes 7 Estrias 26MM;Desmalezadoras;Desmalezadoras;C ABLES ACELERADOR;;;Caja Engranajes 7 Estrias 26MM;;26MM;;2113025.jpg;muy_baja;2 Tiempos;Desmalezadora;Caja de engranaje;112;grilla;;;DESMALEZADORAS - C ABLES ACELERADOR - REEMPLAZOS
2113026;completo;Caja Engranajes 9 Estrias 26MM;Caja Engranajes 9 Estrias 26MM;Desmalezadoras;Desmalezadoras;C ABLES ACELERADOR;;;Caja Engranajes 9 Estrias 26MM;;26MM;;2113026.jpg;muy_baja;2 Tiempos;Desmalezadora;Caja de engranaje;112;grilla;;;DESMALEZADORAS - C ABLES ACELERADOR - REEMPLAZOS
2113027;completo;Caja Engranajes 7 Estrias 28MM;Caja Engranajes 7 Estrias 28MM;Desmalezadoras;Desmalezadoras;C ABLES ACELERADOR;;;Caja Engranajes 7 Estrias 28MM;;28MM;;2113027.jpg;muy_baja;2 Tiempos;Desmalezadora;Caja de engranaje;112;grilla;;;DESMALEZADORAS - C ABLES ACELERADOR - REEMPLAZOS
2113028;completo;Caja Engranajes 9 Estrias 28MM;Caja Engranajes 9 Estrias 28MM;Desmalezadoras;Desmalezadoras;C ABLES ACELERADOR;;;Caja Engranajes 9 Estrias 28MM;;28MM;;2113028.jpg;muy_baja;2 Tiempos;Desmalezadora;Caja de engranaje;112;grilla;;;DESMALEZADORAS - C ABLES ACELERADOR - REEMPLAZOS
2113029;completo;Caja de Engranaje FS 120-200-250;Caja de Engranaje FS 120-200-250;Desmalezadoras;Desmalezadoras;C ABLES ACELERADOR;;;Caja de Engranaje FS 120-200-250;;;;;;2 Tiempos;Desmalezadora;Caja de engranaje;112;grilla;;;DESMALEZADORAS - C ABLES ACELERADOR - REEMPLAZOS
2113030;completo;Caja De Engranajes;Caja De Engranajes Repl St- FS160/220/280;Desmalezadoras;Desmalezadoras;Caja de engranaje;;;Caja De Engranajes Repl St- FS160/220/280;;;;2113030.jpg;muy_baja;2 Tiempos;Desmalezadora;Caja de engranaje;105;grilla;;;PARTES DE DESMALEZADORAS REEMPLAZO ST FS160 / 220 / 280
2113031;falta_descripcion;C ables acelerador;;Desmalezadoras;Desmalezadoras;C ABLES ACELERADOR;;;;;;;;;2 Tiempos;Desmalezadora;Caja de engranaje;112;grilla;categoria;;DESMALEZADORAS - C ABLES ACELERADOR - REEMPLAZOS
2113032;falta_descripcion_con_foto;Caja de engranaje;;Desmalezadoras;Desmalezadoras;Caja de engranaje;;;;;;;2113032.jpg;muy_baja;2 Tiempos;Desmalezadora;Caja de engranaje;101;grilla;categoria;;PARTES DE DESMALEZADORAS REEMPLAZO ST FS38 / FS55
2113033;completo;Caja De Engranajes;Caja De Engranajes Repl St;Desmalezadoras;Desmalezadoras;Caja de engranaje;;;Caja De Engranajes Repl St;;;;2113033.jpg;muy_baja;2 Tiempos;Desmalezadora;Caja de engranaje;101;grilla;;;PARTES DE DESMALEZADORAS REEMPLAZO ST FS38 / FS55
2113034;completo;Caja de Engranaje ST-FS 450/480;Caja de Engranaje ST-FS 450/480;Desmalezadoras;Desmalezadoras;CAJAS DE ENGRANAJES;;;Caja de Engranaje ST-FS 450/480;;;;2113034.jpg;media;2 Tiempos;Desmalezadora;Caja de engranaje;113;grilla;;;DESMALEZADORAS - CAJAS DE ENGRANAJES - REEMPLAZOS
2113035;completo;Manillar Agarre Izquierdo Cardan Cañonera Con Cardan Protector De…;Manillar Agarre Izquierdo Cardan Cañonera Con Cardan Protector De Cabezal Caja De Engranaje Repl Husq 143R Repl Husq 143R Repl Husq 143R Repl Hus-143R Repl Hus-143R;Desmalezadoras;Desmalezadoras;Caja de engranaje;Husqvarna;Hus-143R;Manillar Agarre Izquierdo Cardan Cañonera Con Cardan Protector De Cabezal Caja De Engranaje Repl Husq 143R Repl Husq 143R Repl Husq 143R Repl Hus-143R Repl Hus-143R;;;;2113035.jpg;muy_baja;2 Tiempos;Desmalezadora;Caja de engranaje;98;grilla;;;PARTES DE DESMALEZADORAS REEMPLAZO HUSQVARNA 143R
2113036;completo;Caja de Engranaje ECHO SRM 4605 CHINAS 38CC;Caja de Engranaje ECHO SRM 4605 CHINAS 38CC;Desmalezadoras;Desmalezadoras;CAJAS DE ENGRANAJES;Echo;;Caja de Engranaje ECHO SRM 4605 CHINAS 38CC;;38CC;;2113036.jpg;media;2 Tiempos;Desmalezadora;Caja de engranaje;113;grilla;;;DESMALEZADORAS - CAJAS DE ENGRANAJES - REEMPLAZOS
2113045;completo;Tuerca;Tuerca Para Cuchilla Repl St- FS160/220/450;Desmalezadoras;Desmalezadoras;Caja de engranaje;;;Tuerca Para Cuchilla Repl St- FS160/220/450;;;;2113045.jpg;muy_baja;2 Tiempos;Desmalezadora;Caja de engranaje;105;grilla;;;PARTES DE DESMALEZADORAS REEMPLAZO ST FS160 / 220 / 280
2113046;sin_codigo;"Caja de engranajes FS120 4T Código Logbelts: Eje 50""";"Caja de engranajes FS120 4T Código Logbelts: Eje 50""";Desmalezadoras;;SIN FINES HUSQVARNA / OTROS;Husqvarna;;"Caja de engranajes FS120 4T Código Logbelts: Eje 50""";;;;2113046.jpg;media;2 Tiempos;Desmalezadora;Caja de engranaje;107;grilla;;NUEVO | A ASIGNAR;SIN FINES HUSQVARNA / OTROS
2113047;sin_codigo;"Caja de engranajes FS120 nueva Código Logbelts: Eje 42""";"Caja de engranajes FS120 nueva Código Logbelts: Eje 42""";Desmalezadoras;;SIN FINES HUSQVARNA / OTROS;Husqvarna;;"Caja de engranajes FS120 nueva Código Logbelts: Eje 42""";;;;2113047.jpg;media;2 Tiempos;Desmalezadora;Caja de engranaje;107;grilla;;NUEVO | A ASIGNAR;SIN FINES HUSQVARNA / OTROS
2113048;completo;Tuerca;Tuerca Repl St- FS160/220/450;Desmalezadoras;Desmalezadoras;Caja de engranaje;;;Tuerca Repl St- FS160/220/450;;;;2113048.jpg;muy_baja;2 Tiempos;Desmalezadora;Caja de engranaje;105;grilla;;;PARTES DE DESMALEZADORAS REEMPLAZO ST FS160 / 220 / 280
2113049;completo;Taza Copa;Taza Copa Repl St- FS160/220/280;Desmalezadoras;Desmalezadoras;Caja de engranaje;;;Taza Copa Repl St- FS160/220/280;;;;2113049.jpg;muy_baja;2 Tiempos;Desmalezadora;Caja de engranaje;105;grilla;;;PARTES DE DESMALEZADORAS REEMPLAZO ST FS160 / 220 / 280
2113050;completo;Rulemán 6001;Rulemán 6001 Repl St- FS160/220/450;Desmalezadoras;Desmalezadoras;Caja de engranaje;;;Rulemán 6001 Repl St- FS160/220/450;;;;2113050.jpg;muy_baja;2 Tiempos;Desmalezadora;Caja de engranaje;105;grilla;;;PARTES DE DESMALEZADORAS REEMPLAZO ST FS160 / 220 / 280
2113051;completo;Rulemán 6001-Z;Rulemán 6001-Z Repl St- FS160/220/450;Desmalezadoras;Desmalezadoras;Caja de engranaje;;;Rulemán 6001-Z Repl St- FS160/220/450;;;;2113051.jpg;muy_baja;2 Tiempos;Desmalezadora;Caja de engranaje;105;grilla;;;PARTES DE DESMALEZADORAS REEMPLAZO ST FS160 / 220 / 280
2113052;completo;Kit Piñ{on Caja Eng;Kit Piñ{on Caja Eng Repl St- FS160/220/280;Desmalezadoras;Desmalezadoras;Caja de engranaje;;;Kit Piñ{on Caja Eng Repl St- FS160/220/280;;;;2113052.jpg;muy_baja;2 Tiempos;Desmalezadora;Caja de engranaje;105;grilla;;;PARTES DE DESMALEZADORAS REEMPLAZO ST FS160 / 220 / 280
2113053;completo;Ruleman 6000 OEM;Ruleman 6000 OEM Repl St- FS160/220/450;Desmalezadoras;Desmalezadoras;Caja de engranaje;;;Ruleman 6000 OEM Repl St- FS160/220/450;;;;2113053.jpg;muy_baja;2 Tiempos;Desmalezadora;Caja de engranaje;106;grilla;;;PARTES DE DESMALEZADORAS REEMPLAZO ST FS160 / 220 / 280
2113054;completo;Ruleman 6202-2RS;Ruleman 6202-2RS Repl St- FS160/220/450 PARTES DE ST FS450;Desmalezadoras;Desmalezadoras;Caja de engranaje;;;Ruleman 6202-2RS Repl St- FS160/220/450 PARTES DE ST FS450;;;;2113054.jpg;muy_baja;2 Tiempos;Desmalezadora;Caja de engranaje;106;grilla;;;PARTES DE DESMALEZADORAS REEMPLAZO ST FS160 / 220 / 280
2113055;falta_descripcion_con_foto;Caja de engranaje;;Desmalezadoras;Desmalezadoras;Caja de engranaje;;;;;;;2113055.jpg;muy_baja;2 Tiempos;Desmalezadora;Caja de engranaje;101;grilla;categoria;;PARTES DE DESMALEZADORAS REEMPLAZO ST FS38 / FS55
2113056;completo;Kit Arandelas Caja De Engranaje;Kit Arandelas Caja De Engranaje Repl St- /250 (4pcs);Desmalezadoras;Desmalezadoras;Caja de engranaje;;;Kit Arandelas Caja De Engranaje Repl St- /250 (4pcs);;;;2113056.jpg;muy_baja;2 Tiempos;Desmalezadora;Caja de engranaje;101;grilla;;;PARTES DE DESMALEZADORAS REEMPLAZO ST FS38 / FS55
2113057;completo;Tuerca De Caja De Engranaje M10X1.0;Tuerca De Caja De Engranaje M10X1.0 Repl St- /250;Desmalezadoras;Desmalezadoras;Caja de engranaje;;;Tuerca De Caja De Engranaje M10X1.0 Repl St- /250;;;;2113057.jpg;muy_baja;2 Tiempos;Desmalezadora;Caja de engranaje;101;grilla;;;PARTES DE DESMALEZADORAS REEMPLAZO ST FS38 / FS55
2113060;completo;Repuesto de caja de engranajes Echo ECHO-SRM4606;Repuesto de caja de engranajes Echo ECHO-SRM4606;Desmalezadoras;Desmalezadoras;CABLES ACELERADOR;Echo;;Repuesto de caja de engranajes Echo ECHO-SRM4606;;;;2113060.jpg;baja;2 Tiempos;Desmalezadora;Caja de engranaje;114;grilla;;VERIFICAR FOTO;DESMALEZADORAS - CABLES ACELERADOR - REEMPLAZOS
2113061;completo;"Kit de reparación, caja de… EC-SRM4605(4pcs)";"Kit de reparación, caja de… EC-SRM4605(4pcs)";Desmalezadoras;Desmalezadoras;Caja de engranaje;;;"Kit de reparación, caja de… EC-SRM4605(4pcs)";;;;2113061.jpg;baja;2 Tiempos;Desmalezadora;Caja de engranaje;99;grilla;;VERIFICAR FOTO;PARTES DE DESMALEZADORAS REEMPLAZO ST FS160 / 220 / 280
2113062;completo;Caja de engranajes Husqvarna 125/128R EJES DE TRANSMISIÓN (NUEVA…;Caja de engranajes Husqvarna 125/128R EJES DE TRANSMISIÓN (NUEVA SUBSECCIÓN);Desmalezadoras;Desmalezadoras;CABLES ACELERADOR;Husqvarna;;Caja de engranajes Husqvarna 125/128R EJES DE TRANSMISIÓN (NUEVA SUBSECCIÓN);;;;2113062.jpg;baja;2 Tiempos;Desmalezadora;Caja de engranaje;114;grilla;;NUEVO;DESMALEZADORAS - CABLES ACELERADOR - REEMPLAZOS
2113063;completo;Caja de engranajes Oleo Mac 746/750/753/755 PARTES DE ST FS38 / FS55;Caja de engranajes Oleo Mac 746/750/753/755 PARTES DE ST FS38 / FS55;Desmalezadoras;Desmalezadoras;Caja de engranaje;Oleo Mac;;Caja de engranajes Oleo Mac 746/750/753/755 PARTES DE ST FS38 / FS55;;;;2113063.jpg;baja;2 Tiempos;Desmalezadora;Caja de engranaje;99;grilla;;NUEVO;PARTES DE DESMALEZADORAS REEMPLAZO ST FS160 / 220 / 280
2113064;completo;Tuerca De Cuchilla;Tuerca De Cuchilla Repl Hus-143R;Desmalezadoras;Desmalezadoras;Caja de engranaje;Husqvarna;Hus-143R;Tuerca De Cuchilla Repl Hus-143R;;;;2113064.jpg;muy_baja;2 Tiempos;Desmalezadora;Caja de engranaje;98;grilla;;;PARTES DE DESMALEZADORAS REEMPLAZO HUSQVARNA 143R
2113146;completo;Arandela (1) Caja De Engranaje;Arandela (1) Caja De Engranaje Repl St- FS160/220/450;Desmalezadoras;Desmalezadoras;Caja de engranaje;;;Arandela (1) Caja De Engranaje Repl St- FS160/220/450;;;;2113146.jpg;muy_baja;2 Tiempos;Desmalezadora;Caja de engranaje;105;grilla;;;PARTES DE DESMALEZADORAS REEMPLAZO ST FS160 / 220 / 280
2113147;completo;Arandela (2) Caja De Engranaje;Arandela (2) Caja De Engranaje Repl St- FS160/220/450;Desmalezadoras;Desmalezadoras;Caja de engranaje;;;Arandela (2) Caja De Engranaje Repl St- FS160/220/450;;;;2113147.jpg;muy_baja;2 Tiempos;Desmalezadora;Caja de engranaje;105;grilla;;;PARTES DE DESMALEZADORAS REEMPLAZO ST FS160 / 220 / 280
2114050;completo;Universal máquinas chinas 20 mm;Universal máquinas chinas 20 mm;Carburación;Carburación;LLAVES PASES DE COMBUSTIBLE;;;Universal máquinas chinas 20 mm;;20 mm;;2114050.jpg;muy_baja;2 Tiempos;Desmalezadora;Tanque de combustible / tapa;45;grilla;;;CARBURACIÓN - LLAVES PASES DE COMBUSTIBLE
2114051;completo;"Universal máquinas chinas 21,5 mm";"Universal máquinas chinas 21,5 mm";Carburación;Carburación;LLAVES PASES DE COMBUSTIBLE;;;"Universal máquinas chinas 21,5 mm";;"21,5 mm";;2114051.jpg;muy_baja;2 Tiempos;Desmalezadora;Tanque de combustible / tapa;45;grilla;;;CARBURACIÓN - LLAVES PASES DE COMBUSTIBLE
2114052;completo;"Echo 132115-046730 17,4 mm";"Echo 132115-046730 17,4 mm";Carburación;Carburación;LLAVES PASES DE COMBUSTIBLE;Echo;;"Echo 132115-046730 17,4 mm";;"17,4 mm";;2114052.jpg;muy_baja;2 Tiempos;Desmalezadora;Tanque de combustible / tapa;45;grilla;;;CARBURACIÓN - LLAVES PASES DE COMBUSTIBLE
2114053;completo;Echo 132115-04920;Echo 132115-04920;Carburación;Carburación;LLAVES PASES DE COMBUSTIBLE;Echo;;Echo 132115-04920;;;;;;2 Tiempos;Desmalezadora;Tanque de combustible / tapa;45;grilla;;;CARBURACIÓN - LLAVES PASES DE COMBUSTIBLE
2114054;completo;Universal máquinas chinas Echo / Stihl 20.5 mm;Universal máquinas chinas Echo / Stihl 20.5 mm;Carburación;Carburación;LLAVES PASES DE COMBUSTIBLE;Stihl | Echo;;Universal máquinas chinas Echo / Stihl 20.5 mm;;20.5 mm;;;;2 Tiempos;Desmalezadora;Tanque de combustible / tapa;45;grilla;;;CARBURACIÓN - LLAVES PASES DE COMBUSTIBLE
2114055;completo;Echo / Stihl 132115-04921;Echo / Stihl 132115-04921;Carburación;Carburación;LLAVES PASES DE COMBUSTIBLE;Stihl | Echo;;Echo / Stihl 132115-04921;;;;;;2 Tiempos;Desmalezadora;Tanque de combustible / tapa;45;grilla;;;CARBURACIÓN - LLAVES PASES DE COMBUSTIBLE
2114060;falta_descripcion;Repuestos;;Sistemas de arranque;Sistemas de arranque;REPUESTOS;;;;;;;;;2 Tiempos;Desmalezadora;Tanque de combustible / tapa;91;grilla;categoria;;SISTEMA DE ARRANQUE - MOTOSIERRAS - REPUESTOS
2114070;falta_descripcion_con_foto;Tanque de combustible / tapa;;Desmalezadoras;Desmalezadoras;Tanque de combustible / tapa;;;;;;;2114070.jpg;media;2 Tiempos;Desmalezadora;Tanque de combustible / tapa;93;grilla;categoria;;PARTES DE DESMALEZADORAS CHINAS 26CC
2114071;falta_descripcion_con_foto;Tanque de combustible / tapa;;Desmalezadoras;Desmalezadoras;Tanque de combustible / tapa;;;;;;;2114071.jpg;media;2 Tiempos;Desmalezadora;Tanque de combustible / tapa;93;grilla;categoria;;PARTES DE DESMALEZADORAS CHINAS 26CC
2114072;falta_descripcion_con_foto;Tanque de combustible / tapa;;Desmalezadoras;Desmalezadoras;Tanque de combustible / tapa;;;;;;;2114072.jpg;media;2 Tiempos;Desmalezadora;Tanque de combustible / tapa;93;grilla;categoria;;PARTES DE DESMALEZADORAS CHINAS 26CC
2114073;completo;Tanque De Combustible Tapa Tanque Comb Manguera Comb Doble;Tanque De Combustible Tapa Tanque Comb Manguera Comb Doble Repl St- Repl St- Repl St;Desmalezadoras;Desmalezadoras;Tanque de combustible / tapa;;;Tanque De Combustible Tapa Tanque Comb Manguera Comb Doble Repl St- Repl St- Repl St;;;;2114073.jpg;muy_baja;2 Tiempos;Desmalezadora;Tanque de combustible / tapa;100;grilla;;;PARTES DE DESMALEZADORAS REEMPLAZO ST FS38 / FS55
2114080;falta_descripcion_con_foto;Tanque de combustible / tapa;;Desmalezadoras;Desmalezadoras;Tanque de combustible / tapa;;;;;;;2114080.jpg;baja;2 Tiempos;Desmalezadora;Tanque de combustible / tapa;95;grilla;categoria;;PARTES DE DESMALEZADORAS CHINAS 43CC / 52CC
2114082;completo;Tanque;Tanque para desmalezadora Stihl FS80/85;Desmalezadoras;Desmalezadoras;Tanque de combustible / tapa;Stihl;;Tanque para desmalezadora Stihl FS80/85;;;;2114082.jpg;media;2 Tiempos;Desmalezadora;Tanque de combustible / tapa;103;grilla;;NUEVO;PARTES DE DESMALEZADORAS REEMPLAZO ST FS38 / FS55
2114083;completo;Tapa De Combustible Soporte De Tanque;Tapa De Combustible Soporte De Tanque Repl Hus-143R Repl Hus-143R;Desmalezadoras;Desmalezadoras;Tanque de combustible / tapa;Husqvarna;Hus-143R;Tapa De Combustible Soporte De Tanque Repl Hus-143R Repl Hus-143R;;;;2114083.jpg;media;2 Tiempos;Desmalezadora;Tanque de combustible / tapa;97;grilla;;;PARTES DE DESMALEZADORAS REEMPLAZO HUSQVARNA 143R
2114084;completo;Tanque De Combustible;Tanque De Combustible Repl Hus-143R;Desmalezadoras;Desmalezadoras;Tanque de combustible / tapa;Husqvarna;Hus-143R;Tanque De Combustible Repl Hus-143R;;;;2114084.jpg;media;2 Tiempos;Desmalezadora;Tanque de combustible / tapa;97;grilla;;;PARTES DE DESMALEZADORAS REEMPLAZO HUSQVARNA 143R
2114085;falta_descripcion_con_foto;Tanque de combustible / tapa;;Desmalezadoras;Desmalezadoras;Tanque de combustible / tapa;;;;;;;2114085.jpg;muy_baja;2 Tiempos;Desmalezadora;Tanque de combustible / tapa;100;grilla;categoria;;PARTES DE DESMALEZADORAS REEMPLAZO ST FS38 / FS55
2114086;completo;Tanque De Combustible;Tanque De Combustible Repl St- FS160/220/280;Desmalezadoras;Desmalezadoras;Tanque de combustible / tapa;;;Tanque De Combustible Repl St- FS160/220/280;;;;2114086.jpg;muy_baja;2 Tiempos;Desmalezadora;Tanque de combustible / tapa;105;grilla;;;PARTES DE DESMALEZADORAS REEMPLAZO ST FS160 / 220 / 280
2114087;completo;Tapa Tanque De Combustible;Tapa Tanque De Combustible Repl St- FS450;Desmalezadoras;Desmalezadoras;Tanque de combustible / tapa;;;Tapa Tanque De Combustible Repl St- FS450;;;;2114087.jpg;muy_baja;2 Tiempos;Desmalezadora;Tanque de combustible / tapa;109;grilla;;;PARTES DE DESMALEZADORAS REEMPLAZO ST FS450
2114088;completo;Tapa Tanque Comb;Tapa Tanque Comb Repl St- FS160/220/280;Desmalezadoras;Desmalezadoras;Tanque de combustible / tapa;;;Tapa Tanque Comb Repl St- FS160/220/280;;;;2114088.jpg;muy_baja;2 Tiempos;Desmalezadora;Tanque de combustible / tapa;105;grilla;;;PARTES DE DESMALEZADORAS REEMPLAZO ST FS160 / 220 / 280
2114089;completo;Tanque De Combustible;Tanque De Combustible Repl St- FS450;Desmalezadoras;Desmalezadoras;Tanque de combustible / tapa;;;Tanque De Combustible Repl St- FS450;;;;2114089.jpg;muy_baja;2 Tiempos;Desmalezadora;Tanque de combustible / tapa;109;grilla;;;PARTES DE DESMALEZADORAS REEMPLAZO ST FS450
2114090;falta_descripcion_con_foto;Tanque de combustible / tapa;;Desmalezadoras;Desmalezadoras;Tanque de combustible / tapa;;;;;;;2114090.jpg;baja;2 Tiempos;Desmalezadora;Tanque de combustible / tapa;95;grilla;categoria;;PARTES DE DESMALEZADORAS CHINAS 43CC / 52CC
2114091;falta_descripcion_con_foto;Tanque de combustible / tapa;;Desmalezadoras;Desmalezadoras;Tanque de combustible / tapa;;;;;;;2114091.jpg;baja;2 Tiempos;Desmalezadora;Tanque de combustible / tapa;95;grilla;categoria;;PARTES DE DESMALEZADORAS CHINAS 43CC / 52CC
2114092;falta_descripcion_con_foto;Tanque de combustible / tapa;;Desmalezadoras;Desmalezadoras;Tanque de combustible / tapa;;;;;;;2114092.jpg;baja;2 Tiempos;Desmalezadora;Tanque de combustible / tapa;95;grilla;categoria;;PARTES DE DESMALEZADORAS CHINAS 43CC / 52CC
2115051;falta_descripcion_con_foto;Tapas de arranque;;Sistemas de arranque;Sistemas de arranque;Tapas de arranque;;;;;;;2115051.jpg;media;2 Tiempos;Desmalezadora;Tapas de arranque;85;grilla;categoria;;SISTEMAS DE ARRANQUE - DESMALEZADORAS
2115052;falta_descripcion_con_foto;Tapas de arranque;;Sistemas de arranque;Sistemas de arranque;Tapas de arranque;;;;;;;2115052.jpg;media;2 Tiempos;Desmalezadora;Tapas de arranque;85;grilla;categoria;;SISTEMAS DE ARRANQUE - DESMALEZADORAS
2115053;falta_descripcion_con_foto;Tapas de arranque;;Sistemas de arranque;Sistemas de arranque;Tapas de arranque;;;;;;;2115053.jpg;media;2 Tiempos;Desmalezadora;Tapas de arranque;85;grilla;categoria;;SISTEMAS DE ARRANQUE - DESMALEZADORAS
2115054;falta_descripcion_con_foto;Tapas de arranque;;Sistemas de arranque;Sistemas de arranque;Tapas de arranque;;;;;;;2115054.jpg;media;2 Tiempos;Desmalezadora;Tapas de arranque;85;grilla;categoria;;SISTEMAS DE ARRANQUE - DESMALEZADORAS
2115055;falta_descripcion_con_foto;Tapas de arranque;;Sistemas de arranque;Sistemas de arranque;Tapas de arranque;;;;;;;2115055.jpg;media;2 Tiempos;Desmalezadora;Tapas de arranque;85;grilla;categoria;;SISTEMAS DE ARRANQUE - DESMALEZADORAS
2115056;falta_descripcion_con_foto;Tapas de arranque;;Sistemas de arranque;Sistemas de arranque;Tapas de arranque;;;;;;;2115056.jpg;media;2 Tiempos;Desmalezadora;Tapas de arranque;85;grilla;categoria;;SISTEMAS DE ARRANQUE - DESMALEZADORAS
2115057;completo;Sistema De Arranque;Sistema De Arranque Repl Hus-143R;Desmalezadoras;Desmalezadoras;Tapas de arranque;Husqvarna;Hus-143R;Sistema De Arranque Repl Hus-143R;;;;2115057.jpg;media;2 Tiempos;Desmalezadora;Tapas de arranque;96;grilla;;;PARTES DE DESMALEZADORAS REEMPLAZO HUSQVARNA 143R
2115058;falta_descripcion_con_foto;Tapas de arranque;;Sistemas de arranque;Sistemas de arranque;Tapas de arranque;;;;;;;2115058.jpg;media;2 Tiempos;Desmalezadora;Tapas de arranque;85;grilla;categoria;;SISTEMAS DE ARRANQUE - DESMALEZADORAS
2115059;falta_descripcion_con_foto;Tapas de arranque;;Sistemas de arranque;Sistemas de arranque;Tapas de arranque;;;;;;;2115059.jpg;media;2 Tiempos;Desmalezadora;Tapas de arranque;85;grilla;categoria;;SISTEMAS DE ARRANQUE - DESMALEZADORAS
2115060;falta_descripcion_con_foto;Tapas de arranque;;Sistemas de arranque;Sistemas de arranque;Tapas de arranque;;;;;;;2115060.jpg;media;2 Tiempos;Desmalezadora;Tapas de arranque;85;grilla;categoria;;SISTEMAS DE ARRANQUE - DESMALEZADORAS
2115061;falta_descripcion_con_foto;Tapas de arranque;;Sistemas de arranque;Sistemas de arranque;Tapas de arranque;;;;;;;2115061.jpg;media;2 Tiempos;Desmalezadora;Tapas de arranque;85;grilla;categoria;;SISTEMAS DE ARRANQUE - DESMALEZADORAS
2115062;falta_descripcion_con_foto;Tapas de arranque;;Sistemas de arranque;Sistemas de arranque;Tapas de arranque;;;;;;;2115062.jpg;media;2 Tiempos;Desmalezadora;Tapas de arranque;85;grilla;categoria;;SISTEMAS DE ARRANQUE - DESMALEZADORAS
2115063;falta_descripcion_con_foto;Tapas de arranque — Husqvarna;;Sistemas de arranque;Sistemas de arranque;Tapas de arranque;Husqvarna;;;;;;2115063.jpg;media;2 Tiempos;Desmalezadora;Tapas de arranque;85;grilla;categoria;;SISTEMAS DE ARRANQUE - DESMALEZADORAS
2115064;falta_descripcion_con_foto;Tapas de arranque;;Sistemas de arranque;Sistemas de arranque;Tapas de arranque;;;;;;;2115064.jpg;media;2 Tiempos;Desmalezadora;Tapas de arranque;85;grilla;categoria;;SISTEMAS DE ARRANQUE - DESMALEZADORAS
2115065;falta_descripcion_con_foto;Tapas de arranque;;Sistemas de arranque;Sistemas de arranque;Tapas de arranque;;;;;;;2115065.jpg;media;2 Tiempos;Desmalezadora;Tapas de arranque;85;grilla;categoria;;SISTEMAS DE ARRANQUE - DESMALEZADORAS
2115066;falta_descripcion_con_foto;Tapas de arranque;;Sistemas de arranque;Sistemas de arranque;Tapas de arranque;;;;;;;2115066.jpg;media;2 Tiempos;Desmalezadora;Tapas de arranque;85;grilla;categoria;;SISTEMAS DE ARRANQUE - DESMALEZADORAS
2115067;completo;Sistema De Arranque;Sistema De Arranque Repl St- FS450;Desmalezadoras;Desmalezadoras;Tapas de arranque;;;Sistema De Arranque Repl St- FS450;;;;2115067.jpg;media;2 Tiempos;Desmalezadora;Tapas de arranque;106;grilla;;;PARTES DE DESMALEZADORAS REEMPLAZO ST FS160 / 220 / 280
2115068;falta_descripcion_con_foto;Tapas de arranque;;Sistemas de arranque;Sistemas de arranque;Tapas de arranque;;;;;;;2115068.jpg;media;2 Tiempos;Desmalezadora;Tapas de arranque;85;grilla;categoria;;SISTEMAS DE ARRANQUE - DESMALEZADORAS
2115069;falta_descripcion_con_foto;Tapas de arranque;;Sistemas de arranque;Sistemas de arranque;Tapas de arranque;;;;;;;2115069.jpg;media;2 Tiempos;Desmalezadora;Tapas de arranque;85;grilla;categoria;;SISTEMAS DE ARRANQUE - DESMALEZADORAS
2115070;falta_descripcion;Tapas de arranque;;Sistemas de arranque;Sistemas de arranque;Tapas de arranque;;;;;;;;;2 Tiempos;Desmalezadora;Tapas de arranque;86;grilla;categoria;;SISTEMAS DE ARRANQUE - DESMALEZADORAS
2115071;falta_descripcion;Tapas de arranque;;Sistemas de arranque;Sistemas de arranque;Tapas de arranque;;;;;;;;;2 Tiempos;Desmalezadora;Tapas de arranque;86;grilla;categoria;;SISTEMAS DE ARRANQUE - DESMALEZADORAS
2115072;falta_descripcion;Tapas de arranque;;Sistemas de arranque;Sistemas de arranque;Tapas de arranque;;;;;;;;;2 Tiempos;Desmalezadora;Tapas de arranque;86;grilla;categoria;;SISTEMAS DE ARRANQUE - DESMALEZADORAS
2115073;falta_descripcion;Tapas de arranque;;Sistemas de arranque;Sistemas de arranque;Tapas de arranque;;;;;;;;;2 Tiempos;Desmalezadora;Tapas de arranque;86;grilla;categoria;;SISTEMAS DE ARRANQUE - DESMALEZADORAS
2115074;completo;Sistema De Arranque;Sistema De Arranque Repl Hus-143R;Desmalezadoras;Desmalezadoras;Tapas de arranque;Husqvarna;Hus-143R;Sistema De Arranque Repl Hus-143R;;;;2115074.jpg;media;2 Tiempos;Desmalezadora;Tapas de arranque;96;grilla;;;PARTES DE DESMALEZADORAS REEMPLAZO HUSQVARNA 143R
2115075;falta_descripcion;Tapas de arranque;;Sistemas de arranque;Sistemas de arranque;Tapas de arranque;;;;;;;;;2 Tiempos;Desmalezadora;Tapas de arranque;86;grilla;categoria;;SISTEMAS DE ARRANQUE - DESMALEZADORAS
2115076;completo;MAQUINAS 2 TIEMPOS;MAQUINAS 2 TIEMPOS;Sistemas de arranque;Sistemas de arranque;Tapas de arranque;;;MAQUINAS 2 TIEMPOS;;;;;;2 Tiempos;Desmalezadora;Tapas de arranque;86;grilla;;;SISTEMAS DE ARRANQUE - DESMALEZADORAS
2115101;falta_descripcion_con_foto;Maquinas 4 tiempos;;Sistemas de arranque;Sistemas de arranque;MAQUINAS 4 TIEMPOS;;;;;;;2115101.jpg;media;2 Tiempos;Desmalezadora;Tapas de arranque;88;grilla;categoria;;SISTEMAS DE ARRANQUE - MAQUINAS 4 TIEMPOS
2115102;falta_descripcion_con_foto;Maquinas 4 tiempos;;Sistemas de arranque;Sistemas de arranque;MAQUINAS 4 TIEMPOS;;;;;;;2115102.jpg;media;2 Tiempos;Desmalezadora;Tapas de arranque;88;grilla;categoria;;SISTEMAS DE ARRANQUE - MAQUINAS 4 TIEMPOS
2115103;falta_descripcion_con_foto;Maquinas 4 tiempos;;Sistemas de arranque;Sistemas de arranque;MAQUINAS 4 TIEMPOS;;;;;;;2115103.jpg;media;2 Tiempos;Desmalezadora;Tapas de arranque;88;grilla;categoria;;SISTEMAS DE ARRANQUE - MAQUINAS 4 TIEMPOS
2115104;falta_descripcion_con_foto;Maquinas 4 tiempos;;Sistemas de arranque;Sistemas de arranque;MAQUINAS 4 TIEMPOS;;;;;;;2115104.jpg;media;2 Tiempos;Desmalezadora;Tapas de arranque;88;grilla;categoria;;SISTEMAS DE ARRANQUE - MAQUINAS 4 TIEMPOS
2115105;falta_descripcion_con_foto;Maquinas 4 tiempos;;Sistemas de arranque;Sistemas de arranque;MAQUINAS 4 TIEMPOS;;;;;;;2115105.jpg;media;2 Tiempos;Desmalezadora;Tapas de arranque;88;grilla;categoria;;SISTEMAS DE ARRANQUE - MAQUINAS 4 TIEMPOS
2115106;falta_descripcion;Repuestos;;Sistemas de arranque;Sistemas de arranque;REPUESTOS;;;;;;;;;2 Tiempos;Desmalezadora;Tapas de arranque;89;grilla;categoria;;SISTEMAS DE ARRANQUE - DESMALEZADORAS - OTROS - REPUESTOS
2115108;falta_descripcion;Repuestos;;Sistemas de arranque;Sistemas de arranque;REPUESTOS;;;;;;;;;2 Tiempos;Desmalezadora;Tapas de arranque;89;grilla;categoria;;SISTEMAS DE ARRANQUE - DESMALEZADORAS - OTROS - REPUESTOS
2115111;falta_descripcion_con_foto;Repuestos — Husqvarna;;Sistemas de arranque;Sistemas de arranque;REPUESTOS;Husqvarna;;;;;;2115111.jpg;muy_baja;2 Tiempos;Desmalezadora;Tapas de arranque;89;grilla;categoria;;SISTEMAS DE ARRANQUE - DESMALEZADORAS - OTROS - REPUESTOS
2115112;falta_descripcion;Repuestos;;Sistemas de arranque;Sistemas de arranque;REPUESTOS;;;;;;;;;2 Tiempos;Desmalezadora;Tapas de arranque;89;grilla;categoria;;SISTEMAS DE ARRANQUE - DESMALEZADORAS - OTROS - REPUESTOS
2115113;completo;Resorte De Arranque;Resorte De Arranque Repl St- FS450;Desmalezadoras;Desmalezadoras;Tapas de arranque;;;Resorte De Arranque Repl St- FS450;;;;2115113.jpg;muy_baja;2 Tiempos;Desmalezadora;Tapas de arranque;106;grilla;;;PARTES DE DESMALEZADORAS REEMPLAZO ST FS160 / 220 / 280
2115121;falta_descripcion;Repuestos;;Sistemas de arranque;Sistemas de arranque;REPUESTOS;;;;;;;;;2 Tiempos;Desmalezadora;Tapas de arranque;89;grilla;categoria;;SISTEMAS DE ARRANQUE - DESMALEZADORAS - OTROS - REPUESTOS
2115122;completo;Polea De Arranque;Polea De Arranque Repl St- FS450;Desmalezadoras;Desmalezadoras;Tapas de arranque;;;Polea De Arranque Repl St- FS450;;;;2115122.jpg;muy_baja;2 Tiempos;Desmalezadora;Tapas de arranque;106;grilla;;;PARTES DE DESMALEZADORAS REEMPLAZO ST FS160 / 220 / 280
2115123;falta_descripcion;Repuestos;;Sistemas de arranque;Sistemas de arranque;REPUESTOS;;;;;;;;;2 Tiempos;Desmalezadora;Tapas de arranque;89;grilla;categoria;;SISTEMAS DE ARRANQUE - DESMALEZADORAS - OTROS - REPUESTOS
2115130;falta_descripcion_con_foto;Repuestos;;Sistemas de arranque;Sistemas de arranque;REPUESTOS;;;;;;;2115130.jpg;baja;2 Tiempos;Desmalezadora;Tapas de arranque;91;grilla;categoria;;SISTEMA DE ARRANQUE - MOTOSIERRAS - REPUESTOS
2115135;falta_descripcion_con_foto;Tapas de arranque;;Desmalezadoras;Desmalezadoras;Tapas de arranque;;;;;;;2115135.jpg;muy_baja;2 Tiempos;Desmalezadora;Tapas de arranque;102;grilla;categoria;;PARTES DE DESMALEZADORAS REEMPLAZO ST FS38 / FS55
2115136;completo;Cazoleta Arranque;Cazoleta Arranque Repl Hus-143R;Desmalezadoras;Desmalezadoras;Tapas de arranque;Husqvarna;Hus-143R;Cazoleta Arranque Repl Hus-143R;;;;2115136.jpg;media;2 Tiempos;Desmalezadora;Tapas de arranque;96;grilla;;;PARTES DE DESMALEZADORAS REEMPLAZO HUSQVARNA 143R
2115137;completo;Polea de arrastre (2T);Polea de arrastre (2T);Desmalezadoras;Desmalezadoras;Tapas de arranque;;;Polea de arrastre (2T);;;;;;2 Tiempos;Desmalezadora;Tapas de arranque;90;grilla;;;SISTEMA DE ARRANQUE DESMALEZADORA REPUESTOS
2115138;completo;Cobertor Motor Sistema De Arranque Polea Arranque Resorte De…;Cobertor Motor Sistema De Arranque Polea Arranque Resorte De Arranque Kit Trinquetes Repl St- FS160/220/280 Repl St- FS160/220/280 Repl St- FS160/220/280 Repl St- FS160/220/280 Repl St- FS160/220/280;Desmalezadoras;Desmalezadoras;Tapas de arranque;;;Cobertor Motor Sistema De Arranque Polea Arranque Resorte De Arranque Kit Trinquetes Repl St- FS160/220/280 Repl St- FS160/220/280 Repl St- FS160/220/280 Repl St- FS160/220/280 Repl St- FS160/220/280;;;;2115138.jpg;muy_baja;2 Tiempos;Desmalezadora;Tapas de arranque;102;grilla;;;PARTES DE DESMALEZADORAS REEMPLAZO ST FS38 / FS55
2115139;completo;Conjunto de arranque (SS) Oleo Mac SPARTA 42/44;Conjunto de arranque (SS) Oleo Mac SPARTA 42/44;Desmalezadoras;Desmalezadoras;Tapas de arranque;Oleo Mac;;Conjunto de arranque (SS) Oleo Mac SPARTA 42/44;;;;2115139.jpg;baja;2 Tiempos;Desmalezadora;Tapas de arranque;99;grilla;;;PARTES DE DESMALEZADORAS REEMPLAZO ST FS160 / 220 / 280
2115140;completo;Conjunto de arranque Stihl FS161/221/291;Conjunto de arranque Stihl FS161/221/291;Desmalezadoras;Desmalezadoras;Tapas de arranque;Stihl;;Conjunto de arranque Stihl FS161/221/291;;;;2115140.jpg;media;2 Tiempos;Desmalezadora;Tapas de arranque;111;grilla;;;PARTES DE DESMALEZADORAS REEMPLAZO ST FS160 / 220 / 280
2115201;completo;Sistema De Arranque Polea De Arranque Resorte De Arranque Cazoleta…;Sistema De Arranque Polea De Arranque Resorte De Arranque Cazoleta De Arranque Repl St- FS38/55 Repl St- FS38/55 Repl St- FS38/55 Repl St- FS38/55;Desmalezadoras;Desmalezadoras;Tapas de arranque;Husqvarna;;Sistema De Arranque Polea De Arranque Resorte De Arranque Cazoleta De Arranque Repl St- FS38/55 Repl St- FS38/55 Repl St- FS38/55 Repl St- FS38/55;;;;2115201.jpg;muy_baja;2 Tiempos;Desmalezadora;Tapas de arranque;98;grilla;;;PARTES DE DESMALEZADORAS REEMPLAZO HUSQVARNA 143R
2116560;completo;Tanza Redonda 2.4mm Blister 15mts Aprox.;Tanza Redonda 2.4mm Blister 15mts Aprox.;Desmalezadoras;;CABEZALES DE TANZA;;;Tanza Redonda 2.4mm Blister 15mts Aprox.;;2.4mm;;2116560.jpg;media;2 Tiempos;Desmalezadora;Tanza;23;grilla;;;CABEZALES DE TANZA - AUTOMÁTICOS - CARGA RÁPIDA
2116561;completo;Tanza Redonda 2mm Blister 450grs 120mts Aprox.;Tanza Redonda 2mm Blister 450grs 120mts Aprox.;Desmalezadoras;;CABEZALES DE TANZA;;;Tanza Redonda 2mm Blister 450grs 120mts Aprox.;;2mm;;2116561.jpg;media;2 Tiempos;Desmalezadora;Tanza;23;grilla;;;CABEZALES DE TANZA - AUTOMÁTICOS - CARGA RÁPIDA
2116562;completo;Tanza Redonda 2.4mm Blister 450grs 85mts Aprox.;Tanza Redonda 2.4mm Blister 450grs 85mts Aprox.;Desmalezadoras;;CABEZALES DE TANZA;;;Tanza Redonda 2.4mm Blister 450grs 85mts Aprox.;;2.4mm;;2116562.jpg;media;2 Tiempos;Desmalezadora;Tanza;23;grilla;;;CABEZALES DE TANZA - AUTOMÁTICOS - CARGA RÁPIDA
2116563;completo;Tanza Redonda 3mm Blister 450grs 60mts Aprox.;Tanza Redonda 3mm Blister 450grs 60mts Aprox.;Desmalezadoras;;CABEZALES DE TANZA;;;Tanza Redonda 3mm Blister 450grs 60mts Aprox.;;3mm;;2116563.jpg;media;2 Tiempos;Desmalezadora;Tanza;23;grilla;;;CABEZALES DE TANZA - AUTOMÁTICOS - CARGA RÁPIDA
2116564;completo;Tanza Cuadrada 2.4mm Blister 450grs 85mts Aprox.;Tanza Cuadrada 2.4mm Blister 450grs 85mts Aprox.;Desmalezadoras;;CABEZALES DE TANZA;;;Tanza Cuadrada 2.4mm Blister 450grs 85mts Aprox.;;2.4mm;;2116564.jpg;media;2 Tiempos;Desmalezadora;Tanza;23;grilla;;;CABEZALES DE TANZA - AUTOMÁTICOS - CARGA RÁPIDA
2116565;completo;Tanza Trenzada 3mm Tanza Cuadrada 2.4mm Tanza Redonda 2.4mm Tanza…;Tanza Trenzada 3mm Tanza Cuadrada 2.4mm Tanza Redonda 2.4mm Tanza Cuadrada 3mm Blister 450grs 60mts 1.35kg 255mts Aprox. 1.35kg 255mts Aprox. Blister 450grs 60mts Aprox. Aprox.;Desmalezadoras;;CABEZALES DE TANZA;;;Tanza Trenzada 3mm Tanza Cuadrada 2.4mm Tanza Redonda 2.4mm Tanza Cuadrada 3mm Blister 450grs 60mts 1.35kg 255mts Aprox. 1.35kg 255mts Aprox. Blister 450grs 60mts Aprox. Aprox.;;3mm | 2.4mm;;2116565.jpg;media;2 Tiempos;Desmalezadora;Tanza;23;grilla;;;CABEZALES DE TANZA - AUTOMÁTICOS - CARGA RÁPIDA
2116566;completo;Tanza trenzada 2.4mm Blister 450grs 85mts Aprox.;Tanza trenzada 2.4mm Blister 450grs 85mts Aprox.;Desmalezadoras;;CABEZALES DE TANZA;;;Tanza trenzada 2.4mm Blister 450grs 85mts Aprox.;;2.4mm;;2116566.jpg;media;2 Tiempos;Desmalezadora;Tanza;23;grilla;;;CABEZALES DE TANZA - AUTOMÁTICOS - CARGA RÁPIDA
2116567;falta_descripcion_con_foto;Cabezales de tanza;;Desmalezadoras;;CABEZALES DE TANZA;;;;;;;2116567.jpg;media;2 Tiempos;Desmalezadora;Tanza;23;grilla;categoria;;CABEZALES DE TANZA - AUTOMÁTICOS - CARGA RÁPIDA
2116570;completo;Tanza Dentada 3.2mm 1kg 100mts Aprox.;Tanza Dentada 3.2mm 1kg 100mts Aprox.;Desmalezadoras;;TANZA PREMIUM;;;Tanza Dentada 3.2mm 1kg 100mts Aprox.;;3.2mm;;2116570.jpg;media;2 Tiempos;Desmalezadora;Tanza;24;grilla;;;TANZA PREMIUM
2116574;completo;Tanza Duar Trenzada 2.4mm 1kg 187mts Aprox.;Tanza Duar Trenzada 2.4mm 1kg 187mts Aprox.;Desmalezadoras;;TANZA PREMIUM;;;Tanza Duar Trenzada 2.4mm 1kg 187mts Aprox.;;2.4mm;;2116574.jpg;media;2 Tiempos;Desmalezadora;Tanza;24;grilla;;;TANZA PREMIUM
2116575;completo;Tanza Duar Trenzada 3mm 1kg 100mts Aprox.;Tanza Duar Trenzada 3mm 1kg 100mts Aprox.;Desmalezadoras;;TANZA PREMIUM;;;Tanza Duar Trenzada 3mm 1kg 100mts Aprox.;;3mm;;2116575.jpg;media;2 Tiempos;Desmalezadora;Tanza;24;grilla;;;TANZA PREMIUM
2116593;falta_descripcion_con_foto;Cabezales de tanza;;Desmalezadoras;;CABEZALES DE TANZA;;;;;;;2116593.jpg;media;2 Tiempos;Desmalezadora;Tanza;23;grilla;categoria;;CABEZALES DE TANZA - AUTOMÁTICOS - CARGA RÁPIDA
2116594;falta_descripcion_con_foto;Cabezales de tanza;;Desmalezadoras;;CABEZALES DE TANZA;;;;;;;2116594.jpg;media;2 Tiempos;Desmalezadora;Tanza;23;grilla;categoria;;CABEZALES DE TANZA - AUTOMÁTICOS - CARGA RÁPIDA
2116595;completo;Tanza Redonda 3mm 1.35kg 135mts Aprox.;Tanza Redonda 3mm 1.35kg 135mts Aprox.;Desmalezadoras;;TANZA PREMIUM;;;Tanza Redonda 3mm 1.35kg 135mts Aprox.;;3mm;;2116595.jpg;media;2 Tiempos;Desmalezadora;Tanza;24;grilla;;;TANZA PREMIUM
2116596;completo;Tanza Redonda 2.4mm 9kg 1.685mts Aprox.;Tanza Redonda 2.4mm 9kg 1.685mts Aprox.;Desmalezadoras;;TANZA PREMIUM;;;Tanza Redonda 2.4mm 9kg 1.685mts Aprox.;;2.4mm;;2116596.jpg;media;2 Tiempos;Desmalezadora;Tanza;24;grilla;;;TANZA PREMIUM
2116597;completo;Tanza Redonda 3mm 9kg 1.080mts Aprox.;Tanza Redonda 3mm 9kg 1.080mts Aprox.;Desmalezadoras;;TANZA PREMIUM;;;Tanza Redonda 3mm 9kg 1.080mts Aprox.;;3mm;;2116597.jpg;media;2 Tiempos;Desmalezadora;Tanza;24;grilla;;;TANZA PREMIUM
2116598;completo;Tanza Cuadrada 2.4mm 9kg 1.685mts Aprox.;Tanza Cuadrada 2.4mm 9kg 1.685mts Aprox.;Desmalezadoras;;TANZA PREMIUM;;;Tanza Cuadrada 2.4mm 9kg 1.685mts Aprox.;;2.4mm;;2116598.jpg;media;2 Tiempos;Desmalezadora;Tanza;24;grilla;;;TANZA PREMIUM
2117530;completo;Chinas 33/34/40/43/52 10x1.25 FLH;Chinas 33/34/40/43/52 10x1.25 FLH;Desmalezadoras;;CABEZALES DE TANZA;;;Chinas 33/34/40/43/52 10x1.25 FLH;;;;2117530.jpg;media;2 Tiempos;Desmalezadora;Cabezales porta tanza;23;grilla;;;CABEZALES DE TANZA - AUTOMÁTICOS - CARGA RÁPIDA
2117540;completo;Chinas 33/34/40/43/52 Echo SRM Series 10x1.25 FLH;Chinas 33/34/40/43/52 Echo SRM Series 10x1.25 FLH;Desmalezadoras;;CABEZALES DE TANZA;Echo;;Chinas 33/34/40/43/52 Echo SRM Series 10x1.25 FLH;;;;;;2 Tiempos;Desmalezadora;Cabezales porta tanza;22;grilla;;;CABEZALES DE TANZA - MANUALES - CORTE BAJO
2117545;completo;Stihl FS 160/220/280/450 12X1.5 FLH;Stihl FS 160/220/280/450 12X1.5 FLH;Desmalezadoras;;CABEZALES DE TANZA;Stihl;;Stihl FS 160/220/280/450 12X1.5 FLH;;;;;;2 Tiempos;Desmalezadora;Cabezales porta tanza;22;grilla;;;CABEZALES DE TANZA - MANUALES - CORTE BAJO
2117548;completo;Oleo Mac 740/745/755 Paso 8X1.25 MLH;Oleo Mac 740/745/755 Paso 8X1.25 MLH;Desmalezadoras;;CABEZALES DE TANZA;Oleo Mac;;Oleo Mac 740/745/755 Paso 8X1.25 MLH;;Paso 8;;2117548.jpg;muy_baja;2 Tiempos;Desmalezadora;Cabezales porta tanza;22;grilla;;;CABEZALES DE TANZA - MANUALES - CORTE BAJO
2117550;completo;Stihl FS 86/106/44/55 Paso 10X1 FLH;Stihl FS 86/106/44/55 Paso 10X1 FLH;Desmalezadoras;;CABEZALES DE TANZA;Stihl;;Stihl FS 86/106/44/55 Paso 10X1 FLH;;Paso 10;;2117550.jpg;muy_baja;2 Tiempos;Desmalezadora;Cabezales porta tanza;22;grilla;;;CABEZALES DE TANZA - MANUALES - CORTE BAJO
2117552;completo;Chinas 33/34/40/43/52 Echo 2300/4300/4605 Paso 10X1.25 FLH;Chinas 33/34/40/43/52 Echo 2300/4300/4605 Paso 10X1.25 FLH;Desmalezadoras;;CABEZALES DE TANZA;Echo;;Chinas 33/34/40/43/52 Echo 2300/4300/4605 Paso 10X1.25 FLH;;Paso 10;;2117552.jpg;muy_baja;2 Tiempos;Desmalezadora;Cabezales porta tanza;22;grilla;;;CABEZALES DE TANZA - MANUALES - CORTE BAJO
2117554;completo;Stihl FS 160/220/280 360/450 Paso 12x1.5 FLH;Stihl FS 160/220/280 360/450 Paso 12x1.5 FLH;Desmalezadoras;;CABEZALES DE TANZA;Stihl;;Stihl FS 160/220/280 360/450 Paso 12x1.5 FLH;;Paso 12;;2117554.jpg;muy_baja;2 Tiempos;Desmalezadora;Cabezales porta tanza;22;grilla;;;CABEZALES DE TANZA - MANUALES - CORTE BAJO
2117556;completo;Husqv. 132/142R/236R 265R/345R Echo 5810 Paso 10x1.75 FLH;Husqv. 132/142R/236R 265R/345R Echo 5810 Paso 10x1.75 FLH;Desmalezadoras;;CABEZALES DE TANZA;Echo;;Husqv. 132/142R/236R 265R/345R Echo 5810 Paso 10x1.75 FLH;;Paso 10;;2117556.jpg;muy_baja;2 Tiempos;Desmalezadora;Cabezales porta tanza;22;grilla;;;CABEZALES DE TANZA - MANUALES - CORTE BAJO
2117558;falta_descripcion_con_foto;Cabezales de tanza;;Desmalezadoras;;CABEZALES DE TANZA;;;;;;;2117558.jpg;muy_baja;2 Tiempos;Desmalezadora;Cabezales porta tanza;22;grilla;categoria;;CABEZALES DE TANZA - MANUALES - CORTE BAJO
2117563;completo;Cuchillas Desmalezadora;"Cuchillas Desmalezadora Repl St 11,8”";Desmalezadoras;Desmalezadoras;Cabezales porta tanza;;;"Cuchillas Desmalezadora Repl St 11,8”";;;;2117563.jpg;muy_baja;2 Tiempos;Desmalezadora;Cabezales porta tanza;106;grilla;;;PARTES DE DESMALEZADORAS REEMPLAZO ST FS160 / 220 / 280
2117568;falta_descripcion_con_foto;Cabezales de tanza;;Desmalezadoras;;CABEZALES DE TANZA;;;;;;;2117568.jpg;muy_baja;2 Tiempos;Desmalezadora;Cabezales porta tanza;22;grilla;categoria;;CABEZALES DE TANZA - MANUALES - CORTE BAJO
2117570;completo;Cabezal Porta Tanza;Cabezal Porta Tanza Repl ST FS38 C6-2 OEM 4006 7102126;Desmalezadoras;;CABEZALES DE TANZA;;4006;Cabezal Porta Tanza Repl ST FS38 C6-2 OEM 4006 7102126;;;;2117570.jpg;muy_baja;2 Tiempos;Desmalezadora;Cabezales porta tanza;22;grilla;;;CABEZALES DE TANZA - MANUALES - CORTE BAJO
2117571;completo;Part. Aut. Repl ST FS FS38 C6-2 OEM 40067104003;Part. Aut. Repl ST FS FS38 C6-2 OEM 40067104003;Desmalezadoras;;CABEZALES DE TANZA;;40067104003;Part. Aut. Repl ST FS FS38 C6-2 OEM 40067104003;;;;2117571.jpg;muy_baja;2 Tiempos;Desmalezadora;Cabezales porta tanza;22;grilla;;;CABEZALES DE TANZA - MANUALES - CORTE BAJO
2117572;completo;Ojal;Ojal Repl ST FS38 C6-2 OEM;Desmalezadoras;;CABEZALES DE TANZA;;;Ojal Repl ST FS38 C6-2 OEM;;;;2117572.jpg;muy_baja;2 Tiempos;Desmalezadora;Cabezales porta tanza;22;grilla;;;CABEZALES DE TANZA - MANUALES - CORTE BAJO
2117573;completo;Resorte;Resorte Repl ST FS38 C6-2 OEM;Desmalezadoras;;CABEZALES DE TANZA;;;Resorte Repl ST FS38 C6-2 OEM;;;;2117573.jpg;muy_baja;2 Tiempos;Desmalezadora;Cabezales porta tanza;22;grilla;;;CABEZALES DE TANZA - MANUALES - CORTE BAJO
2117574;completo;Repl Honda UMK425E/UMK435E TANZA;Repl Honda UMK425E/UMK435E TANZA;Desmalezadoras;;CABEZALES DE TANZA;Honda;;Repl Honda UMK425E/UMK435E TANZA;;;;2117574.jpg;media;2 Tiempos;Desmalezadora;Cabezales porta tanza;23;grilla;;;CABEZALES DE TANZA - AUTOMÁTICOS - CARGA RÁPIDA
2117575;falta_descripcion_con_foto;Cabezales de tanza;;Desmalezadoras;;CABEZALES DE TANZA;;;;;;;2117575.jpg;muy_baja;2 Tiempos;Desmalezadora;Cabezales porta tanza;22;grilla;categoria;;CABEZALES DE TANZA - MANUALES - CORTE BAJO
2117576;completo;Shindaiwa C35/C350/B530 Stihl FS 500/550 Ojalillo Tuerca Cierre…;Shindaiwa C35/C350/B530 Stihl FS 500/550 Ojalillo Tuerca Cierre B450/B45LA Estrella 5P Presentación 20u. Presentación 10u. Paso 10x1.25 MLH Paso 14X1.50;Desmalezadoras;;CABEZALES DE TANZA;Stihl | Shindaiwa;;Shindaiwa C35/C350/B530 Stihl FS 500/550 Ojalillo Tuerca Cierre B450/B45LA Estrella 5P Presentación 20u. Presentación 10u. Paso 10x1.25 MLH Paso 14X1.50;;Paso 10 | Paso 14;;2117576.jpg;muy_baja;2 Tiempos;Desmalezadora;Cabezales porta tanza;22;grilla;;;CABEZALES DE TANZA - MANUALES - CORTE BAJO
2117577;completo;Resorte Presentación 10u.;Resorte Presentación 10u.;Desmalezadoras;;CABEZALES DE TANZA;;;Resorte Presentación 10u.;;;;2117577.jpg;muy_baja;2 Tiempos;Desmalezadora;Cabezales porta tanza;22;grilla;;;CABEZALES DE TANZA - MANUALES - CORTE BAJO
2117585;completo;Repl ST FS450/45280 OEM 46-2;Repl ST FS450/45280 OEM 46-2;Desmalezadoras;;CABEZALES DE TANZA;;46-2;Repl ST FS450/45280 OEM 46-2;;;;2117585.jpg;media;2 Tiempos;Desmalezadora;Cabezales porta tanza;23;grilla;;;CABEZALES DE TANZA - AUTOMÁTICOS - CARGA RÁPIDA
2117586;completo;Part. Aut. Repl ST FS FS450 46-2;Part. Aut. Repl ST FS FS450 46-2;Desmalezadoras;;CABEZALES DE TANZA;;;Part. Aut. Repl ST FS FS450 46-2;;;;2117586.jpg;media;2 Tiempos;Desmalezadora;Cabezales porta tanza;23;grilla;;;CABEZALES DE TANZA - AUTOMÁTICOS - CARGA RÁPIDA
2117587;completo;Ojal;Ojal Repl ST FS450 46-2;Desmalezadoras;;CABEZALES DE TANZA;;;Ojal Repl ST FS450 46-2;;;;2117587.jpg;media;2 Tiempos;Desmalezadora;Cabezales porta tanza;23;grilla;;;CABEZALES DE TANZA - AUTOMÁTICOS - CARGA RÁPIDA
2117588;completo;Resorte De Cabezal;Resorte De Cabezal Repl FS450/FS460 Desbrozadora 46-2;Desmalezadoras;;CABEZALES DE TANZA;;FS450/FS460;Resorte De Cabezal Repl FS450/FS460 Desbrozadora 46-2;;;;2117588.jpg;media;2 Tiempos;Desmalezadora;Cabezales porta tanza;23;grilla;;;CABEZALES DE TANZA - AUTOMÁTICOS - CARGA RÁPIDA
2117590;completo;Repl Stihl Fs 55/56/70 94/91/111/13;Repl Stihl Fs 55/56/70 94/91/111/13;Desmalezadoras;;CABEZALES DE TANZA;Stihl;;Repl Stihl Fs 55/56/70 94/91/111/13;;;;2117590.jpg;muy_baja;2 Tiempos;Desmalezadora;Cabezales porta tanza;22;grilla;;;CABEZALES DE TANZA - MANUALES - CORTE BAJO
2117591;completo;Part. Aut. Repl ST FS FS55 C26-2;Part. Aut. Repl ST FS FS55 C26-2;Desmalezadoras;;CABEZALES DE TANZA;;;Part. Aut. Repl ST FS FS55 C26-2;;;;2117591.jpg;muy_baja;2 Tiempos;Desmalezadora;Cabezales porta tanza;22;grilla;;;CABEZALES DE TANZA - MANUALES - CORTE BAJO
2117592;completo;Ojal;Ojal Repl ST FS55 C26-2;Desmalezadoras;;CABEZALES DE TANZA;;;Ojal Repl ST FS55 C26-2;;;;2117592.jpg;muy_baja;2 Tiempos;Desmalezadora;Cabezales porta tanza;22;grilla;;;CABEZALES DE TANZA - MANUALES - CORTE BAJO
2117593;completo;Resorte De Cabezal;Resorte De Cabezal Repl FS55;Desmalezadoras;;CABEZALES DE TANZA;;FS55;Resorte De Cabezal Repl FS55;;;;2117593.jpg;muy_baja;2 Tiempos;Desmalezadora;Cabezales porta tanza;22;grilla;;;CABEZALES DE TANZA - MANUALES - CORTE BAJO
2117595;completo;Stihl Trimcut 42-2;Stihl Trimcut 42-2 Repl Fs 160/220/280 OEM;Desmalezadoras;;CABEZALES DE TANZA;Stihl;;Stihl Trimcut 42-2 Repl Fs 160/220/280 OEM;;;;2117595.jpg;media;2 Tiempos;Desmalezadora;Cabezales porta tanza;23;grilla;;;CABEZALES DE TANZA - AUTOMÁTICOS - CARGA RÁPIDA
2120011;falta_descripcion_con_foto;Partes;;Desmalezadoras;Desmalezadoras;Partes;;;;;;;2120011.jpg;baja;2 Tiempos;Desmalezadora;Partes;95;grilla;categoria;;PARTES DE DESMALEZADORAS CHINAS 43CC / 52CC
2120012;falta_descripcion_con_foto;Partes;;Desmalezadoras;Desmalezadoras;Partes;;;;;;;2120012.jpg;baja;2 Tiempos;Desmalezadora;Partes;95;grilla;categoria;;PARTES DE DESMALEZADORAS CHINAS 43CC / 52CC
2120013;falta_descripcion_con_foto;Partes;;Desmalezadoras;Desmalezadoras;Partes;;;;;;;2120013.jpg;baja;2 Tiempos;Desmalezadora;Partes;95;grilla;categoria;;PARTES DE DESMALEZADORAS CHINAS 43CC / 52CC
2120014;falta_descripcion_con_foto;Partes;;Desmalezadoras;Desmalezadoras;Partes;;;;;;;2120014.jpg;baja;2 Tiempos;Desmalezadora;Partes;95;grilla;categoria;;PARTES DE DESMALEZADORAS CHINAS 43CC / 52CC
2120015;falta_descripcion_con_foto;Partes;;Desmalezadoras;Desmalezadoras;Partes;;;;;;;2120015.jpg;baja;2 Tiempos;Desmalezadora;Partes;95;grilla;categoria;;PARTES DE DESMALEZADORAS CHINAS 43CC / 52CC
2120017;completo;Capuchón de Bujía TL 33/43/52;Capuchón de Bujía TL 33/43/52;Encendido;Encendido;4T / 2T;;;Capuchón de Bujía TL 33/43/52;;;;2120017.jpg;baja;2 Tiempos;Desmalezadora;Partes;38;grilla;;;BUJIAS - 4T / 2T
2120020;completo;Llave T 13mm-19mm;Llave T 13mm-19mm;Desmalezadoras;;ACCESORIOS / HERRAMIENTAS;;;Llave T 13mm-19mm;;13mm | 19mm;;2120020.jpg;media;2 Tiempos;Desmalezadora;Partes;140;grilla;;;ACCESORIOS / HERRAMIENTAS
2120021;completo;Llave T 17mm-19mm;Llave T 17mm-19mm;Desmalezadoras;;ACCESORIOS / HERRAMIENTAS;;;Llave T 17mm-19mm;;17mm | 19mm;;2120021.jpg;media;2 Tiempos;Desmalezadora;Partes;140;grilla;;NUEVO;ACCESORIOS / HERRAMIENTAS
2120024;completo;Cañonera Completa;Cañonera Completa Repl St- FS450;Desmalezadoras;Desmalezadoras;Partes;;;Cañonera Completa Repl St- FS450;;;;2120024.jpg;muy_baja;2 Tiempos;Desmalezadora;Partes;110;grilla;;;PARTES DE DESMALEZADORAS REEMPLAZO ST FS450
2120025;completo;"Comando de acelerador, sin tubo Stihl FS80/85 PARTES DE ST FS450";"Comando de acelerador, sin tubo Stihl FS80/85 PARTES DE ST FS450";Desmalezadoras;Desmalezadoras;Partes;Stihl;;"Comando de acelerador, sin tubo Stihl FS80/85 PARTES DE ST FS450";;;;2120025.jpg;media;2 Tiempos;Desmalezadora;Partes;111;grilla;;NUEVO | VERIFICAR FOTO;PARTES DE DESMALEZADORAS REEMPLAZO ST FS160 / 220 / 280
2120027;completo;Brida Admisión;Brida Admisión Repl St- FS38/55;Desmalezadoras;Desmalezadoras;Partes;;;Brida Admisión Repl St- FS38/55;;;;2120027.jpg;muy_baja;2 Tiempos;Desmalezadora;Partes;100;grilla;;;PARTES DE DESMALEZADORAS REEMPLAZO ST FS38 / FS55
2120028;completo;Tensor;Tensor Repl St- FS38/55;Desmalezadoras;Desmalezadoras;Partes;;;Tensor Repl St- FS38/55;;;;2120028.jpg;muy_baja;2 Tiempos;Desmalezadora;Partes;101;grilla;;;PARTES DE DESMALEZADORAS REEMPLAZO ST FS38 / FS55
2120029;completo;Cardan;Cardan Repl St- FS450;Desmalezadoras;Desmalezadoras;Partes;;;Cardan Repl St- FS450;;;;2120029.jpg;muy_baja;2 Tiempos;Desmalezadora;Partes;110;grilla;;;PARTES DE DESMALEZADORAS REEMPLAZO ST FS450
2120030;completo;Carcasa De Motor Carcasa De Motor Soporte De Manillar;Carcasa De Motor Carcasa De Motor Soporte De Manillar Repl St- 002 Repl St- 003 Repl St;Desmalezadoras;Desmalezadoras;Partes;;;Carcasa De Motor Carcasa De Motor Soporte De Manillar Repl St- 002 Repl St- 003 Repl St;;;;2120030.jpg;muy_baja;2 Tiempos;Desmalezadora;Partes;101;grilla;;;PARTES DE DESMALEZADORAS REEMPLAZO ST FS38 / FS55
2120033;completo;Soporte De Manillar;Soporte De Manillar Repl St- FS160/220/280;Desmalezadoras;Desmalezadoras;Partes;;;Soporte De Manillar Repl St- FS160/220/280;;;;2120033.jpg;muy_baja;2 Tiempos;Desmalezadora;Partes;105;grilla;;;PARTES DE DESMALEZADORAS REEMPLAZO ST FS160 / 220 / 280
2120037;completo;Descompresor;Descompresor Repl St- FS450;Desmalezadoras;Desmalezadoras;Partes;;;Descompresor Repl St- FS450;;;;2120037.jpg;muy_baja;2 Tiempos;Desmalezadora;Partes;106;grilla;;;PARTES DE DESMALEZADORAS REEMPLAZO ST FS160 / 220 / 280
2120038;completo;Volante Magnético;Volante Magnético Repl St- FS450;Desmalezadoras;Desmalezadoras;Partes;;;Volante Magnético Repl St- FS450;;;;2120038.jpg;muy_baja;2 Tiempos;Desmalezadora;Partes;109;grilla;;;PARTES DE DESMALEZADORAS REEMPLAZO ST FS450
2120039;completo;Cardan;Cardan Repl St- FS160/220/280;Desmalezadoras;Desmalezadoras;Partes;;;Cardan Repl St- FS160/220/280;;;;2120039.jpg;muy_baja;2 Tiempos;Desmalezadora;Partes;105;grilla;;;PARTES DE DESMALEZADORAS REEMPLAZO ST FS160 / 220 / 280
2120040;completo;Kit Cañonera;Kit Cañonera Repl St- FS160/220/280;Desmalezadoras;Desmalezadoras;Partes;;;Kit Cañonera Repl St- FS160/220/280;;;;2120040.jpg;muy_baja;2 Tiempos;Desmalezadora;Partes;105;grilla;;;PARTES DE DESMALEZADORAS REEMPLAZO ST FS160 / 220 / 280
2120043;completo;Brida Admisión;Brida Admisión Repl St- FS450;Desmalezadoras;Desmalezadoras;Partes;;;Brida Admisión Repl St- FS450;;;;2120043.jpg;muy_baja;2 Tiempos;Desmalezadora;Partes;109;grilla;;;PARTES DE DESMALEZADORAS REEMPLAZO ST FS450
2120044;completo;Cobertor Motor;Cobertor Motor Repl St- FS450;Desmalezadoras;Desmalezadoras;Partes;;;Cobertor Motor Repl St- FS450;;;;2120044.jpg;muy_baja;2 Tiempos;Desmalezadora;Partes;106;grilla;;;PARTES DE DESMALEZADORAS REEMPLAZO ST FS160 / 220 / 280
2120046;completo;Colector De Admisión;Colector De Admisión Repl St- FS450;Desmalezadoras;Desmalezadoras;Partes;;;Colector De Admisión Repl St- FS450;;;;2120046.jpg;muy_baja;2 Tiempos;Desmalezadora;Partes;109;grilla;;;PARTES DE DESMALEZADORAS REEMPLAZO ST FS450
2120047;completo;Buje Cañonera;Buje Cañonera Repl St- FS450;Desmalezadoras;Desmalezadoras;Partes;;;Buje Cañonera Repl St- FS450;;;;2120047.jpg;muy_baja;2 Tiempos;Desmalezadora;Partes;109;grilla;;;PARTES DE DESMALEZADORAS REEMPLAZO ST FS450
2120048;completo;Manija Izquierda;Manija Izquierda Repl St- FS450;Desmalezadoras;Desmalezadoras;Partes;;;Manija Izquierda Repl St- FS450;;;;2120048.jpg;media;2 Tiempos;Desmalezadora;Partes;110;grilla;;;PARTES DE DESMALEZADORAS REEMPLAZO ST FS450
2120051;falta_descripcion_con_foto;Partes;;Desmalezadoras;Desmalezadoras;Partes;;;;;;;2120051.jpg;baja;2 Tiempos;Desmalezadora;Partes;95;grilla;categoria;;PARTES DE DESMALEZADORAS CHINAS 43CC / 52CC
2120058;falta_descripcion_con_foto;Partes;;Desmalezadoras;Desmalezadoras;Partes;;;;;;;2120058.jpg;muy_baja;2 Tiempos;Desmalezadora;Partes;100;grilla;categoria;;PARTES DE DESMALEZADORAS REEMPLAZO ST FS38 / FS55
2120059;falta_descripcion_con_foto;Partes;;Desmalezadoras;Desmalezadoras;Partes;;;;;;;2120059.jpg;muy_baja;2 Tiempos;Desmalezadora;Partes;100;grilla;categoria;;PARTES DE DESMALEZADORAS REEMPLAZO ST FS38 / FS55
2120060;completo;Cobertor De Cabezal;Cobertor De Cabezal Repl St;Desmalezadoras;Desmalezadoras;Partes;;;Cobertor De Cabezal Repl St;;;;2120060.jpg;muy_baja;2 Tiempos;Desmalezadora;Partes;101;grilla;;;PARTES DE DESMALEZADORAS REEMPLAZO ST FS38 / FS55
2120061;completo;Cobertor De Cabezal;Cobertor De Cabezal Repl St- FS160/220/280 OLD;Desmalezadoras;Desmalezadoras;Partes;;;Cobertor De Cabezal Repl St- FS160/220/280 OLD;;;;2120061.jpg;muy_baja;2 Tiempos;Desmalezadora;Partes;105;grilla;;;PARTES DE DESMALEZADORAS REEMPLAZO ST FS160 / 220 / 280
2120062;completo;Cortador Protector Cobertor De Cabezal Protector De Cobertor…;Cortador Protector Cobertor De Cabezal Protector De Cobertor Puntera De Cabezal Caja De Engranajes De Cabezal Repl St- Repl St- Repl St- FS38 Repl St- Repl St;Desmalezadoras;Desmalezadoras;Partes;;;Cortador Protector Cobertor De Cabezal Protector De Cobertor Puntera De Cabezal Caja De Engranajes De Cabezal Repl St- Repl St- Repl St- FS38 Repl St- Repl St;;;;2120062.jpg;muy_baja;2 Tiempos;Desmalezadora;Partes;101;grilla;;;PARTES DE DESMALEZADORAS REEMPLAZO ST FS38 / FS55
2120063;falta_descripcion_con_foto;Partes — Husqvarna;;Desmalezadoras;Desmalezadoras;Partes;Husqvarna;;;;;;2120063.jpg;muy_baja;2 Tiempos;Desmalezadora;Partes;98;grilla;categoria;;PARTES DE DESMALEZADORAS REEMPLAZO HUSQVARNA 143R
2120069;falta_descripcion_con_foto;Partes;;Desmalezadoras;Desmalezadoras;Partes;;;;;;;2120069.jpg;media;2 Tiempos;Desmalezadora;Partes;93;grilla;categoria;;PARTES DE DESMALEZADORAS CHINAS 26CC
2120070;falta_descripcion_con_foto;Partes;;Desmalezadoras;Desmalezadoras;Partes;;;;;;;2120070.jpg;media;2 Tiempos;Desmalezadora;Partes;94;grilla;categoria;;PARTES DE DESMALEZADORAS CHINAS 43CC / 52CC
2120073;completo;Volante Magnético;Volante Magnético Repl St- FS160/220/280;Desmalezadoras;Desmalezadoras;Partes;;;Volante Magnético Repl St- FS160/220/280;;;;2120073.jpg;muy_baja;2 Tiempos;Desmalezadora;Partes;104;grilla;;;PARTES DE DESMALEZADORAS REEMPLAZO ST FS160 / 220 / 280
2120074;falta_descripcion_con_foto;Partes — Husqvarna;;Desmalezadoras;Desmalezadoras;Partes;Husqvarna;;;;;;2120074.jpg;media;2 Tiempos;Desmalezadora;Partes;97;grilla;categoria;;PARTES DE DESMALEZADORAS REEMPLAZO HUSQVARNA 143R
2120075;falta_descripcion_con_foto;Partes;;Desmalezadoras;Desmalezadoras;Partes;;;;;;;2120075.jpg;muy_baja;2 Tiempos;Desmalezadora;Partes;100;grilla;categoria;;PARTES DE DESMALEZADORAS REEMPLAZO ST FS38 / FS55
2120076;completo;Manillar Acelerador;Manillar Acelerador Repl St;Desmalezadoras;Desmalezadoras;Partes;;;Manillar Acelerador Repl St;;;;2120076.jpg;muy_baja;2 Tiempos;Desmalezadora;Partes;101;grilla;;;PARTES DE DESMALEZADORAS REEMPLAZO ST FS38 / FS55
2120077;completo;Caño Compl;Caño Compl Repl St- FS38/55 /;Desmalezadoras;Desmalezadoras;Partes;;;Caño Compl Repl St- FS38/55 /;;;;2120077.jpg;muy_baja;2 Tiempos;Desmalezadora;Partes;101;grilla;;;PARTES DE DESMALEZADORAS REEMPLAZO ST FS38 / FS55
2120078;completo;Cardan Flexible 1440-D6-S (5*5mm) Repl St;Cardan Flexible 1440-D6-S (5*5mm) Repl St;Desmalezadoras;Desmalezadoras;Partes;;;Cardan Flexible 1440-D6-S (5*5mm) Repl St;;5mm;;2120078.jpg;muy_baja;2 Tiempos;Desmalezadora;Partes;101;grilla;;;PARTES DE DESMALEZADORAS REEMPLAZO ST FS38 / FS55
2120079;completo;Cardan Flexible 1240-D6-S (5*5mm) Repl St- FS38;Cardan Flexible 1240-D6-S (5*5mm) Repl St- FS38;Desmalezadoras;Desmalezadoras;Partes;;;Cardan Flexible 1240-D6-S (5*5mm) Repl St- FS38;;5mm;;2120079.jpg;muy_baja;2 Tiempos;Desmalezadora;Partes;101;grilla;;;PARTES DE DESMALEZADORAS REEMPLAZO ST FS38 / FS55
2120085;completo;Arandela Elástica;Arandela Elástica Repl St- FS38/55 /;Desmalezadoras;Desmalezadoras;Partes;;;Arandela Elástica Repl St- FS38/55 /;;;;2120085.jpg;muy_baja;2 Tiempos;Desmalezadora;Partes;100;grilla;;;PARTES DE DESMALEZADORAS REEMPLAZO ST FS38 / FS55
2120087;completo;Comando De Acelerador;Comando De Acelerador Repl St- FS160/220/280;Desmalezadoras;Desmalezadoras;Partes;;;Comando De Acelerador Repl St- FS160/220/280;;;;2120087.jpg;muy_baja;2 Tiempos;Desmalezadora;Partes;105;grilla;;;PARTES DE DESMALEZADORAS REEMPLAZO ST FS160 / 220 / 280
2120090;completo;Comando Acelerador;Comando Acelerador Repl Hus-143R;Desmalezadoras;Desmalezadoras;Partes;Husqvarna;Hus-143R;Comando Acelerador Repl Hus-143R;;;;2120090.jpg;media;2 Tiempos;Desmalezadora;Partes;97;grilla;;;PARTES DE DESMALEZADORAS REEMPLAZO HUSQVARNA 143R
2120091;completo;Kit Enganche De Arnés;Kit Enganche De Arnés Repl Hus-143R;Desmalezadoras;Desmalezadoras;Partes;Husqvarna;Hus-143R;Kit Enganche De Arnés Repl Hus-143R;;;;2120091.jpg;media;2 Tiempos;Desmalezadora;Partes;97;grilla;;;PARTES DE DESMALEZADORAS REEMPLAZO HUSQVARNA 143R
2120092;completo;Soporte Manillar;Soporte Manillar Repl Hus-143R;Desmalezadoras;Desmalezadoras;Partes;Husqvarna;Hus-143R;Soporte Manillar Repl Hus-143R;;;;2120092.jpg;media;2 Tiempos;Desmalezadora;Partes;97;grilla;;;PARTES DE DESMALEZADORAS REEMPLAZO HUSQVARNA 143R
2120093;falta_descripcion_con_foto;Partes — Husqvarna;;Desmalezadoras;Desmalezadoras;Partes;Husqvarna;;;;;;2120093.jpg;muy_baja;2 Tiempos;Desmalezadora;Partes;98;grilla;categoria;;PARTES DE DESMALEZADORAS REEMPLAZO HUSQVARNA 143R
2120094;falta_descripcion_con_foto;Partes — Husqvarna;;Desmalezadoras;Desmalezadoras;Partes;Husqvarna;;;;;;2120094.jpg;muy_baja;2 Tiempos;Desmalezadora;Partes;98;grilla;categoria;;PARTES DE DESMALEZADORAS REEMPLAZO HUSQVARNA 143R
2120095;completo;Brida De Admisión;Brida De Admisión Repl Hus-143R;Desmalezadoras;Desmalezadoras;Partes;Husqvarna;Hus-143R;Brida De Admisión Repl Hus-143R;;;;2120095.jpg;media;2 Tiempos;Desmalezadora;Partes;97;grilla;;;PARTES DE DESMALEZADORAS REEMPLAZO HUSQVARNA 143R
2120096;completo;Soporte Escape Cobertor Lateral;Soporte Escape Cobertor Lateral Repl Hus-143R Repl Hus-143R;Desmalezadoras;Desmalezadoras;Partes;Husqvarna;Hus-143R;Soporte Escape Cobertor Lateral Repl Hus-143R Repl Hus-143R;;;;2120096.jpg;media;2 Tiempos;Desmalezadora;Partes;96;grilla;;;PARTES DE DESMALEZADORAS REEMPLAZO HUSQVARNA 143R
2120097;falta_descripcion_con_foto;Partes — Husqvarna;;Desmalezadoras;Desmalezadoras;Partes;Husqvarna;;;;;;2120097.jpg;media;2 Tiempos;Desmalezadora;Partes;97;grilla;categoria;;PARTES DE DESMALEZADORAS REEMPLAZO HUSQVARNA 143R
2120098;completo;Carcasa De Motor;Carcasa De Motor Repl Hus-143R;Desmalezadoras;Desmalezadoras;Partes;Husqvarna;Hus-143R;Carcasa De Motor Repl Hus-143R;;;;2120098.jpg;media;2 Tiempos;Desmalezadora;Partes;96;grilla;;;PARTES DE DESMALEZADORAS REEMPLAZO HUSQVARNA 143R
2120099;falta_descripcion_con_foto;Partes — Husqvarna;;Desmalezadoras;Desmalezadoras;Partes;Husqvarna;;;;;;2120099.jpg;media;2 Tiempos;Desmalezadora;Partes;96;grilla;categoria;;PARTES DE DESMALEZADORAS REEMPLAZO HUSQVARNA 143R
2120100;completo;Cobertor Superior;Cobertor Superior Repl Hus-143R;Desmalezadoras;Desmalezadoras;Partes;Husqvarna;Hus-143R;Cobertor Superior Repl Hus-143R;;;;2120100.jpg;media;2 Tiempos;Desmalezadora;Partes;96;grilla;;;PARTES DE DESMALEZADORAS REEMPLAZO HUSQVARNA 143R
2120101;falta_descripcion_con_foto;Partes — Husqvarna;;Desmalezadoras;Desmalezadoras;Partes;Husqvarna;;;;;;2120101.jpg;muy_baja;2 Tiempos;Desmalezadora;Partes;98;grilla;categoria;;PARTES DE DESMALEZADORAS REEMPLAZO HUSQVARNA 143R
2120105;completo;"Kit de protector (traba metálica,…";"Kit de protector (traba metálica,…";Desmalezadoras;Desmalezadoras;Partes;;;"Kit de protector (traba metálica,…";;;;2120105.jpg;baja;2 Tiempos;Desmalezadora;Partes;99;grilla;;;PARTES DE DESMALEZADORAS REEMPLAZO ST FS160 / 220 / 280
2120107;completo;Eje de transmisión (cardán 9…;Eje de transmisión (cardán 9…;Desmalezadoras;Desmalezadoras;CABLES ACELERADOR;;;Eje de transmisión (cardán 9…;;;;2120107.jpg;baja;2 Tiempos;Desmalezadora;Partes;114;grilla;;;DESMALEZADORAS - CABLES ACELERADOR - REEMPLAZOS
2120109;falta_descripcion_con_foto;Partes;;Desmalezadoras;Desmalezadoras;Partes;;;;;;;2120109.jpg;muy_baja;2 Tiempos;Desmalezadora;Partes;101;grilla;categoria;;PARTES DE DESMALEZADORAS REEMPLAZO ST FS38 / FS55
2120110;completo;Cortador De Cobertor;Cortador De Cobertor Repl St- FS160/220/280;Desmalezadoras;Desmalezadoras;Partes;;;Cortador De Cobertor Repl St- FS160/220/280;;;;2120110.jpg;muy_baja;2 Tiempos;Desmalezadora;Partes;105;grilla;;;PARTES DE DESMALEZADORAS REEMPLAZO ST FS160 / 220 / 280
2120585;completo;Plástico Cobertor Soporte;Plástico Cobertor Soporte Repl St- FS450;Desmalezadoras;Desmalezadoras;Partes;;;Plástico Cobertor Soporte Repl St- FS450;;;;2120585.jpg;muy_baja;2 Tiempos;Desmalezadora;Partes;109;grilla;;;PARTES DE DESMALEZADORAS REEMPLAZO ST FS450
2120586;completo;Soporte Plástico;Soporte Plástico Repl St- FS450;Desmalezadoras;Desmalezadoras;Partes;;;Soporte Plástico Repl St- FS450;;;;2120586.jpg;muy_baja;2 Tiempos;Desmalezadora;Partes;110;grilla;;;PARTES DE DESMALEZADORAS REEMPLAZO ST FS450
2120588;completo;Buje Caja;Buje Caja Repl St- FS450;Desmalezadoras;Desmalezadoras;Partes;;;Buje Caja Repl St- FS450;;;;2120588.jpg;muy_baja;2 Tiempos;Desmalezadora;Partes;110;grilla;;;PARTES DE DESMALEZADORAS REEMPLAZO ST FS450
2121061;falta_descripcion;Mangueras de combustible;;Carburación;Carburación;MANGUERAS DE COMBUSTIBLE;;;;;;;;;2 Tiempos;Desmalezadora;Mangueras;40;grilla;categoria;;CARBURACIÓN - MANGUERAS DE COMBUSTIBLE
2121062;falta_descripcion;Manguera de combustible;;Carburación;Carburación;MANGUERA DE COMBUSTIBLE;;;;;;;;;2 Tiempos;Desmalezadora;Mangueras;42;grilla;categoria;;CARBURACIÓN - MANGUERA DE COMBUSTIBLE - MOTOSIERRAS - DESMALEZADORAS
2121065;completo;Manguera Comb;Manguera Comb Repl St- FS450;Desmalezadoras;Desmalezadoras;Mangueras;;;Manguera Comb Repl St- FS450;;;;2121065.jpg;muy_baja;2 Tiempos;Desmalezadora;Mangueras;109;grilla;;;PARTES DE DESMALEZADORAS REEMPLAZO ST FS450
2122112;falta_descripcion_con_foto;Cigüeñal;;Desmalezadoras;Desmalezadoras;Cigüeñal;;;;;;;2122112.jpg;media;2 Tiempos;Desmalezadora;Cigüeñal;93;grilla;categoria;;PARTES DE DESMALEZADORAS CHINAS 26CC
2122113;falta_descripcion_con_foto;Cigüeñal;;Desmalezadoras;Desmalezadoras;Cigüeñal;;;;;;;2122113.jpg;media;2 Tiempos;Desmalezadora;Cigüeñal;94;grilla;categoria;;PARTES DE DESMALEZADORAS CHINAS 43CC / 52CC
2122121;falta_descripcion_con_foto;Cigüeñal;;Desmalezadoras;Desmalezadoras;Cigüeñal;;;;;;;2122121.jpg;media;2 Tiempos;Desmalezadora;Cigüeñal;93;grilla;categoria;;PARTES DE DESMALEZADORAS CHINAS 26CC
2122122;falta_descripcion_con_foto;Cigüeñal;;Desmalezadoras;Desmalezadoras;Cigüeñal;;;;;;;2122122.jpg;media;2 Tiempos;Desmalezadora;Cigüeñal;94;grilla;categoria;;PARTES DE DESMALEZADORAS CHINAS 43CC / 52CC
2122128;completo;Kit Pistón Y Aros Aros De Pistón Cigüeñal;Kit Pistón Y Aros Aros De Pistón Cigüeñal Repl St- FS38/55 34mm Repl St- FS38/55 34mm Repl St- FS38/55;Desmalezadoras;Desmalezadoras;Cigüeñal;Husqvarna;;Kit Pistón Y Aros Aros De Pistón Cigüeñal Repl St- FS38/55 34mm Repl St- FS38/55 34mm Repl St- FS38/55;;34mm;;2122128.jpg;muy_baja;2 Tiempos;Desmalezadora;Cigüeñal;98;grilla;;;PARTES DE DESMALEZADORAS REEMPLAZO HUSQVARNA 143R
2122129;completo;Cigüeñal Stihl FS85;Cigüeñal Stihl FS85;Desmalezadoras;Desmalezadoras;Cigüeñal;Stihl;;Cigüeñal Stihl FS85;;;;2122129.jpg;baja;2 Tiempos;Desmalezadora;Cigüeñal;99;grilla;;NUEVO;PARTES DE DESMALEZADORAS REEMPLAZO ST FS160 / 220 / 280
2122130;completo;Cigüeñal;Cigüeñal Repl St- FS160/220/280;Desmalezadoras;Desmalezadoras;Cigüeñal;;;Cigüeñal Repl St- FS160/220/280;;;;2122130.jpg;muy_baja;2 Tiempos;Desmalezadora;Cigüeñal;104;grilla;;;PARTES DE DESMALEZADORAS REEMPLAZO ST FS160 / 220 / 280
2122132;completo;Cigüeñal;Cigüeñal Repl St- FS450;Desmalezadoras;Desmalezadoras;Cigüeñal;;;Cigüeñal Repl St- FS450;;;;2122132.jpg;muy_baja;2 Tiempos;Desmalezadora;Cigüeñal;106;grilla;;;PARTES DE DESMALEZADORAS REEMPLAZO ST FS160 / 220 / 280
2122136;completo;Cigüeñal Stihl FS120/200/250;Cigüeñal Stihl FS120/200/250;Desmalezadoras;Desmalezadoras;Cigüeñal;Stihl;;Cigüeñal Stihl FS120/200/250;;;;2122136.jpg;baja;2 Tiempos;Desmalezadora;Cigüeñal;99;grilla;;NUEVO;PARTES DE DESMALEZADORAS REEMPLAZO ST FS160 / 220 / 280
2122138;completo;Block;Block Repl St- FS450;Desmalezadoras;Desmalezadoras;Cigüeñal;;;Block Repl St- FS450;;;;2122138.jpg;muy_baja;2 Tiempos;Desmalezadora;Cigüeñal;106;grilla;;;PARTES DE DESMALEZADORAS REEMPLAZO ST FS160 / 220 / 280
2122140;completo;Bloque de cárter Stihl FS160/220/280;Bloque de cárter Stihl FS160/220/280;Desmalezadoras;Desmalezadoras;Cigüeñal;Stihl;;Bloque de cárter Stihl FS160/220/280;;;;2122140.jpg;baja;2 Tiempos;Desmalezadora;Cigüeñal;99;grilla;;;PARTES DE DESMALEZADORAS REEMPLAZO ST FS160 / 220 / 280
2122141;completo;Cigüeñal Husqvarna 128R;Cigüeñal Husqvarna 128R;Desmalezadoras;Desmalezadoras;Cigüeñal;Husqvarna;;Cigüeñal Husqvarna 128R;;;;;;2 Tiempos;Desmalezadora;Cigüeñal;99;grilla;;;PARTES DE DESMALEZADORAS REEMPLAZO ST FS160 / 220 / 280
2122143;completo;Cigüeñal;Cigüeñal Repl Hus-143R;Desmalezadoras;Desmalezadoras;Cigüeñal;Husqvarna;Hus-143R;Cigüeñal Repl Hus-143R;;;;2122143.jpg;media;2 Tiempos;Desmalezadora;Cigüeñal;96;grilla;;;PARTES DE DESMALEZADORAS REEMPLAZO HUSQVARNA 143R
2122148;falta_descripcion_con_foto;Cigüeñal — Husqvarna;;Desmalezadoras;Desmalezadoras;Cigüeñal;Husqvarna;;;;;;2122148.jpg;media;2 Tiempos;Desmalezadora;Cigüeñal;96;grilla;categoria;;PARTES DE DESMALEZADORAS REEMPLAZO HUSQVARNA 143R
2122151;falta_descripcion_con_foto;Cigüeñal;;Desmalezadoras;Desmalezadoras;Cigüeñal;;;;;;;2122151.jpg;media;2 Tiempos;Desmalezadora;Cigüeñal;93;grilla;categoria;;PARTES DE DESMALEZADORAS CHINAS 26CC
2122152;falta_descripcion_con_foto;Cigüeñal;;Desmalezadoras;Desmalezadoras;Cigüeñal;;;;;;;2122152.jpg;media;2 Tiempos;Desmalezadora;Cigüeñal;93;grilla;categoria;;PARTES DE DESMALEZADORAS CHINAS 26CC
2122153;falta_descripcion_con_foto;Cigüeñal;;Desmalezadoras;Desmalezadoras;Cigüeñal;;;;;;;2122153.jpg;media;2 Tiempos;Desmalezadora;Cigüeñal;94;grilla;categoria;;PARTES DE DESMALEZADORAS CHINAS 43CC / 52CC
2122154;falta_descripcion_con_foto;Cigüeñal;;Desmalezadoras;Desmalezadoras;Cigüeñal;;;;;;;2122154.jpg;media;2 Tiempos;Desmalezadora;Cigüeñal;94;grilla;categoria;;PARTES DE DESMALEZADORAS CHINAS 43CC / 52CC
2122160;completo;Jaula De Pistón;Jaula De Pistón Repl St- FS450;Desmalezadoras;Desmalezadoras;Cigüeñal;;;Jaula De Pistón Repl St- FS450;;;;2122160.jpg;muy_baja;2 Tiempos;Desmalezadora;Cigüeñal;106;grilla;;;PARTES DE DESMALEZADORAS REEMPLAZO ST FS160 / 220 / 280
2124221;falta_descripcion_con_foto;Repuestos;;Sistemas de arranque;Sistemas de arranque;REPUESTOS;;;;;;;2124221.jpg;baja;2 Tiempos;Desmalezadora;Bobina de ignición;91;grilla;categoria;;SISTEMA DE ARRANQUE - MOTOSIERRAS - REPUESTOS
2124222;falta_descripcion_con_foto;Bobina de ignición;;Desmalezadoras;Desmalezadoras;Bobina de ignición;;;;;;;2124222.jpg;media;2 Tiempos;Desmalezadora;Bobina de ignición;94;grilla;categoria;;PARTES DE DESMALEZADORAS CHINAS 43CC / 52CC
2124230;completo;Volante Magnético Bobina De Ignición;Volante Magnético Bobina De Ignición Repl St- FS38/55 Repl St- FS38/55;Desmalezadoras;Desmalezadoras;Bobina de ignición;;;Volante Magnético Bobina De Ignición Repl St- FS38/55 Repl St- FS38/55;;;;2124230.jpg;muy_baja;2 Tiempos;Desmalezadora;Bobina de ignición;100;grilla;;;PARTES DE DESMALEZADORAS REEMPLAZO ST FS38 / FS55
2124231;completo;Bobina de Ignicion ST-FS120/200;Bobina de Ignicion ST-FS120/200;Desmalezadoras;;BOBINA DE INGNICION 2T;;;Bobina de Ignicion ST-FS120/200;;;;2124231.jpg;media;2 Tiempos;Desmalezadora;Bobina de ignición;126;grilla;;;BOBINA DE INGNICION 2T
2124232;completo;Boobina De Ignición;Boobina De Ignición Repl St- FS160/220/280;Desmalezadoras;Desmalezadoras;Bobina de ignición;;;Boobina De Ignición Repl St- FS160/220/280;;;;2124232.jpg;muy_baja;2 Tiempos;Desmalezadora;Bobina de ignición;104;grilla;;;PARTES DE DESMALEZADORAS REEMPLAZO ST FS160 / 220 / 280
2124233;completo;Bobina Ignición;Bobina Ignición Repl St- FS450;Desmalezadoras;Desmalezadoras;Bobina de ignición;;;Bobina Ignición Repl St- FS450;;;;2124233.jpg;muy_baja;2 Tiempos;Desmalezadora;Bobina de ignición;109;grilla;;;PARTES DE DESMALEZADORAS REEMPLAZO ST FS450
2124235;completo;Bobina de encendido Stihl FS85;Bobina de encendido Stihl FS85;Desmalezadoras;;BOBINA DE INGNICION 2T;Stihl;;Bobina de encendido Stihl FS85;;;;2124235.jpg;media;2 Tiempos;Desmalezadora;Bobina de ignición;127;grilla;;;BOBINA DE INGNICION 2T
2124236;completo;Bobina de encendido Stihl FS161/221/291;Bobina de encendido Stihl FS161/221/291;Desmalezadoras;;BOBINA DE INGNICION 2T;Stihl;;Bobina de encendido Stihl FS161/221/291;;;;2124236.jpg;media;2 Tiempos;Desmalezadora;Bobina de ignición;127;grilla;;NUEVO | VERIFICAR FOTO;BOBINA DE INGNICION 2T
2124240;completo;Bobina de Ignicion ECHO SRM4605;Bobina de Ignicion ECHO SRM4605;Desmalezadoras;;BOBINA DE INGNICION 2T;Echo;;Bobina de Ignicion ECHO SRM4605;;;;2124240.jpg;media;2 Tiempos;Desmalezadora;Bobina de ignición;126;grilla;;;BOBINA DE INGNICION 2T
2124245;completo;Bobina de encendido TLE43 Kasei BC46 BC430;Bobina de encendido TLE43 Kasei BC46 BC430;Desmalezadoras;;BOBINA DE INGNICION 2T;;;Bobina de encendido TLE43 Kasei BC46 BC430;;;;2124245.jpg;media;2 Tiempos;Desmalezadora;Bobina de ignición;124;grilla;;;BOBINA DE INGNICION 2T
2124246;completo;Bobina de encendido Oleo Mac SPARTA42/44;Bobina de encendido Oleo Mac SPARTA42/44;Desmalezadoras;;BOBINA DE INGNICION 2T;Oleo Mac;;Bobina de encendido Oleo Mac SPARTA42/44;;;;2124246.jpg;media;2 Tiempos;Desmalezadora;Bobina de ignición;124;grilla;;NUEVO;BOBINA DE INGNICION 2T
2124247;completo;Bobina de encendido Oleo Mac 753/746/750/453 CAMPANA DE EMBRAGUE;Bobina de encendido Oleo Mac 753/746/750/453 CAMPANA DE EMBRAGUE;Desmalezadoras;;BOBINA DE INGNICION 2T;Oleo Mac;;Bobina de encendido Oleo Mac 753/746/750/453 CAMPANA DE EMBRAGUE;;;;2124247.jpg;media;2 Tiempos;Desmalezadora;Bobina de ignición;124;grilla;;NUEVO;BOBINA DE INGNICION 2T
2124248;completo;Bobina de encendido Shindaiwa Shindawa- C230;Bobina de encendido Shindaiwa Shindawa- C230;Desmalezadoras;;BOBINA DE INGNICION 2T;Shindaiwa;;Bobina de encendido Shindaiwa Shindawa- C230;;;;2124248.jpg;media;2 Tiempos;Desmalezadora;Bobina de ignición;124;grilla;;NUEVO;BOBINA DE INGNICION 2T
2124249;falta_descripcion_con_foto;Bobina de ignición — Husqvarna;;Desmalezadoras;Desmalezadoras;Bobina de ignición;Husqvarna;;;;;;2124249.jpg;media;2 Tiempos;Desmalezadora;Bobina de ignición;97;grilla;categoria;;PARTES DE DESMALEZADORAS REEMPLAZO HUSQVARNA 143R
2125151;completo;Cable Acelerador Tl33 43 52;Cable Acelerador Tl33 43 52;Desmalezadoras;Desmalezadoras;C ABLES ACELERADOR;;;Cable Acelerador Tl33 43 52;;;;2125151.jpg;muy_baja;2 Tiempos;Desmalezadora;Cables;112;grilla;;;DESMALEZADORAS - C ABLES ACELERADOR - REEMPLAZOS
2125152;falta_descripcion_con_foto;C ables acelerador;;Desmalezadoras;Desmalezadoras;C ABLES ACELERADOR;;;;;;;2125152.jpg;muy_baja;2 Tiempos;Desmalezadora;Cables;112;grilla;categoria;;DESMALEZADORAS - C ABLES ACELERADOR - REEMPLAZOS
2125153;falta_descripcion_con_foto;C ables acelerador;;Desmalezadoras;Desmalezadoras;C ABLES ACELERADOR;;;;;;;2125153.jpg;muy_baja;2 Tiempos;Desmalezadora;Cables;112;grilla;categoria;;DESMALEZADORAS - C ABLES ACELERADOR - REEMPLAZOS
2125154;completo;Cable Acelerador;Cable Acelerador Repl St- FS38/55;Desmalezadoras;Desmalezadoras;Cables;;;Cable Acelerador Repl St- FS38/55;;;;2125154.jpg;muy_baja;2 Tiempos;Desmalezadora;Cables;101;grilla;;;PARTES DE DESMALEZADORAS REEMPLAZO ST FS38 / FS55
2125156;completo;Cable Acelerador Completo;Cable Acelerador Completo Repl St- FS160/220/280;Desmalezadoras;Desmalezadoras;Cables;;;Cable Acelerador Completo Repl St- FS160/220/280;;;;2125156.jpg;muy_baja;2 Tiempos;Desmalezadora;Cables;105;grilla;;;PARTES DE DESMALEZADORAS REEMPLAZO ST FS160 / 220 / 280
2125157;completo;Cable Acelerador Completo;Cable Acelerador Completo Repl St- FS450;Desmalezadoras;Desmalezadoras;Cables;;;Cable Acelerador Completo Repl St- FS450;;;;2125157.jpg;media;2 Tiempos;Desmalezadora;Cables;110;grilla;;;PARTES DE DESMALEZADORAS REEMPLAZO ST FS450
2125158;completo;CAJAS DE ENGRANAJES;CAJAS DE ENGRANAJES;Desmalezadoras;Desmalezadoras;C ABLES ACELERADOR;;;CAJAS DE ENGRANAJES;;;;2125158.jpg;muy_baja;2 Tiempos;Desmalezadora;Cables;112;grilla;;;DESMALEZADORAS - C ABLES ACELERADOR - REEMPLAZOS
2125159;completo;ST-FS80/85;ST-FS80/85;Desmalezadoras;Desmalezadoras;Cables;;;ST-FS80/85;;;;2125159.jpg;media;2 Tiempos;Desmalezadora;Cables;111;grilla;;;PARTES DE DESMALEZADORAS REEMPLAZO ST FS160 / 220 / 280
2125161;completo;Varilla de acelerador (cable) Husqvarna 365/372;Varilla de acelerador (cable) Husqvarna 365/372;Desmalezadoras;Desmalezadoras;Cables;Husqvarna;;Varilla de acelerador (cable) Husqvarna 365/372;;;;2125161.jpg;media;2 Tiempos;Desmalezadora;Cables;103;grilla;;;PARTES DE DESMALEZADORAS REEMPLAZO ST FS38 / FS55
2125162;completo;Cable Acelerador;Cable Acelerador Repl Hus-143R;Desmalezadoras;Desmalezadoras;Cables;Husqvarna;Hus-143R;Cable Acelerador Repl Hus-143R;;;;2125162.jpg;media;2 Tiempos;Desmalezadora;Cables;97;grilla;;;PARTES DE DESMALEZADORAS REEMPLAZO HUSQVARNA 143R
2125163;completo;Juego de cable de acelerador 4203… Stihl FS55;Juego de cable de acelerador 4203… Stihl FS55;Desmalezadoras;Desmalezadoras;Cables;Stihl;;Juego de cable de acelerador 4203… Stihl FS55;;;;2125163.jpg;media;2 Tiempos;Desmalezadora;Cables;111;grilla;;;PARTES DE DESMALEZADORAS REEMPLAZO ST FS160 / 220 / 280
2125165;completo;Juego de cable de acelerador Stihl FS120/200/250;Juego de cable de acelerador Stihl FS120/200/250;Desmalezadoras;Desmalezadoras;Cables;Stihl;;Juego de cable de acelerador Stihl FS120/200/250;;;;2125165.jpg;media;2 Tiempos;Desmalezadora;Cables;111;grilla;;;PARTES DE DESMALEZADORAS REEMPLAZO ST FS160 / 220 / 280
2125166;completo;Juego de cable de acelerador Stihl FS160/220/280;Juego de cable de acelerador Stihl FS160/220/280;Desmalezadoras;Desmalezadoras;Cables;Stihl;;Juego de cable de acelerador Stihl FS160/220/280;;;;2125166.jpg;media;2 Tiempos;Desmalezadora;Cables;111;grilla;;;PARTES DE DESMALEZADORAS REEMPLAZO ST FS160 / 220 / 280
2125167;completo;Comando Acelerador Sin Caño;Comando Acelerador Sin Caño Repl St- FS450;Desmalezadoras;Desmalezadoras;Cables;;;Comando Acelerador Sin Caño Repl St- FS450;;;;2125167.jpg;muy_baja;2 Tiempos;Desmalezadora;Cables;110;grilla;;;PARTES DE DESMALEZADORAS REEMPLAZO ST FS450
2125168;completo;Juego de cable de acelerador Stihl FS400/450/480;Juego de cable de acelerador Stihl FS400/450/480;Desmalezadoras;Desmalezadoras;Cables;Stihl;;Juego de cable de acelerador Stihl FS400/450/480;;;;2125168.jpg;media;2 Tiempos;Desmalezadora;Cables;111;grilla;;;PARTES DE DESMALEZADORAS REEMPLAZO ST FS160 / 220 / 280
2125169;completo;Caja Engranajes Cable Acelerador Solo Grasa De Caja Engranajes;Caja Engranajes Cable Acelerador Solo Grasa De Caja Engranajes Repl St- FS450 Repl St- FS450 50gr;Desmalezadoras;Desmalezadoras;Cables;;;Caja Engranajes Cable Acelerador Solo Grasa De Caja Engranajes Repl St- FS450 Repl St- FS450 50gr;;;;2125169.jpg;media;2 Tiempos;Desmalezadora;Cables;110;grilla;;;PARTES DE DESMALEZADORAS REEMPLAZO ST FS450
2125170;completo;Juego de cable de acelerador;Juego de cable de acelerador;Desmalezadoras;Desmalezadoras;Cables;;;Juego de cable de acelerador;;;;2125170.jpg;baja;2 Tiempos;Desmalezadora;Cables;99;grilla;;;PARTES DE DESMALEZADORAS REEMPLAZO ST FS160 / 220 / 280
2125171;completo;Cable Acelerador;Cable Acelerador Repl St- FS160/220/280 / 220 / 280;Desmalezadoras;Desmalezadoras;Cables;;;Cable Acelerador Repl St- FS160/220/280 / 220 / 280;;;;2125171.jpg;muy_baja;2 Tiempos;Desmalezadora;Cables;105;grilla;;;PARTES DE DESMALEZADORAS REEMPLAZO ST FS160 / 220 / 280
2127010;completo;Cuchilla 43/52 Desmalezadoras 43-53cc;Cuchilla 43/52 Desmalezadoras 43-53cc;Desmalezadoras;Desmalezadoras;Retén;;;Cuchilla 43/52 Desmalezadoras 43-53cc;;53cc;;2127010.jpg;baja;2 Tiempos;Desmalezadora;Retén;95;grilla;;;PARTES DE DESMALEZADORAS CHINAS 43CC / 52CC
2127015;completo;Retén De Aceite;Retén De Aceite Repl St- FS38/55;Desmalezadoras;Desmalezadoras;Retén;Husqvarna;;Retén De Aceite Repl St- FS38/55;;;;2127015.jpg;muy_baja;2 Tiempos;Desmalezadora;Retén;98;grilla;;;PARTES DE DESMALEZADORAS REEMPLAZO HUSQVARNA 143R
2127016;completo;Retén De Aceite;Retén De Aceite Repl St- FS160/220/280;Desmalezadoras;Desmalezadoras;Retén;;;Retén De Aceite Repl St- FS160/220/280;;;;2127016.jpg;muy_baja;2 Tiempos;Desmalezadora;Retén;104;grilla;;;PARTES DE DESMALEZADORAS REEMPLAZO ST FS160 / 220 / 280
2127017;completo;Retén De Aceite;Retén De Aceite Repl St- FS450;Desmalezadoras;Desmalezadoras;Retén;;;Retén De Aceite Repl St- FS450;;;;2127017.jpg;muy_baja;2 Tiempos;Desmalezadora;Retén;106;grilla;;;PARTES DE DESMALEZADORAS REEMPLAZO ST FS160 / 220 / 280
2127018;completo;Retén De Aceite;Retén De Aceite Repl Hus-143R;Desmalezadoras;Desmalezadoras;Retén;Husqvarna;Hus-143R;Retén De Aceite Repl Hus-143R;;;;2127018.jpg;media;2 Tiempos;Desmalezadora;Retén;96;grilla;;;PARTES DE DESMALEZADORAS REEMPLAZO HUSQVARNA 143R
2201007;completo;Valvula Venteo;Valvula Venteo REPL- MS360 MS380 MS460;Carburación;Carburación;VÁLVULAS;;MS360;Valvula Venteo REPL- MS360 MS380 MS460;;;;2201007.jpg;muy_baja;2 Tiempos;Motosierra;Partes de carburador;26;grilla;;;CARBURACIÓN - VÁLVULAS
2201008;completo;Valvula Venteo T Aceite;Valvula Venteo T Aceite Repl MS 210 250 360;Carburación;Carburación;VÁLVULAS;;;Valvula Venteo T Aceite Repl MS 210 250 360;;;;2201008.jpg;muy_baja;2 Tiempos;Motosierra;Partes de carburador;26;grilla;;;CARBURACIÓN - VÁLVULAS
2201009;completo;Valvula Descompresion;Valvula Descompresion Repl Ms 360 381 Fs 450;Carburación;Carburación;VÁLVULAS;;;Valvula Descompresion Repl Ms 360 381 Fs 450;;;;2201009.jpg;muy_baja;2 Tiempos;Motosierra;Partes de carburador;26;grilla;;;CARBURACIÓN - VÁLVULAS
2201010;completo;Valvula Descompresion;Valvula Descompresion Repl TS 420 700 DE COMBUSTIBLE;Carburación;Carburación;VÁLVULAS;;;Valvula Descompresion Repl TS 420 700 DE COMBUSTIBLE;;;;2201010.jpg;muy_baja;2 Tiempos;Motosierra;Partes de carburador;26;grilla;;;CARBURACIÓN - VÁLVULAS
2201011;completo;Valvula Descompresion;Valvula Descompresion Repl Hus 55 365 372;Carburación;Carburación;VÁLVULAS;;;Valvula Descompresion Repl Hus 55 365 372;;;;2201011.jpg;muy_baja;2 Tiempos;Motosierra;Partes de carburador;26;grilla;;;CARBURACIÓN - VÁLVULAS
2202801;falta_descripcion;Carburadores — Stihl;;Motosierras;Motosierras;CARBURADORES;Stihl;;;;;;;;2 Tiempos;Motosierra;Carburador;61;grilla;categoria;;CARBURADORES - 2 TIEMPOS - MOTOSIERRAS - STIHL REEMPLAZOS
2202802;falta_descripcion;Carburadores — Stihl;;Motosierras;Motosierras;CARBURADORES;Stihl;;;;;;;;2 Tiempos;Motosierra;Carburador;61;grilla;categoria;;CARBURADORES - 2 TIEMPOS - MOTOSIERRAS - STIHL REEMPLAZOS
2202803;falta_descripcion;Carburadores — Stihl;;Motosierras;Motosierras;CARBURADORES;Stihl;;;;;;;;2 Tiempos;Motosierra;Carburador;61;grilla;categoria;NUEVO;CARBURADORES - 2 TIEMPOS - MOTOSIERRAS - STIHL REEMPLAZOS
2202804;falta_descripcion;Carburadores — Stihl;;Motosierras;Motosierras;CARBURADORES;Stihl;;;;;;;;2 Tiempos;Motosierra;Carburador;61;grilla;categoria;;CARBURADORES - 2 TIEMPOS - MOTOSIERRAS - STIHL REEMPLAZOS
2202805;falta_descripcion;Carburadores — Stihl;;Motosierras;Motosierras;CARBURADORES;Stihl;;;;;;;;2 Tiempos;Motosierra;Carburador;63;grilla;categoria;;CARBURADORES - 2 TIEMPOS - MOTOSIERRAS - STIHL REEMPLAZOS
2202806;falta_descripcion;Carburadores — Stihl;;Motosierras;Motosierras;CARBURADORES;Stihl;;;;;;;;2 Tiempos;Motosierra;Carburador;63;grilla;categoria;;CARBURADORES - 2 TIEMPOS - MOTOSIERRAS - STIHL REEMPLAZOS
2202808;falta_descripcion;Carburadores — Stihl;;Motosierras;Motosierras;CARBURADORES;Stihl;;;;;;;;2 Tiempos;Motosierra;Carburador;63;grilla;categoria;;CARBURADORES - 2 TIEMPOS - MOTOSIERRAS - STIHL REEMPLAZOS
2202809;falta_descripcion;Carburadores — Stihl;;Motosierras;Motosierras;CARBURADORES;Stihl;;;;;;;;2 Tiempos;Motosierra;Carburador;61;grilla;categoria;;CARBURADORES - 2 TIEMPOS - MOTOSIERRAS - STIHL REEMPLAZOS
2202810;completo;Carburador Stihl 08/08S/TS350(T);Carburador Stihl 08/08S/TS350(T);Motosierras;Motosierras;CARBURADORES;Stihl;;Carburador Stihl 08/08S/TS350(T);;;;;;2 Tiempos;Motosierra;Carburador;61;grilla;;;CARBURADORES - 2 TIEMPOS - MOTOSIERRAS - STIHL REEMPLAZOS
2202813;falta_descripcion;Carburadores;;Motosierras;Motosierras;CARBURADORES;;;;;;;;;2 Tiempos;Motosierra;Carburador;65;grilla;categoria;;CARBURADORES - 2 TIEMPOS - MOTOSIERRAS - CHINAS / OTROS
2202814;falta_descripcion;Carburadores;;Motosierras;Motosierras;CARBURADORES;;;;;;;;;2 Tiempos;Motosierra;Carburador;65;grilla;categoria;;CARBURADORES - 2 TIEMPOS - MOTOSIERRAS - CHINAS / OTROS
2202815;falta_descripcion;Carburadores;;Motosierras;Motosierras;CARBURADORES;;;;;;;;;2 Tiempos;Motosierra;Carburador;65;grilla;categoria;;CARBURADORES - 2 TIEMPOS - MOTOSIERRAS - CHINAS / OTROS
2202819;falta_descripcion;Carburadores — Stihl;;Motosierras;Motosierras;CARBURADORES;Stihl;;;;;;;;2 Tiempos;Motosierra;Carburador;61;grilla;categoria;;CARBURADORES - 2 TIEMPOS - MOTOSIERRAS - STIHL REEMPLAZOS
2202820;falta_descripcion;Carburadores — Stihl;;Motosierras;Motosierras;CARBURADORES;Stihl;;;;;;;;2 Tiempos;Motosierra;Carburador;61;grilla;categoria;;CARBURADORES - 2 TIEMPOS - MOTOSIERRAS - STIHL REEMPLAZOS
2202822;falta_descripcion;Carburadores — Stihl;;Motosierras;Motosierras;CARBURADORES;Stihl;;;;;;;;2 Tiempos;Motosierra;Carburador;61;grilla;categoria;;CARBURADORES - 2 TIEMPOS - MOTOSIERRAS - STIHL REEMPLAZOS
2202823;falta_descripcion;Carburadores — Stihl;;Motosierras;Motosierras;CARBURADORES;Stihl;;;;;;;;2 Tiempos;Motosierra;Carburador;63;grilla;categoria;;CARBURADORES - 2 TIEMPOS - MOTOSIERRAS - STIHL REEMPLAZOS
2202824;falta_descripcion;Carburadores;;Motosierras;Motosierras;CARBURADORES;;;;;;;;;2 Tiempos;Motosierra;Carburador;65;grilla;categoria;;CARBURADORES - 2 TIEMPOS - MOTOSIERRAS - CHINAS / OTROS
2202827;falta_descripcion;Carburadores — Stihl;;Motosierras;Motosierras;CARBURADORES;Stihl;;;;;;;;2 Tiempos;Motosierra;Carburador;63;grilla;categoria;;CARBURADORES - 2 TIEMPOS - MOTOSIERRAS - STIHL REEMPLAZOS
2202828;falta_descripcion;Carburadores — Stihl;;Motosierras;Motosierras;CARBURADORES;Stihl;;;;;;;;2 Tiempos;Motosierra;Carburador;63;grilla;categoria;;CARBURADORES - 2 TIEMPOS - MOTOSIERRAS - STIHL REEMPLAZOS
2202829;falta_descripcion_con_foto;Carburadores — Oleo Mac;;Motosierras;Motosierras;CARBURADORES;Oleo Mac;;;;;;2202829.jpg;media;2 Tiempos;Motosierra;Carburador;64;grilla;categoria;;CARBURADORES - 2 TIEMPOS - MOTOSIERRAS - OLEO MAC REEMPLAZOS
2202830;falta_descripcion;Carburador;ECHO;Motosierras;Motosierras;CARBURADORES;Echo;;ECHO;;;;2202830.jpg;media;2 Tiempos;Motosierra;Carburador;64;grilla;;;CARBURADORES - 2 TIEMPOS - MOTOSIERRAS - OLEO MAC REEMPLAZOS
2202832;falta_descripcion;Carburadores — Stihl;;Motosierras;Motosierras;CARBURADORES;Stihl;;;;;;;;2 Tiempos;Motosierra;Carburador;63;grilla;categoria;;CARBURADORES - 2 TIEMPOS - MOTOSIERRAS - STIHL REEMPLAZOS
2202835;falta_descripcion_con_foto;Carburadores — Echo;;Desmalezadoras;Desmalezadoras;CARBURADORES;Echo;;;;;;2202835.jpg;media;2 Tiempos;Motosierra;Carburador;66;grilla;categoria;;CARBURADORES - 2 TIEMPOS -DESMALEZADORAS - ECHO - REEMPLAZOS
2202836;falta_descripcion_con_foto;Carburadores — Echo;;Desmalezadoras;Desmalezadoras;CARBURADORES;Echo;;;;;;2202836.jpg;media;2 Tiempos;Motosierra;Carburador;66;grilla;categoria;;CARBURADORES - 2 TIEMPOS -DESMALEZADORAS - ECHO - REEMPLAZOS
2202837;falta_descripcion_con_foto;Carburadores — Oleo Mac;;Motosierras;Motosierras;CARBURADORES;Oleo Mac;;;;;;2202837.jpg;media;2 Tiempos;Motosierra;Carburador;64;grilla;categoria;;CARBURADORES - 2 TIEMPOS - MOTOSIERRAS - OLEO MAC REEMPLAZOS
2202838;completo;Carburador;Carburador REPL Oleo Mac Sparta 36 38;Motosierras;Motosierras;CARBURADORES;Oleo Mac;;Carburador REPL Oleo Mac Sparta 36 38;;;;2202838.jpg;media;2 Tiempos;Motosierra;Carburador;64;grilla;;;CARBURADORES - 2 TIEMPOS - MOTOSIERRAS - OLEO MAC REEMPLAZOS
2202839;completo;Carburador;Carburador REPL Oleo Mac Sparta 25;Motosierras;Motosierras;CARBURADORES;Oleo Mac;;Carburador REPL Oleo Mac Sparta 25;;;;2202839.jpg;media;2 Tiempos;Motosierra;Carburador;64;grilla;;;CARBURADORES - 2 TIEMPOS - MOTOSIERRAS - OLEO MAC REEMPLAZOS
2202841;falta_descripcion;Carburadores;;Motosierras;Motosierras;CARBURADORES;;;;;;;;;2 Tiempos;Motosierra;Carburador;65;grilla;categoria;;CARBURADORES - 2 TIEMPOS - MOTOSIERRAS - CHINAS / OTROS
2202843;completo;Carburador Echo CS-361P;Carburador Echo CS-361P;Motosierras;Motosierras;CARBURADORES;Echo;;Carburador Echo CS-361P;;;;2202843.jpg;media;2 Tiempos;Motosierra;Carburador;64;grilla;;;CARBURADORES - 2 TIEMPOS - MOTOSIERRAS - OLEO MAC REEMPLAZOS
2202846;falta_descripcion;Carburadores — Stihl;;Motosierras;Motosierras;CARBURADORES;Stihl;;;;;;;;2 Tiempos;Motosierra;Carburador;61;grilla;categoria;;CARBURADORES - 2 TIEMPOS - MOTOSIERRAS - STIHL REEMPLAZOS
2202848;falta_descripcion;Carburadores — Stihl;;Motosierras;Motosierras;CARBURADORES;Stihl;;;;;;;;2 Tiempos;Motosierra;Carburador;61;grilla;categoria;;CARBURADORES - 2 TIEMPOS - MOTOSIERRAS - STIHL REEMPLAZOS
2202849;falta_descripcion;Carburadores — Stihl;;Motosierras;Motosierras;CARBURADORES;Stihl;;;;;;;;2 Tiempos;Motosierra;Carburador;61;grilla;categoria;;CARBURADORES - 2 TIEMPOS - MOTOSIERRAS - STIHL REEMPLAZOS
2202850;falta_descripcion;Carburadores — Stihl;;Motosierras;Motosierras;CARBURADORES;Stihl;;;;;;;;2 Tiempos;Motosierra;Carburador;61;grilla;categoria;;CARBURADORES - 2 TIEMPOS - MOTOSIERRAS - STIHL REEMPLAZOS
2202851;falta_descripcion;Carburadores;;Motosierras;Motosierras;CARBURADORES;;;;;;;;;2 Tiempos;Motosierra;Carburador;65;grilla;categoria;;CARBURADORES - 2 TIEMPOS - MOTOSIERRAS - CHINAS / OTROS
2202853;falta_descripcion;Carburadores — Stihl;;Motosierras;Motosierras;CARBURADORES;Stihl;;;;;;;;2 Tiempos;Motosierra;Carburador;62;grilla;categoria;;CARBURADORES - 2 TIEMPOS - MOTOSIERRAS - STIHL REEMPLAZOS
2202854;falta_descripcion;Carburadores — Stihl;;Motosierras;Motosierras;CARBURADORES;Stihl;;;;;;;;2 Tiempos;Motosierra;Carburador;62;grilla;categoria;;CARBURADORES - 2 TIEMPOS - MOTOSIERRAS - STIHL REEMPLAZOS
2202855;completo;Carburador Stihl MS162/172(Z);Carburador Stihl MS162/172(Z);Motosierras;Motosierras;CARBURADORES;Stihl;;Carburador Stihl MS162/172(Z);;;;;;2 Tiempos;Motosierra;Carburador;63;grilla;;;CARBURADORES - 2 TIEMPOS - MOTOSIERRAS - STIHL REEMPLAZOS
2202857;falta_descripcion;Carburadores — Stihl;;Motosierras;Motosierras;CARBURADORES;Stihl;;;;;;;;2 Tiempos;Motosierra;Carburador;62;grilla;categoria;;CARBURADORES - 2 TIEMPOS - MOTOSIERRAS - STIHL REEMPLAZOS
2202858;falta_descripcion;Carburadores — Stihl;;Motosierras;Motosierras;CARBURADORES;Stihl;;;;;;;;2 Tiempos;Motosierra;Carburador;62;grilla;categoria;;CARBURADORES - 2 TIEMPOS - MOTOSIERRAS - STIHL REEMPLAZOS
2202859;falta_descripcion;Carburadores — Stihl;;Motosierras;Motosierras;CARBURADORES;Stihl;;;;;;;;2 Tiempos;Motosierra;Carburador;62;grilla;categoria;;CARBURADORES - 2 TIEMPOS - MOTOSIERRAS - STIHL REEMPLAZOS
2202860;falta_descripcion_con_foto;Carburadores — Oleo Mac;;Motosierras;Motosierras;CARBURADORES;Oleo Mac;;;;;;2202860.jpg;media;2 Tiempos;Motosierra;Carburador;64;grilla;categoria;;CARBURADORES - 2 TIEMPOS - MOTOSIERRAS - OLEO MAC REEMPLAZOS
2202861;falta_descripcion;Carburadores — Stihl;;Motosierras;Motosierras;CARBURADORES;Stihl;;;;;;;;2 Tiempos;Motosierra;Carburador;63;grilla;categoria;;CARBURADORES - 2 TIEMPOS - MOTOSIERRAS - STIHL REEMPLAZOS
2202864;falta_descripcion;Carburadores — Stihl;;Motosierras;Motosierras;CARBURADORES;Stihl;;;;;;;;2 Tiempos;Motosierra;Carburador;63;grilla;categoria;;CARBURADORES - 2 TIEMPOS - MOTOSIERRAS - STIHL REEMPLAZOS
2202866;falta_descripcion;Carburadores — Stihl;;Motosierras;Motosierras;CARBURADORES;Stihl;;;;;;;;2 Tiempos;Motosierra;Carburador;63;grilla;categoria;;CARBURADORES - 2 TIEMPOS - MOTOSIERRAS - STIHL REEMPLAZOS
2202867;falta_descripcion;Carburadores;;Desmalezadoras;Desmalezadoras;CARBURADORES;;;;;;;;;2 Tiempos;Motosierra;Carburador;67;grilla;categoria;;CARBURADORES - 2 TIEMPOS - DESMALEZADORAS - CHINAS / OTROS
2202868;falta_descripcion;Carburadores — Stihl;;Motosierras;Motosierras;CARBURADORES;Stihl;;;;;;;;2 Tiempos;Motosierra;Carburador;63;grilla;categoria;;CARBURADORES - 2 TIEMPOS - MOTOSIERRAS - STIHL REEMPLAZOS
2202869;falta_descripcion;Carburadores — Stihl;;Motosierras;Motosierras;CARBURADORES;Stihl;;;;;;;;2 Tiempos;Motosierra;Carburador;63;grilla;categoria;;CARBURADORES - 2 TIEMPOS - MOTOSIERRAS - STIHL REEMPLAZOS
2202870;falta_descripcion;Carburadores — Stihl;;Motosierras;Motosierras;CARBURADORES;Stihl;;;;;;;;2 Tiempos;Motosierra;Carburador;63;grilla;categoria;;CARBURADORES - 2 TIEMPOS - MOTOSIERRAS - STIHL REEMPLAZOS
2202871;falta_descripcion;Carburadores — Stihl;;Motosierras;Motosierras;CARBURADORES;Stihl;;;;;;;;2 Tiempos;Motosierra;Carburador;63;grilla;categoria;;CARBURADORES - 2 TIEMPOS - MOTOSIERRAS - STIHL REEMPLAZOS
2202872;falta_descripcion_con_foto;Carburadores — Oleo Mac;;Motosierras;Motosierras;CARBURADORES;Oleo Mac;;;;;;2202872.jpg;media;2 Tiempos;Motosierra;Carburador;64;grilla;categoria;;CARBURADORES - 2 TIEMPOS - MOTOSIERRAS - OLEO MAC REEMPLAZOS
2202873;falta_descripcion_con_foto;Carburadores — Oleo Mac;;Motosierras;Motosierras;CARBURADORES;Oleo Mac;;;;;;2202873.jpg;media;2 Tiempos;Motosierra;Carburador;64;grilla;categoria;;CARBURADORES - 2 TIEMPOS - MOTOSIERRAS - OLEO MAC REEMPLAZOS
2202874;falta_descripcion_con_foto;Carburadores — Oleo Mac;;Motosierras;Motosierras;CARBURADORES;Oleo Mac;;;;;;2202874.jpg;media;2 Tiempos;Motosierra;Carburador;64;grilla;categoria;;CARBURADORES - 2 TIEMPOS - MOTOSIERRAS - OLEO MAC REEMPLAZOS
2202875;falta_descripcion;Carburadores — Stihl;;Motosierras;Motosierras;CARBURADORES;Stihl;;;;;;;;2 Tiempos;Motosierra;Carburador;63;grilla;categoria;;CARBURADORES - 2 TIEMPOS - MOTOSIERRAS - STIHL REEMPLAZOS
2202876;falta_descripcion;Carburadores — Stihl;;Motosierras;Motosierras;CARBURADORES;Stihl;;;;;;;;2 Tiempos;Motosierra;Carburador;63;grilla;categoria;;CARBURADORES - 2 TIEMPOS - MOTOSIERRAS - STIHL REEMPLAZOS
2202877;falta_descripcion;Carburadores — Stihl;;Motosierras;Motosierras;CARBURADORES;Stihl;;;;;;;;2 Tiempos;Motosierra;Carburador;63;grilla;categoria;;CARBURADORES - 2 TIEMPOS - MOTOSIERRAS - STIHL REEMPLAZOS
2202878;falta_descripcion_con_foto;Carburadores — Oleo Mac;;Motosierras;Motosierras;CARBURADORES;Oleo Mac;;;;;;2202878.jpg;media;2 Tiempos;Motosierra;Carburador;64;grilla;categoria;;CARBURADORES - 2 TIEMPOS - MOTOSIERRAS - OLEO MAC REEMPLAZOS
2202879;completo;Carburador;Carburador REPL Echo CC352/353;Motosierras;Motosierras;CARBURADORES;Echo;;Carburador REPL Echo CC352/353;;;;2202879.jpg;media;2 Tiempos;Motosierra;Carburador;64;grilla;;;CARBURADORES - 2 TIEMPOS - MOTOSIERRAS - OLEO MAC REEMPLAZOS
2202880;completo;Carburador;Carburador REPL PPT2400 HOMELITE;Motosierras;Motosierras;CARBURADORES;Homelite;PPT2400;Carburador REPL PPT2400 HOMELITE;;;;2202880.jpg;media;2 Tiempos;Motosierra;Carburador;64;grilla;;;CARBURADORES - 2 TIEMPOS - MOTOSIERRAS - OLEO MAC REEMPLAZOS
2202881;completo;Carburador;Carburador REPL Echo CS600 HDA268;Motosierras;Motosierras;CARBURADORES;Echo;;Carburador REPL Echo CS600 HDA268;;;;2202881.jpg;media;2 Tiempos;Motosierra;Carburador;64;grilla;;;CARBURADORES - 2 TIEMPOS - MOTOSIERRAS - OLEO MAC REEMPLAZOS
2202882;completo;Carburador;Carburador REPL Echo PB610/620;Motosierras;Motosierras;CARBURADORES;Echo;;Carburador REPL Echo PB610/620;;;;2202882.jpg;media;2 Tiempos;Motosierra;Carburador;64;grilla;;;CARBURADORES - 2 TIEMPOS - MOTOSIERRAS - OLEO MAC REEMPLAZOS
2202883;falta_descripcion;Carburadores — Stihl;;Motosierras;Motosierras;CARBURADORES;Stihl;;;;;;;;2 Tiempos;Motosierra;Carburador;62;grilla;categoria;;CARBURADORES - 2 TIEMPOS - MOTOSIERRAS - STIHL REEMPLAZOS
2202884;falta_descripcion;Carburadores — Stihl;;Motosierras;Motosierras;CARBURADORES;Stihl;;;;;;;;2 Tiempos;Motosierra;Carburador;61;grilla;categoria;;CARBURADORES - 2 TIEMPOS - MOTOSIERRAS - STIHL REEMPLAZOS
2203011;falta_descripcion_con_foto;Cajas de engranajes;;Desmalezadoras;Desmalezadoras;CAJAS DE ENGRANAJES;;;;;;;2203011.jpg;media;2 Tiempos;Motosierra;Kit de cilindros;113;grilla;categoria;;DESMALEZADORAS - CAJAS DE ENGRANAJES - REEMPLAZOS
2203012;falta_descripcion_con_foto;Kit de cilindros;;Motosierras;Motosierras;Kit de cilindros;;;;;;;2203012.jpg;baja;2 Tiempos;Motosierra;Kit de cilindros;115;grilla;categoria;;MOTOSIERRAS CHINAS 38CC
2203013;falta_descripcion_con_foto;Kit de cilindros;;Motosierras;Motosierras;Kit de cilindros;;;;;;;2203013.jpg;baja;2 Tiempos;Motosierra;Kit de cilindros;115;grilla;categoria;;MOTOSIERRAS CHINAS 38CC
2203014;completo;Silenciador de escape Stihl MS170/180;Silenciador de escape Stihl MS170/180;Motosierras;;RETENES;Stihl;;Silenciador de escape Stihl MS170/180;;;;;;2 Tiempos;Motosierra;Kit de cilindros;123;grilla;;NUEVO;RETENES
2203015;completo;Silenciador de escape Stihl MS230/250;Silenciador de escape Stihl MS230/250;Motosierras;;RETENES;Stihl;;Silenciador de escape Stihl MS230/250;;;;;;2 Tiempos;Motosierra;Kit de cilindros;123;grilla;;NUEVO;RETENES
2203016;completo;Silenciador de escape Stihl MS360;Silenciador de escape Stihl MS360;Motosierras;;RETENES;Stihl;;Silenciador de escape Stihl MS360;;;;;;2 Tiempos;Motosierra;Kit de cilindros;123;grilla;;;RETENES
2203017;completo;Silenciador de escape Stihl MS341/361;Silenciador de escape Stihl MS341/361;Motosierras;;RETENES;Stihl;;Silenciador de escape Stihl MS341/361;;;;;;2 Tiempos;Motosierra;Kit de cilindros;123;grilla;;;RETENES
2203018;completo;Silenciador de escape Stihl MS380/038;Silenciador de escape Stihl MS380/038;Motosierras;;RETENES;Stihl;;Silenciador de escape Stihl MS380/038;;;;;;2 Tiempos;Motosierra;Kit de cilindros;123;grilla;;;RETENES
2203019;completo;Silenciador de escape Stihl MS381/382;Silenciador de escape Stihl MS381/382;Motosierras;;RETENES;Stihl;;Silenciador de escape Stihl MS381/382;;;;;;2 Tiempos;Motosierra;Kit de cilindros;123;grilla;;;RETENES
2203020;falta_descripcion_con_foto;Kit de cilindros;;Motosierras;Motosierras;Kit de cilindros;;;;;;;2203020.jpg;baja;2 Tiempos;Motosierra;Kit de cilindros;115;grilla;categoria;;MOTOSIERRAS CHINAS 38CC
2203021;falta_descripcion_con_foto;Kit de cilindros;;Motosierras;Motosierras;Kit de cilindros;;;;;;;2203021.jpg;media;2 Tiempos;Motosierra;Kit de cilindros;117;grilla;categoria;;MOTOSIERRAS CHINAS 45CC / 52CC
2203022;falta_descripcion_con_foto;Kit de cilindros;;Motosierras;Motosierras;Kit de cilindros;;;;;;;2203022.jpg;baja;2 Tiempos;Motosierra;Kit de cilindros;115;grilla;categoria;;MOTOSIERRAS CHINAS 38CC
2203025;completo;Silenciador de escape (con chapa) Husqvarna 61/268/272;Silenciador de escape (con chapa) Husqvarna 61/268/272;Motosierras;;BOBINA DE INGNICION 2T;Husqvarna;;Silenciador de escape (con chapa) Husqvarna 61/268/272;;;;2203025.jpg;media;2 Tiempos;Motosierra;Kit de cilindros;127;grilla;;;BOBINA DE INGNICION 2T
2203026;completo;Silenciador de escape (con chapa) Husqvarna 365/372;Silenciador de escape (con chapa) Husqvarna 365/372;Motosierras;;BOBINA DE INGNICION 2T;Husqvarna;;Silenciador de escape (con chapa) Husqvarna 365/372;;;;2203026.jpg;media;2 Tiempos;Motosierra;Kit de cilindros;127;grilla;;;BOBINA DE INGNICION 2T
2203027;completo;Silenciador de escape (con… Husqvarna 365/372/385/390;Silenciador de escape (con… Husqvarna 365/372/385/390;Motosierras;;BOBINA DE INGNICION 2T;Husqvarna;;Silenciador de escape (con… Husqvarna 365/372/385/390;;;;2203027.jpg;media;2 Tiempos;Motosierra;Kit de cilindros;127;grilla;;;BOBINA DE INGNICION 2T
2203039;completo;Stihl ST MS230;Stihl ST MS230;Motosierras;Motosierras;CILINDROS COMPLETOS;Stihl;;Stihl ST MS230;;;;2203039.jpg;media;2 Tiempos;Motosierra;Kit de cilindros;79;grilla;;;CILINDROS COMPLETOS - MOTOSIERRAS - REEMPLAZOS - STIHL
2203040;falta_descripcion_con_foto;Cilindros completos — Stihl;;Motosierras;Motosierras;CILINDROS COMPLETOS;Stihl;;;;;;2203040.jpg;media;2 Tiempos;Motosierra;Kit de cilindros;79;grilla;categoria;;CILINDROS COMPLETOS - MOTOSIERRAS - REEMPLAZOS - STIHL
2203041;falta_descripcion_con_foto;Cilindros completos — Stihl;;Motosierras;Motosierras;CILINDROS COMPLETOS;Stihl;;;;;;2203041.jpg;media;2 Tiempos;Motosierra;Kit de cilindros;79;grilla;categoria;;CILINDROS COMPLETOS - MOTOSIERRAS - REEMPLAZOS - STIHL
2203042;falta_descripcion_con_foto;Cilindros completos — Stihl;;Motosierras;Motosierras;CILINDROS COMPLETOS;Stihl;;;;;;2203042.jpg;media;2 Tiempos;Motosierra;Kit de cilindros;79;grilla;categoria;;CILINDROS COMPLETOS - MOTOSIERRAS - REEMPLAZOS - STIHL
2203043;completo;Stihl ST MS210;Stihl ST MS210;Motosierras;Motosierras;CILINDROS COMPLETOS;Stihl;;Stihl ST MS210;;;;2203043.jpg;media;2 Tiempos;Motosierra;Kit de cilindros;79;grilla;;;CILINDROS COMPLETOS - MOTOSIERRAS - REEMPLAZOS - STIHL
2203044;falta_descripcion_con_foto;Cilindros completos — Stihl;;Motosierras;Motosierras;CILINDROS COMPLETOS;Stihl;;;;;;2203044.jpg;media;2 Tiempos;Motosierra;Kit de cilindros;79;grilla;categoria;;CILINDROS COMPLETOS - MOTOSIERRAS - REEMPLAZOS - STIHL
2203045;completo;Stihl ST MS260;Stihl ST MS260;Motosierras;Motosierras;CILINDROS COMPLETOS;Stihl;;Stihl ST MS260;;;;2203045.jpg;media;2 Tiempos;Motosierra;Kit de cilindros;79;grilla;;;CILINDROS COMPLETOS - MOTOSIERRAS - REEMPLAZOS - STIHL
2203046;falta_descripcion_con_foto;Cilindros completos — Stihl;;Motosierras;Motosierras;CILINDROS COMPLETOS;Stihl;;;;;;2203046.jpg;media;2 Tiempos;Motosierra;Kit de cilindros;79;grilla;categoria;;CILINDROS COMPLETOS - MOTOSIERRAS - REEMPLAZOS - STIHL
2203047;falta_descripcion_con_foto;Cilindros completos — Stihl;;Motosierras;Motosierras;CILINDROS COMPLETOS;Stihl;;;;;;2203047.jpg;media;2 Tiempos;Motosierra;Kit de cilindros;79;grilla;categoria;;CILINDROS COMPLETOS - MOTOSIERRAS - REEMPLAZOS - STIHL
2203048;falta_descripcion_con_foto;Cilindros completos — Stihl;;Motosierras;Motosierras;CILINDROS COMPLETOS;Stihl;;;;;;2203048.jpg;media;2 Tiempos;Motosierra;Kit de cilindros;79;grilla;categoria;;CILINDROS COMPLETOS - MOTOSIERRAS - REEMPLAZOS - STIHL
2203052;falta_descripcion_con_foto;Cilindros completos — Stihl;;Motosierras;Motosierras;CILINDROS COMPLETOS;Stihl;;;;;;2203052.jpg;media;2 Tiempos;Motosierra;Kit de cilindros;79;grilla;categoria;;CILINDROS COMPLETOS - MOTOSIERRAS - REEMPLAZOS - STIHL
2203053;falta_descripcion_con_foto;Cilindros completos — Stihl;;Motosierras;Motosierras;CILINDROS COMPLETOS;Stihl;;;;;;2203053.jpg;media;2 Tiempos;Motosierra;Kit de cilindros;79;grilla;categoria;;CILINDROS COMPLETOS - MOTOSIERRAS - REEMPLAZOS - STIHL
2203054;falta_descripcion_con_foto;Cilindros completos — Stihl;;Motosierras;Motosierras;CILINDROS COMPLETOS;Stihl;;;;;;2203054.jpg;media;2 Tiempos;Motosierra;Kit de cilindros;79;grilla;categoria;;CILINDROS COMPLETOS - MOTOSIERRAS - REEMPLAZOS - STIHL
2203055;completo;"Conjunto de cilindro, 47 mm Stihl MS291 1141 020 1206";"Conjunto de cilindro, 47 mm Stihl MS291 1141 020 1206";Motosierras;Motosierras;CILINDROS COMPLETOS;Stihl;;"Conjunto de cilindro, 47 mm Stihl MS291 1141 020 1206";;47 mm;;2203055.jpg;media;2 Tiempos;Motosierra;Kit de cilindros;81;grilla;;;CILINDROS COMPLETOS - MOTOSIERRAS - REEMPLAZOS - STIHL
2203057;falta_descripcion_con_foto;Cilindros completos — Stihl;;Motosierras;Motosierras;CILINDROS COMPLETOS;Stihl;;;;;;2203057.jpg;media;2 Tiempos;Motosierra;Kit de cilindros;79;grilla;categoria;;CILINDROS COMPLETOS - MOTOSIERRAS - REEMPLAZOS - STIHL
2203058;falta_descripcion_con_foto;Cilindros completos — Stihl;;Motosierras;Motosierras;CILINDROS COMPLETOS;Stihl;;;;;;2203058.jpg;media;2 Tiempos;Motosierra;Kit de cilindros;79;grilla;categoria;;CILINDROS COMPLETOS - MOTOSIERRAS - REEMPLAZOS - STIHL
2203059;falta_descripcion_con_foto;Cilindros completos — Stihl;;Motosierras;Motosierras;CILINDROS COMPLETOS;Stihl;;;;;;2203059.jpg;media;2 Tiempos;Motosierra;Kit de cilindros;79;grilla;categoria;;CILINDROS COMPLETOS - MOTOSIERRAS - REEMPLAZOS - STIHL
2203060;completo;Stihl ST MS 461;Stihl ST MS 461;Motosierras;Motosierras;CILINDROS COMPLETOS;Stihl;;Stihl ST MS 461;;;;2203060.jpg;media;2 Tiempos;Motosierra;Kit de cilindros;79;grilla;;;CILINDROS COMPLETOS - MOTOSIERRAS - REEMPLAZOS - STIHL
2203061;falta_descripcion_con_foto;Cilindros completos — Husqvarna;;Motosierras;Motosierras;CILINDROS COMPLETOS;Husqvarna;;;;;;2203061.jpg;media;2 Tiempos;Motosierra;Kit de cilindros;80;grilla;categoria;;CILINDROS COMPLETOS - MOTOSIERRAS - HUSQVARNA - REEMPLAZOS
2203064;completo;STIHL;STIHL;Motosierras;Motosierras;CILINDROS COMPLETOS;Stihl;;STIHL;;;;2203064.jpg;media;2 Tiempos;Motosierra;Kit de cilindros;80;grilla;;;CILINDROS COMPLETOS - MOTOSIERRAS - HUSQVARNA - REEMPLAZOS
2203065;falta_descripcion_con_foto;Cilindros completos — Husqvarna;;Motosierras;Motosierras;CILINDROS COMPLETOS;Husqvarna;;;;;;2203065.jpg;media;2 Tiempos;Motosierra;Kit de cilindros;80;grilla;categoria;;CILINDROS COMPLETOS - MOTOSIERRAS - HUSQVARNA - REEMPLAZOS
2203067;falta_descripcion_con_foto;Cilindros completos — Husqvarna;;Motosierras;Motosierras;CILINDROS COMPLETOS;Husqvarna;;;;;;2203067.jpg;media;2 Tiempos;Motosierra;Kit de cilindros;80;grilla;categoria;;CILINDROS COMPLETOS - MOTOSIERRAS - HUSQVARNA - REEMPLAZOS
2203068;completo;"Conjunto de cilindro, 40 mm Husqvarna 132/142R Maruyama BC420";"Conjunto de cilindro, 40 mm Husqvarna 132/142R Maruyama BC420";Motosierras;Motosierras;CILINDROS COMPLETOS;Husqvarna | Maruyama;;"Conjunto de cilindro, 40 mm Husqvarna 132/142R Maruyama BC420";;40 mm;;2203068.jpg;media;2 Tiempos;Motosierra;Kit de cilindros;81;grilla;;;CILINDROS COMPLETOS - MOTOSIERRAS - REEMPLAZOS - STIHL
2203069;completo;"Conjunto de cilindro, 38 mm Husqvarna 136/137";"Conjunto de cilindro, 38 mm Husqvarna 136/137";Motosierras;Motosierras;CILINDROS COMPLETOS;Husqvarna;;"Conjunto de cilindro, 38 mm Husqvarna 136/137";;38 mm;;2203069.jpg;media;2 Tiempos;Motosierra;Kit de cilindros;81;grilla;;NUEVO;CILINDROS COMPLETOS - MOTOSIERRAS - REEMPLAZOS - STIHL
2203070;completo;"Conjunto de cilindro, 46 mm Husqvarna 55";"Conjunto de cilindro, 46 mm Husqvarna 55";Motosierras;Motosierras;CILINDROS COMPLETOS;Husqvarna;;"Conjunto de cilindro, 46 mm Husqvarna 55";;46 mm;;2203070.jpg;media;2 Tiempos;Motosierra;Kit de cilindros;81;grilla;;NUEVO;CILINDROS COMPLETOS - MOTOSIERRAS - REEMPLAZOS - STIHL
2203071;completo;"Conjunto de cilindro, 45 mm Husqvarna 51";"Conjunto de cilindro, 45 mm Husqvarna 51";Motosierras;Motosierras;CILINDROS COMPLETOS;Husqvarna;;"Conjunto de cilindro, 45 mm Husqvarna 51";;45 mm;;2203071.jpg;media;2 Tiempos;Motosierra;Kit de cilindros;81;grilla;;NUEVO | VERIFICAR FOTO;CILINDROS COMPLETOS - MOTOSIERRAS - REEMPLAZOS - STIHL
2203072;completo;"Conjunto de cilindro, 50 mm Husqvarna 268";"Conjunto de cilindro, 50 mm Husqvarna 268";Motosierras;Motosierras;CILINDROS COMPLETOS;Husqvarna;;"Conjunto de cilindro, 50 mm Husqvarna 268";;50 mm;;2203072.jpg;media;2 Tiempos;Motosierra;Kit de cilindros;81;grilla;;NUEVO;CILINDROS COMPLETOS - MOTOSIERRAS - REEMPLAZOS - STIHL
2203073;completo;"Conjunto de cilindro, 52 mm Husqvarna 272";"Conjunto de cilindro, 52 mm Husqvarna 272";Motosierras;Motosierras;CILINDROS COMPLETOS;Husqvarna;;"Conjunto de cilindro, 52 mm Husqvarna 272";;52 mm;;2203073.jpg;media;2 Tiempos;Motosierra;Kit de cilindros;81;grilla;;;CILINDROS COMPLETOS - MOTOSIERRAS - REEMPLAZOS - STIHL
2203074;completo;"Conjunto de cilindro, 54 mm Husqvarna 288";"Conjunto de cilindro, 54 mm Husqvarna 288";Motosierras;Motosierras;CILINDROS COMPLETOS;Husqvarna;;"Conjunto de cilindro, 54 mm Husqvarna 288";;54 mm;;2203074.jpg;media;2 Tiempos;Motosierra;Kit de cilindros;81;grilla;;;CILINDROS COMPLETOS - MOTOSIERRAS - REEMPLAZOS - STIHL
2203075;completo;"Conjunto de cilindro, 42 mm Husqvarna 345";"Conjunto de cilindro, 42 mm Husqvarna 345";Motosierras;Motosierras;CILINDROS COMPLETOS;Husqvarna;;"Conjunto de cilindro, 42 mm Husqvarna 345";;42 mm;;2203075.jpg;media;2 Tiempos;Motosierra;Kit de cilindros;81;grilla;;;CILINDROS COMPLETOS - MOTOSIERRAS - REEMPLAZOS - STIHL
2203080;completo;"Conjunto de cilindro, 48 mm Husqvarna 365(R)";"Conjunto de cilindro, 48 mm Husqvarna 365(R)";Motosierras;Motosierras;CILINDROS COMPLETOS;Husqvarna;;"Conjunto de cilindro, 48 mm Husqvarna 365(R)";;48 mm;;2203080.jpg;media;2 Tiempos;Motosierra;Kit de cilindros;81;grilla;;;CILINDROS COMPLETOS - MOTOSIERRAS - REEMPLAZOS - STIHL
2203081;completo;"Conjunto de cilindro, 50 mm Husqvarna 372";"Conjunto de cilindro, 50 mm Husqvarna 372";Motosierras;Motosierras;CILINDROS COMPLETOS;Husqvarna;;"Conjunto de cilindro, 50 mm Husqvarna 372";;50 mm;;2203081.jpg;media;2 Tiempos;Motosierra;Kit de cilindros;81;grilla;;;CILINDROS COMPLETOS - MOTOSIERRAS - REEMPLAZOS - STIHL
2203082;completo;"Conjunto de cilindro, 38 mm Oleo Mac 937";"Conjunto de cilindro, 38 mm Oleo Mac 937";Motosierras;Motosierras;CILINDROS COMPLETOS;Oleo Mac;;"Conjunto de cilindro, 38 mm Oleo Mac 937";;38 mm;;2203082.jpg;baja;2 Tiempos;Motosierra;Kit de cilindros;82;grilla;;;CILINDROS COMPLETOS - MOTOSIERRAS - HUSQVARNA - REEMPLAZOS
2203083;completo;"Conjunto de cilindro, 40 mm Oleo Mac 941";"Conjunto de cilindro, 40 mm Oleo Mac 941";Motosierras;Motosierras;CILINDROS COMPLETOS;Oleo Mac;;"Conjunto de cilindro, 40 mm Oleo Mac 941";;40 mm;;2203083.jpg;baja;2 Tiempos;Motosierra;Kit de cilindros;82;grilla;;;CILINDROS COMPLETOS - MOTOSIERRAS - HUSQVARNA - REEMPLAZOS
2203085;completo;"Conjunto de cilindro, 41 mm Echo 420 CS1700(Zomax40) Single rings";"Conjunto de cilindro, 41 mm Echo 420 CS1700(Zomax40) Single rings";Motosierras;Motosierras;CILINDROS COMPLETOS;Echo;;"Conjunto de cilindro, 41 mm Echo 420 CS1700(Zomax40) Single rings";;41 mm;;;;2 Tiempos;Motosierra;Kit de cilindros;82;grilla;;;CILINDROS COMPLETOS - MOTOSIERRAS - HUSQVARNA - REEMPLAZOS
2203086;completo;"Conjunto de cilindro, 44,7 mm Stihl MS260 HUSQVARNA";"Conjunto de cilindro, 44,7 mm Stihl MS260 HUSQVARNA";Motosierras;Motosierras;CILINDROS COMPLETOS;Husqvarna | Stihl;;"Conjunto de cilindro, 44,7 mm Stihl MS260 HUSQVARNA";;"44,7 mm";;2203086.jpg;media;2 Tiempos;Motosierra;Kit de cilindros;81;grilla;;NUEVO;CILINDROS COMPLETOS - MOTOSIERRAS - REEMPLAZOS - STIHL
2203401;falta_descripcion;Retenes;;Motosierras;;RETENES;;;;;;;;;2 Tiempos;Motosierra;Kit de cilindros;123;grilla;categoria;;RETENES
2203402;falta_descripcion;Retenes;;Motosierras;;RETENES;;;;;;;;;2 Tiempos;Motosierra;Kit de cilindros;123;grilla;categoria;;RETENES
2203403;falta_descripcion;Retenes;;Motosierras;;RETENES;;;;;;;;;2 Tiempos;Motosierra;Kit de cilindros;123;grilla;categoria;NUEVO;RETENES
2203404;falta_descripcion;Retenes;;Motosierras;;RETENES;;;;;;;;;2 Tiempos;Motosierra;Kit de cilindros;123;grilla;categoria;NUEVO;RETENES
2203405;falta_descripcion;Retenes;;Motosierras;;RETENES;;;;;;;;;2 Tiempos;Motosierra;Kit de cilindros;123;grilla;categoria;NUEVO;RETENES
2204015;falta_descripcion_con_foto;Cajas de engranajes;;Desmalezadoras;Desmalezadoras;CAJAS DE ENGRANAJES;;;;;;;2204015.jpg;media;2 Tiempos;Motosierra;Kit de pistón;113;grilla;categoria;;DESMALEZADORAS - CAJAS DE ENGRANAJES - REEMPLAZOS
2204016;falta_descripcion_con_foto;Kit de pistón;;Motosierras;Motosierras;Kit de pistón;;;;;;;2204016.jpg;baja;2 Tiempos;Motosierra;Kit de pistón;115;grilla;categoria;;MOTOSIERRAS CHINAS 38CC
2204017;falta_descripcion;Kit de pistón;;Motosierras;Motosierras;Kit de pistón;;;;;;;;;2 Tiempos;Motosierra;Kit de pistón;115;grilla;categoria;;MOTOSIERRAS CHINAS 38CC
2204030;falta_descripcion;Reemplazos briggs & stratton — Briggs & Stratton;;Motosierras;;REEMPLAZOS BRIGGS & STRATTON;Briggs & Stratton;;;;;;;;2 Tiempos;Motosierra;Kit de pistón;74;grilla;categoria;;REEMPLAZOS BRIGGS & STRATTON
2204031;falta_descripcion;Reemplazos briggs & stratton — Briggs & Stratton;;Motosierras;;REEMPLAZOS BRIGGS & STRATTON;Briggs & Stratton;;;;;;;;2 Tiempos;Motosierra;Kit de pistón;74;grilla;categoria;;REEMPLAZOS BRIGGS & STRATTON
2204032;falta_descripcion;Reemplazos briggs & stratton — Briggs & Stratton;;Motosierras;;REEMPLAZOS BRIGGS & STRATTON;Briggs & Stratton;;;;;;;;2 Tiempos;Motosierra;Kit de pistón;74;grilla;categoria;;REEMPLAZOS BRIGGS & STRATTON
2204033;falta_descripcion;Reemplazos briggs & stratton — Briggs & Stratton;;Motosierras;;REEMPLAZOS BRIGGS & STRATTON;Briggs & Stratton;;;;;;;;2 Tiempos;Motosierra;Kit de pistón;74;grilla;categoria;;REEMPLAZOS BRIGGS & STRATTON
2204034;falta_descripcion;Reemplazos briggs & stratton — Briggs & Stratton;;Motosierras;;REEMPLAZOS BRIGGS & STRATTON;Briggs & Stratton;;;;;;;;2 Tiempos;Motosierra;Kit de pistón;74;grilla;categoria;;REEMPLAZOS BRIGGS & STRATTON
2204035;falta_descripcion;Reemplazos briggs & stratton — Briggs & Stratton;;Motosierras;;REEMPLAZOS BRIGGS & STRATTON;Briggs & Stratton;;;;;;;;2 Tiempos;Motosierra;Kit de pistón;74;grilla;categoria;;REEMPLAZOS BRIGGS & STRATTON
2204036;falta_descripcion;Reemplazos briggs & stratton — Briggs & Stratton;;Motosierras;;REEMPLAZOS BRIGGS & STRATTON;Briggs & Stratton;;;;;;;;2 Tiempos;Motosierra;Kit de pistón;74;grilla;categoria;;REEMPLAZOS BRIGGS & STRATTON
2204037;falta_descripcion;Reemplazos briggs & stratton — Briggs & Stratton;;Motosierras;;REEMPLAZOS BRIGGS & STRATTON;Briggs & Stratton;;;;;;;;2 Tiempos;Motosierra;Kit de pistón;74;grilla;categoria;;REEMPLAZOS BRIGGS & STRATTON
2204038;falta_descripcion;Reemplazos briggs & stratton — Briggs & Stratton;;Motosierras;;REEMPLAZOS BRIGGS & STRATTON;Briggs & Stratton;;;;;;;;2 Tiempos;Motosierra;Kit de pistón;74;grilla;categoria;;REEMPLAZOS BRIGGS & STRATTON
2204039;falta_descripcion;Reemplazos briggs & stratton — Briggs & Stratton;;Motosierras;;REEMPLAZOS BRIGGS & STRATTON;Briggs & Stratton;;;;;;;;2 Tiempos;Motosierra;Kit de pistón;74;grilla;categoria;;REEMPLAZOS BRIGGS & STRATTON
2204040;falta_descripcion;Reemplazos briggs & stratton — Briggs & Stratton;;Motosierras;;REEMPLAZOS BRIGGS & STRATTON;Briggs & Stratton;;;;;;;;2 Tiempos;Motosierra;Kit de pistón;74;grilla;categoria;;REEMPLAZOS BRIGGS & STRATTON
2204041;falta_descripcion;Reemplazos briggs & stratton — Briggs & Stratton;;Motosierras;;REEMPLAZOS BRIGGS & STRATTON;Briggs & Stratton;;;;;;;;2 Tiempos;Motosierra;Kit de pistón;74;grilla;categoria;;REEMPLAZOS BRIGGS & STRATTON
2204042;falta_descripcion;Reemplazos briggs & stratton — Briggs & Stratton;;Motosierras;;REEMPLAZOS BRIGGS & STRATTON;Briggs & Stratton;;;;;;;;2 Tiempos;Motosierra;Kit de pistón;74;grilla;categoria;;REEMPLAZOS BRIGGS & STRATTON
2204044;falta_descripcion;Reemplazos briggs & stratton — Briggs & Stratton;;Motosierras;;REEMPLAZOS BRIGGS & STRATTON;Briggs & Stratton;;;;;;;;2 Tiempos;Motosierra;Kit de pistón;74;grilla;categoria;;REEMPLAZOS BRIGGS & STRATTON
2204045;falta_descripcion;Reemplazos briggs & stratton — Briggs & Stratton;;Motosierras;;REEMPLAZOS BRIGGS & STRATTON;Briggs & Stratton;;;;;;;;2 Tiempos;Motosierra;Kit de pistón;74;grilla;categoria;;REEMPLAZOS BRIGGS & STRATTON
2204047;falta_descripcion;Pistones y aros;;Motosierras;Motosierras;PISTONES Y AROS;;;;;;;;;2 Tiempos;Motosierra;Kit de pistón;77;grilla;categoria;;PISTONES Y AROS - MOTOSIERRAS REEMPLAZOS
2204049;completo;"Conjunto de pistón, 44 mm Stihl MS251";"Conjunto de pistón, 44 mm Stihl MS251";Motosierras;Motosierras;PISTONES Y AROS;Stihl;;"Conjunto de pistón, 44 mm Stihl MS251";;44 mm;;;;2 Tiempos;Motosierra;Kit de pistón;77;grilla;;;PISTONES Y AROS - MOTOSIERRAS REEMPLAZOS
2204051;completo;"Conjunto de pistón, 47 mm Stihl MS291";"Conjunto de pistón, 47 mm Stihl MS291";Motosierras;Motosierras;PISTONES Y AROS;Stihl;;"Conjunto de pistón, 47 mm Stihl MS291";;47 mm;;;;2 Tiempos;Motosierra;Kit de pistón;77;grilla;;;PISTONES Y AROS - MOTOSIERRAS REEMPLAZOS
2204055;falta_descripcion;Pistones y aros;;Motosierras;Motosierras;PISTONES Y AROS;;;;;;;;;2 Tiempos;Motosierra;Kit de pistón;77;grilla;categoria;NUEVO;PISTONES Y AROS - MOTOSIERRAS REEMPLAZOS
2204056;falta_descripcion;Pistones y aros;;Motosierras;Motosierras;PISTONES Y AROS;;;;;;;;;2 Tiempos;Motosierra;Kit de pistón;77;grilla;categoria;;PISTONES Y AROS - MOTOSIERRAS REEMPLAZOS
2204057;falta_descripcion;Pistones y aros;;Motosierras;Motosierras;PISTONES Y AROS;;;;;;;;;2 Tiempos;Motosierra;Kit de pistón;77;grilla;categoria;;PISTONES Y AROS - MOTOSIERRAS REEMPLAZOS
2204058;falta_descripcion;Pistones y aros;;Motosierras;Motosierras;PISTONES Y AROS;;;;;;;;;2 Tiempos;Motosierra;Kit de pistón;77;grilla;categoria;;PISTONES Y AROS - MOTOSIERRAS REEMPLAZOS
2205019;falta_descripcion_con_foto;Cajas de engranajes;;Desmalezadoras;Desmalezadoras;CAJAS DE ENGRANAJES;;;;;;;2205019.jpg;media;2 Tiempos;Motosierra;Aros;113;grilla;categoria;;DESMALEZADORAS - CAJAS DE ENGRANAJES - REEMPLAZOS
2205020;falta_descripcion_con_foto;Aros;;Motosierras;Motosierras;Aros;;;;;;;2205020.jpg;baja;2 Tiempos;Motosierra;Aros;115;grilla;categoria;;MOTOSIERRAS CHINAS 38CC
2205021;falta_descripcion_con_foto;Aros;;Motosierras;Motosierras;Aros;;;;;;;2205021.jpg;media;2 Tiempos;Motosierra;Aros;116;grilla;categoria;;MOTOSIERRAS CHINAS 45CC / 52CC
2205022;completo;"Aro de pistón, 37 mm Stihl MS170/017";"Aro de pistón, 37 mm Stihl MS170/017";Motosierras;Motosierras;Aros;Stihl;;"Aro de pistón, 37 mm Stihl MS170/017";;37 mm;;2205022.jpg;muy_baja;2 Tiempos;Motosierra;Aros;120;grilla;;VERIFICAR FOTO;MOTOSIERRAS / AMORTIGUADORES
2205023;completo;"Aro de pistón, 38 mm Stihl MS180/018";"Aro de pistón, 38 mm Stihl MS180/018";Motosierras;Motosierras;Aros;Stihl;;"Aro de pistón, 38 mm Stihl MS180/018";;38 mm;;2205023.jpg;muy_baja;2 Tiempos;Motosierra;Aros;120;grilla;;NUEVO | VERIFICAR FOTO;MOTOSIERRAS / AMORTIGUADORES
2205024;completo;"Aro de pistón, 40 mm Stihl MS210/021 CHINAS 38CC";"Aro de pistón, 40 mm Stihl MS210/021 CHINAS 38CC";Motosierras;Motosierras;Aros;Stihl;;"Aro de pistón, 40 mm Stihl MS210/021 CHINAS 38CC";;40 mm | 38CC;;2205024.jpg;muy_baja;2 Tiempos;Motosierra;Aros;120;grilla;;NUEVO;MOTOSIERRAS / AMORTIGUADORES
2205025;completo;"Aro de pistón, 40 mm Stihl MS230/023";"Aro de pistón, 40 mm Stihl MS230/023";Motosierras;Motosierras;Aros;Stihl;;"Aro de pistón, 40 mm Stihl MS230/023";;40 mm;;2205025.jpg;muy_baja;2 Tiempos;Motosierra;Aros;120;grilla;;NUEVO;MOTOSIERRAS / AMORTIGUADORES
2205026;completo;"Aro de pistón, 42,5 mm Stihl MS250/025";"Aro de pistón, 42,5 mm Stihl MS250/025";Motosierras;Motosierras;Aros;Stihl;;"Aro de pistón, 42,5 mm Stihl MS250/025";;"42,5 mm";;2205026.jpg;muy_baja;2 Tiempos;Motosierra;Aros;120;grilla;;NUEVO;MOTOSIERRAS / AMORTIGUADORES
2205027;completo;"Aro de pistón, 48 mm Stihl MS360";"Aro de pistón, 48 mm Stihl MS360";Motosierras;Motosierras;Aros;Stihl;;"Aro de pistón, 48 mm Stihl MS360";;48 mm;;2205027.jpg;media;2 Tiempos;Motosierra;Aros;121;grilla;;;MOTOSIERRAS / AMORTIGUADORES
2205028;completo;"Aro de pistón, 47 mm Stihl MS361";"Aro de pistón, 47 mm Stihl MS361";Motosierras;Motosierras;Aros;Stihl;;"Aro de pistón, 47 mm Stihl MS361";;47 mm;;2205028.jpg;media;2 Tiempos;Motosierra;Aros;121;grilla;;;MOTOSIERRAS / AMORTIGUADORES
2205029;completo;"Aro de pistón, 52 mm Stihl MS380/381";"Aro de pistón, 52 mm Stihl MS380/381";Motosierras;Motosierras;Aros;Stihl;;"Aro de pistón, 52 mm Stihl MS380/381";;52 mm;;2205029.jpg;media;2 Tiempos;Motosierra;Aros;121;grilla;;;MOTOSIERRAS / AMORTIGUADORES
2205030;completo;"Aro de pistón, 48 mm Husqvarna 61";"Aro de pistón, 48 mm Husqvarna 61";Motosierras;Motosierras;Aros;Husqvarna;;"Aro de pistón, 48 mm Husqvarna 61";;48 mm;;2205030.jpg;media;2 Tiempos;Motosierra;Aros;121;grilla;;;MOTOSIERRAS / AMORTIGUADORES
2205031;completo;"Aro de pistón, 48 mm Husqvarna 365(1RING)";"Aro de pistón, 48 mm Husqvarna 365(1RING)";Motosierras;Motosierras;Aros;Husqvarna;;"Aro de pistón, 48 mm Husqvarna 365(1RING)";;48 mm;;2205031.jpg;media;2 Tiempos;Motosierra;Aros;121;grilla;;;MOTOSIERRAS / AMORTIGUADORES
2205032;completo;"Aro de pistón, 48 mm Husqvarna 365(2RING)";"Aro de pistón, 48 mm Husqvarna 365(2RING)";Motosierras;Motosierras;Aros;Husqvarna;;"Aro de pistón, 48 mm Husqvarna 365(2RING)";;48 mm;;;;2 Tiempos;Motosierra;Aros;120;grilla;;;MOTOSIERRAS / AMORTIGUADORES
2207001;falta_descripcion_con_foto;Filtro de aire;;Motosierras;Motosierras;Filtro de aire;;;;;;;2207001.jpg;baja;2 Tiempos;Motosierra;Filtro de aire;115;grilla;categoria;;MOTOSIERRAS CHINAS 38CC
2207002;falta_descripcion_con_foto;Filtro de aire;;Motosierras;Motosierras;Filtro de aire;;;;;;;2207002.jpg;media;2 Tiempos;Motosierra;Filtro de aire;117;grilla;categoria;;MOTOSIERRAS CHINAS 45CC / 52CC
2207003;falta_descripcion;Filtros de aire reemplazos 2t — Echo;;Motosierras;;FILTROS DE AIRE REEMPLAZOS 2T;Echo;;;;;;;;2 Tiempos;Motosierra;Filtro de aire;35;grilla;categoria;;FILTROS DE AIRE REEMPLAZOS 2T - ECHO
2207004;completo;Filtro aire CHINAS 4500/5200 SMALL / / 60CC;Filtro aire CHINAS 4500/5200 SMALL / / 60CC;Motosierras;Motosierras;Filtro de aire;;;Filtro aire CHINAS 4500/5200 SMALL / / 60CC;;45CC | 52CC | 60CC;;2207004.jpg;media;2 Tiempos;Motosierra;Filtro de aire;117;grilla;;;MOTOSIERRAS CHINAS 45CC / 52CC
2207012;completo;Tapa de fi ltro de aire;Tapa de fi ltro de aire;Motosierras;;FILTROS DE AIRE SOPLADORAS 2T;;;Tapa de fi ltro de aire;;;;2207012.jpg;baja;2 Tiempos;Motosierra;Filtro de aire;37;grilla;;;FILTROS DE AIRE SOPLADORAS 2T
2207013;completo;Tapa de fi ltro de aire;Tapa de fi ltro de aire;Motosierras;;FILTROS DE AIRE SOPLADORAS 2T;;;Tapa de fi ltro de aire;;;;2207013.jpg;baja;2 Tiempos;Motosierra;Filtro de aire;37;grilla;;NUEVO;FILTROS DE AIRE SOPLADORAS 2T
2207014;completo;Tapa de fi ltro de aire Husqvarna 365/372;Tapa de fi ltro de aire Husqvarna 365/372;Motosierras;;TAPAS FILTRO DE AIRE REEMPLAZO 2T;Husqvarna;;Tapa de fi ltro de aire Husqvarna 365/372;;;;2207014.jpg;media;2 Tiempos;Motosierra;Filtro de aire;36;grilla;;;TAPAS FILTRO DE AIRE REEMPLAZO 2T
2207015;completo;Tapa de fi ltro de aire Stihl MS210/230/250;Tapa de fi ltro de aire Stihl MS210/230/250;Motosierras;;TAPAS FILTRO DE AIRE REEMPLAZO 2T;Stihl;;Tapa de fi ltro de aire Stihl MS210/230/250;;;;2207015.jpg;media;2 Tiempos;Motosierra;Filtro de aire;36;grilla;;;TAPAS FILTRO DE AIRE REEMPLAZO 2T
2207016;completo;Tapa de fi ltro de aire Stihl MS340/360;Tapa de fi ltro de aire Stihl MS340/360;Motosierras;;TAPAS FILTRO DE AIRE REEMPLAZO 2T;Stihl;;Tapa de fi ltro de aire Stihl MS340/360;;;;2207016.jpg;media;2 Tiempos;Motosierra;Filtro de aire;36;grilla;;;TAPAS FILTRO DE AIRE REEMPLAZO 2T
2207017;completo;Tapa de fi ltro de aire Stihl MS341/361;Tapa de fi ltro de aire Stihl MS341/361;Motosierras;;TAPAS FILTRO DE AIRE REEMPLAZO 2T;Stihl;;Tapa de fi ltro de aire Stihl MS341/361;;;;2207017.jpg;media;2 Tiempos;Motosierra;Filtro de aire;36;grilla;;;TAPAS FILTRO DE AIRE REEMPLAZO 2T
2207018;completo;Tapa de fi ltro de aire Stihl MS380/381;Tapa de fi ltro de aire Stihl MS380/381;Motosierras;;TAPAS FILTRO DE AIRE REEMPLAZO 2T;Stihl;;Tapa de fi ltro de aire Stihl MS380/381;;;;2207018.jpg;media;2 Tiempos;Motosierra;Filtro de aire;36;grilla;;;TAPAS FILTRO DE AIRE REEMPLAZO 2T
2207019;completo;Esponja de fi ltro de aire Stihl MS162/172;Esponja de fi ltro de aire Stihl MS162/172;Motosierras;;FILTROS DE AIRE REEMPLAZOS 2T;Stihl;;Esponja de fi ltro de aire Stihl MS162/172;;;;;;2 Tiempos;Motosierra;Filtro de aire;35;grilla;;;FILTROS DE AIRE REEMPLAZOS 2T - ECHO
2207020;completo;Conjunto de fi ltro de aire Stihl MS162/172;Conjunto de fi ltro de aire Stihl MS162/172;Motosierras;;FILTROS DE AIRE REEMPLAZOS 2T;Stihl;;Conjunto de fi ltro de aire Stihl MS162/172;;;;;;2 Tiempos;Motosierra;Filtro de aire;35;grilla;;;FILTROS DE AIRE REEMPLAZOS 2T - ECHO
2207050;falta_descripcion;Filtros de aire reemplazos 2t — Echo;;Motosierras;;FILTROS DE AIRE REEMPLAZOS 2T;Echo;;;;;;;;2 Tiempos;Motosierra;Filtro de aire;35;grilla;categoria;;FILTROS DE AIRE REEMPLAZOS 2T - ECHO
2207051;falta_descripcion;Filtros de aire reemplazos 2t — Echo;;Motosierras;;FILTROS DE AIRE REEMPLAZOS 2T;Echo;;;;;;;;2 Tiempos;Motosierra;Filtro de aire;35;grilla;categoria;;FILTROS DE AIRE REEMPLAZOS 2T - ECHO
2207052;falta_descripcion;Filtros de aire reemplazos 2t — Echo;;Motosierras;;FILTROS DE AIRE REEMPLAZOS 2T;Echo;;;;;;;;2 Tiempos;Motosierra;Filtro de aire;35;grilla;categoria;;FILTROS DE AIRE REEMPLAZOS 2T - ECHO
2207053;falta_descripcion;Filtros de aire reemplazos 2t — Echo;;Motosierras;;FILTROS DE AIRE REEMPLAZOS 2T;Echo;;;;;;;;2 Tiempos;Motosierra;Filtro de aire;35;grilla;categoria;;FILTROS DE AIRE REEMPLAZOS 2T - ECHO
2207054;falta_descripcion;Filtros de aire reemplazos 2t — Echo;;Motosierras;;FILTROS DE AIRE REEMPLAZOS 2T;Echo;;;;;;;;2 Tiempos;Motosierra;Filtro de aire;35;grilla;categoria;;FILTROS DE AIRE REEMPLAZOS 2T - ECHO
2207055;falta_descripcion;Filtros de aire reemplazos 2t — Echo;;Motosierras;;FILTROS DE AIRE REEMPLAZOS 2T;Echo;;;;;;;;2 Tiempos;Motosierra;Filtro de aire;35;grilla;categoria;;FILTROS DE AIRE REEMPLAZOS 2T - ECHO
2207057;falta_descripcion;Filtros de aire reemplazos 2t — Echo;;Motosierras;;FILTROS DE AIRE REEMPLAZOS 2T;Echo;;;;;;;;2 Tiempos;Motosierra;Filtro de aire;35;grilla;categoria;;FILTROS DE AIRE REEMPLAZOS 2T - ECHO
2207059;falta_descripcion;Filtros de aire reemplazos 2t — Echo;;Motosierras;;FILTROS DE AIRE REEMPLAZOS 2T;Echo;;;;;;;;2 Tiempos;Motosierra;Filtro de aire;35;grilla;categoria;;FILTROS DE AIRE REEMPLAZOS 2T - ECHO
2208015;falta_descripcion_con_foto;Filtro de aceite;;Motosierras;Motosierras;Filtro de aceite;;;;;;;2208015.jpg;media;2 Tiempos;Motosierra;Filtro de aceite;117;grilla;categoria;;MOTOSIERRAS CHINAS 45CC / 52CC
2209005;completo;Echo CS-332;Echo CS-332;Motosierras;;KITS DE JUNTAS Y DIAFRAGMAS;Echo;;Echo CS-332;;;GND-05;2209005.jpg;muy_baja;2 Tiempos;Motosierra;Juntas de carburador;46;grilla;;;KITS DE JUNTAS Y DIAFRAGMAS
2209008;completo;Homelite XL 12 SXL Mc Culloch Sp81/ PM850/800;Homelite XL 12 SXL Mc Culloch Sp81/ PM850/800;Motosierras;;KITS DE JUNTAS Y DIAFRAGMAS;Homelite | McCulloch;;Homelite XL 12 SXL Mc Culloch Sp81/ PM850/800;;;GND-08;2209008.jpg;muy_baja;2 Tiempos;Motosierra;Juntas de carburador;46;grilla;;;KITS DE JUNTAS Y DIAFRAGMAS
2209012;completo;Homelite ST 155/175/185/ 285/385 Mc Culloch 28cc. 32cc;Homelite ST 155/175/185/ 285/385 Mc Culloch 28cc. 32cc;Motosierras;;KITS DE JUNTAS Y DIAFRAGMAS;Homelite | McCulloch;;Homelite ST 155/175/185/ 285/385 Mc Culloch 28cc. 32cc;;28cc | 32cc;GND-12;2209012.jpg;muy_baja;2 Tiempos;Motosierra;Juntas de carburador;46;grilla;;;KITS DE JUNTAS Y DIAFRAGMAS
2209019;completo;Echo CS-4100/4400/4600;Echo CS-4100/4400/4600;Motosierras;;KITS DE JUNTAS Y DIAFRAGMAS;Echo;;Echo CS-4100/4400/4600;;;GND-19;2209019.jpg;muy_baja;2 Tiempos;Motosierra;Juntas de carburador;46;grilla;;;KITS DE JUNTAS Y DIAFRAGMAS
2209021;completo;Stihl MS-34/36/360;Stihl MS-34/36/360;Motosierras;;KITS DE JUNTAS Y DIAFRAGMAS;Stihl;;Stihl MS-34/36/360;;;GND-21;2209021.jpg;muy_baja;2 Tiempos;Motosierra;Juntas de carburador;46;grilla;;;KITS DE JUNTAS Y DIAFRAGMAS
2209024;completo;Husqvarna 365/372XP Jonsered 2065;Husqvarna 365/372XP Jonsered 2065;Motosierras;;KITS DE JUNTAS Y DIAFRAGMAS;Husqvarna | Jonsered;;Husqvarna 365/372XP Jonsered 2065;;;GND-24;2209024.jpg;muy_baja;2 Tiempos;Motosierra;Juntas de carburador;46;grilla;;;KITS DE JUNTAS Y DIAFRAGMAS
2209025;completo;Stihl 036 / 044;Stihl 036 / 044;Motosierras;;KITS DE JUNTAS Y DIAFRAGMAS;Stihl;;Stihl 036 / 044;;;GND-25;2209025.jpg;muy_baja;2 Tiempos;Motosierra;Juntas de carburador;46;grilla;;;KITS DE JUNTAS Y DIAFRAGMAS
2209026;completo;Stihl 034 / 044;Stihl 034 / 044;Motosierras;;KITS DE JUNTAS Y DIAFRAGMAS;Stihl;;Stihl 034 / 044;;;GND-26;2209026.jpg;muy_baja;2 Tiempos;Motosierra;Juntas de carburador;46;grilla;;;KITS DE JUNTAS Y DIAFRAGMAS
2209027;completo;"Oleo Mac 935, Mc Culloch 735 Poulan Super 25/P600";"Oleo Mac 935, Mc Culloch 735 Poulan Super 25/P600";Motosierras;;KITS DE JUNTAS Y DIAFRAGMAS;Poulan | McCulloch | Oleo Mac;;"Oleo Mac 935, Mc Culloch 735 Poulan Super 25/P600";;;GND-27;2209027.jpg;muy_baja;2 Tiempos;Motosierra;Juntas de carburador;46;grilla;;;KITS DE JUNTAS Y DIAFRAGMAS
2209028;completo;Stihl FS-85/106/108/450;Stihl FS-85/106/108/450;Motosierras;;KITS DE JUNTAS Y DIAFRAGMAS;Stihl;;Stihl FS-85/106/108/450;;;GND-28;2209028.jpg;muy_baja;2 Tiempos;Motosierra;Juntas de carburador;46;grilla;;;KITS DE JUNTAS Y DIAFRAGMAS
2209033;completo;Stihl MS 170/180 HQV 40/45/51 Jonsered 2050;Stihl MS 170/180 HQV 40/45/51 Jonsered 2050;Motosierras;;KITS DE JUNTAS Y DIAFRAGMAS;Husqvarna | Stihl | Jonsered;;Stihl MS 170/180 HQV 40/45/51 Jonsered 2050;;;GND-33;2209033.jpg;muy_baja;2 Tiempos;Motosierra;Juntas de carburador;46;grilla;;;KITS DE JUNTAS Y DIAFRAGMAS
2209035;completo;Stihl MS-210/250 Husqvarna 128C/128R/343R;Stihl MS-210/250 Husqvarna 128C/128R/343R;Motosierras;;KITS DE JUNTAS Y DIAFRAGMAS;Husqvarna | Stihl;;Stihl MS-210/250 Husqvarna 128C/128R/343R;;;GND-35;2209035.jpg;muy_baja;2 Tiempos;Motosierra;Juntas de carburador;46;grilla;;;KITS DE JUNTAS Y DIAFRAGMAS
2209083;completo;Husqvarna 236;Husqvarna 236;Motosierras;;KITS DE JUNTAS Y DIAFRAGMAS;Husqvarna;;Husqvarna 236;;;GND-83;2209083.jpg;baja;2 Tiempos;Motosierra;Juntas de carburador;47;grilla;;;KITS DE JUNTAS Y DIAFRAGMAS
2209096;completo;Stihl MS-380/381;Stihl MS-380/381;Motosierras;;KITS DE JUNTAS Y DIAFRAGMAS;Stihl;;Stihl MS-380/381;;;GND-96;2209096.jpg;baja;2 Tiempos;Motosierra;Juntas de carburador;47;grilla;;;KITS DE JUNTAS Y DIAFRAGMAS
2209135;completo;Stihl MS-231/361;Stihl MS-231/361;Motosierras;;KITS DE JUNTAS Y DIAFRAGMAS;Stihl;;Stihl MS-231/361;;;GND-135 | GND-S236;2209135.jpg;baja;2 Tiempos;Motosierra;Juntas de carburador;47;grilla;;;KITS DE JUNTAS Y DIAFRAGMAS
2209205;completo;"Stihl 056/064/066, Oleo Mac 350/971/981";"Stihl 056/064/066, Oleo Mac 350/971/981";Motosierras;;KITS DE JUNTAS Y DIAFRAGMAS;Stihl | Oleo Mac;;"Stihl 056/064/066, Oleo Mac 350/971/981";;;D10-WJ;2209205.jpg;baja;2 Tiempos;Motosierra;Juntas de carburador;48;grilla;;;KITS DE JUNTAS Y DIAFRAGMAS
2209208;completo;Echo CS-510/ 550/600/5000 Husqvarna 345/345XP;Echo CS-510/ 550/600/5000 Husqvarna 345/345XP;Motosierras;;KITS DE JUNTAS Y DIAFRAGMAS;Husqvarna | Echo;;Echo CS-510/ 550/600/5000 Husqvarna 345/345XP;;;D11-HDA;2209208.jpg;baja;2 Tiempos;Motosierra;Juntas de carburador;48;grilla;;;KITS DE JUNTAS Y DIAFRAGMAS
2209209;completo;Echo CS-510/ 550/600/5000 Husqvarna 345/345XP;Echo CS-510/ 550/600/5000 Husqvarna 345/345XP;Motosierras;;KITS DE JUNTAS Y DIAFRAGMAS;Husqvarna | Echo;;Echo CS-510/ 550/600/5000 Husqvarna 345/345XP;;;D20-HDA;2209209.jpg;baja;2 Tiempos;Motosierra;Juntas de carburador;48;grilla;;;KITS DE JUNTAS Y DIAFRAGMAS
2209210;completo;Echo CS-510/ 550/600/5000 Husqvarna 345/345XP;Echo CS-510/ 550/600/5000 Husqvarna 345/345XP;Motosierras;;KITS DE JUNTAS Y DIAFRAGMAS;Husqvarna | Echo;;Echo CS-510/ 550/600/5000 Husqvarna 345/345XP;;;D24-HDA;2209210.jpg;baja;2 Tiempos;Motosierra;Juntas de carburador;48;grilla;;;KITS DE JUNTAS Y DIAFRAGMAS
2209211;completo;Echo CS-500/501/502/650 Mc Culloch 610/650;Echo CS-500/501/502/650 Mc Culloch 610/650;Motosierras;;KITS DE JUNTAS Y DIAFRAGMAS;Echo | McCulloch;;Echo CS-500/501/502/650 Mc Culloch 610/650;;;D10-HDB;2209211.jpg;baja;2 Tiempos;Motosierra;Juntas de carburador;48;grilla;;;KITS DE JUNTAS Y DIAFRAGMAS
2209213;completo;Stihl 038/MS-380;Stihl 038/MS-380;Motosierras;;KITS DE JUNTAS Y DIAFRAGMAS;Stihl;;Stihl 038/MS-380;;;H19/BNG;2209213.jpg;baja;2 Tiempos;Motosierra;Juntas de carburador;48;grilla;;;KITS DE JUNTAS Y DIAFRAGMAS
2209215;completo;Stihl 08/070;Stihl 08/070;Motosierras;;KITS DE JUNTAS Y DIAFRAGMAS;Stihl;;Stihl 08/070;;;DG5-HL;2209215.jpg;baja;2 Tiempos;Motosierra;Juntas de carburador;48;grilla;;;KITS DE JUNTAS Y DIAFRAGMAS
2209216;completo;"T HQV 61/261/266/268/272XP Echo CS-60, Jonsered 625/630/670";"T HQV 61/261/266/268/272XP Echo CS-60, Jonsered 625/630/670";Motosierras;;KITS DE JUNTAS Y DIAFRAGMAS;Husqvarna | Echo | Jonsered;;"T HQV 61/261/266/268/272XP Echo CS-60, Jonsered 625/630/670";;;DG5-HS;2209216.jpg;baja;2 Tiempos;Motosierra;Juntas de carburador;48;grilla;;;KITS DE JUNTAS Y DIAFRAGMAS
2209220;completo;Kit Y Diafragma MS660;Kit Y Diafragma MS660;Motosierras;;KITS DE JUNTAS Y DIAFRAGMAS;;;Kit Y Diafragma MS660;;;;2209220.jpg;baja;2 Tiempos;Motosierra;Juntas de carburador;48;grilla;;;KITS DE JUNTAS Y DIAFRAGMAS
2210001;falta_descripcion_con_foto;Juntas de motor;;Juntas de motor;Juntas de motor;Juntas de motor;;;;;;;2210001.jpg;baja;2 Tiempos;Motosierra;Juntas de motor;60;grilla;categoria;;JUNTAS DE MOTOR 2 TIEMPOS - MOTOSIERRAS
2210002;falta_descripcion_con_foto;Juntas de motor;;Juntas de motor;Juntas de motor;Juntas de motor;;;;;;;2210002.jpg;baja;2 Tiempos;Motosierra;Juntas de motor;60;grilla;categoria;;JUNTAS DE MOTOR 2 TIEMPOS - MOTOSIERRAS
2210003;falta_descripcion_con_foto;Juntas de motor;;Juntas de motor;Juntas de motor;Juntas de motor;;;;;;;2210003.jpg;baja;2 Tiempos;Motosierra;Juntas de motor;60;grilla;categoria;;JUNTAS DE MOTOR 2 TIEMPOS - MOTOSIERRAS
2210004;falta_descripcion_con_foto;Juntas de motor;;Juntas de motor;Juntas de motor;Juntas de motor;;;;;;;2210004.jpg;baja;2 Tiempos;Motosierra;Juntas de motor;60;grilla;categoria;;JUNTAS DE MOTOR 2 TIEMPOS - MOTOSIERRAS
2210005;falta_descripcion_con_foto;Juntas de motor;;Juntas de motor;Juntas de motor;Juntas de motor;;;;;;;2210005.jpg;baja;2 Tiempos;Motosierra;Juntas de motor;60;grilla;categoria;;JUNTAS DE MOTOR 2 TIEMPOS - MOTOSIERRAS
2210006;falta_descripcion_con_foto;Juntas de motor;;Juntas de motor;Juntas de motor;Juntas de motor;;;;;;;2210006.jpg;baja;2 Tiempos;Motosierra;Juntas de motor;60;grilla;categoria;;JUNTAS DE MOTOR 2 TIEMPOS - MOTOSIERRAS
2210007;falta_descripcion_con_foto;Juntas de motor;;Juntas de motor;Juntas de motor;Juntas de motor;;;;;;;2210007.jpg;baja;2 Tiempos;Motosierra;Juntas de motor;60;grilla;categoria;;JUNTAS DE MOTOR 2 TIEMPOS - MOTOSIERRAS
2210008;falta_descripcion_con_foto;Juntas de motor;;Juntas de motor;Juntas de motor;Juntas de motor;;;;;;;2210008.jpg;baja;2 Tiempos;Motosierra;Juntas de motor;60;grilla;categoria;;JUNTAS DE MOTOR 2 TIEMPOS - MOTOSIERRAS
2210009;falta_descripcion_con_foto;Juntas de motor;;Juntas de motor;Juntas de motor;Juntas de motor;;;;;;;2210009.jpg;baja;2 Tiempos;Motosierra;Juntas de motor;60;grilla;categoria;;JUNTAS DE MOTOR 2 TIEMPOS - MOTOSIERRAS
2210010;falta_descripcion;Juntas de motor;;Juntas de motor;Juntas de motor;Juntas de motor;;;;;;;;;2 Tiempos;Motosierra;Juntas de motor;60;grilla;categoria;;JUNTAS DE MOTOR 2 TIEMPOS - MOTOSIERRAS
2210011;falta_descripcion_con_foto;Juntas de motor — Stihl;;Juntas de motor;Juntas de motor;Juntas de motor;Stihl;;;;;;2210011.jpg;media;2 Tiempos;Motosierra;Juntas de motor;58;grilla;categoria;;JUNTAS DE MOTOR 2 TIEMPOS - DESMALEZADORAS STIHL
2210012;completo;Junta De Admisión;Junta De Admisión REPL ST MS 170/250 HUSQVARNA;Juntas de motor;Juntas de motor;Juntas de motor;Husqvarna;;Junta De Admisión REPL ST MS 170/250 HUSQVARNA;;;;2210012.jpg;media;2 Tiempos;Motosierra;Juntas de motor;58;grilla;;;JUNTAS DE MOTOR 2 TIEMPOS - DESMALEZADORAS STIHL
2210015;completo;Junta De Escape ST MS170/180/210/230/250;Junta De Escape ST MS170/180/210/230/250;Juntas de motor;Juntas de motor;Juntas de motor;Stihl;;Junta De Escape ST MS170/180/210/230/250;;;;2210015.jpg;media;2 Tiempos;Motosierra;Juntas de motor;58;grilla;;;JUNTAS DE MOTOR 2 TIEMPOS - DESMALEZADORAS STIHL
2210030;completo;Junta Motor;Junta Motor REPL ST MS361;Juntas de motor;Juntas de motor;Juntas de motor;Stihl;;Junta Motor REPL ST MS361;;;;2210030.jpg;media;2 Tiempos;Motosierra;Juntas de motor;58;grilla;;;JUNTAS DE MOTOR 2 TIEMPOS - DESMALEZADORAS STIHL
2210031;completo;Junta De Escape;Junta De Escape REPL ST MS 361/380;Juntas de motor;Juntas de motor;Juntas de motor;Stihl;;Junta De Escape REPL ST MS 361/380;;;;2210031.jpg;media;2 Tiempos;Motosierra;Juntas de motor;58;grilla;;;JUNTAS DE MOTOR 2 TIEMPOS - DESMALEZADORAS STIHL
2210032;completo;Junta Base De Cilindro;Junta Base De Cilindro REPL ST MS361 HUSQVARNA;Juntas de motor;Juntas de motor;Juntas de motor;Husqvarna;;Junta Base De Cilindro REPL ST MS361 HUSQVARNA;;;;2210032.jpg;media;2 Tiempos;Motosierra;Juntas de motor;59;grilla;;;JUNTAS DE MOTOR REPL - MOTOSIERRAS STIHL
2210033;completo;Junta De Motor;Junta De Motor REPL ST MS 180/230/250;Juntas de motor;Juntas de motor;Juntas de motor;Stihl;;Junta De Motor REPL ST MS 180/230/250;;;;2210033.jpg;media;2 Tiempos;Motosierra;Juntas de motor;58;grilla;;;JUNTAS DE MOTOR 2 TIEMPOS - DESMALEZADORAS STIHL
2210050;completo;Junta Carburador;Junta Carburador REPL ST MS 170/180;Juntas de motor;Juntas de motor;Juntas de motor;Stihl;;Junta Carburador REPL ST MS 170/180;;;;2210050.jpg;media;2 Tiempos;Motosierra;Juntas de motor;58;grilla;;;JUNTAS DE MOTOR 2 TIEMPOS - DESMALEZADORAS STIHL
2210060;completo;Kit Junta De Motor;Kit Junta De Motor REPL MS380 MS381;Juntas de motor;Juntas de motor;Juntas de motor;Stihl;MS380;Kit Junta De Motor REPL MS380 MS381;;;;2210060.jpg;media;2 Tiempos;Motosierra;Juntas de motor;59;grilla;;;JUNTAS DE MOTOR REPL - MOTOSIERRAS STIHL
2210061;completo;Kit Junta De Motor;Kit Junta De Motor REPL ST MS 382;Juntas de motor;Juntas de motor;Juntas de motor;Stihl;;Kit Junta De Motor REPL ST MS 382;;;;2210061.jpg;media;2 Tiempos;Motosierra;Juntas de motor;59;grilla;;;JUNTAS DE MOTOR REPL - MOTOSIERRAS STIHL
2210062;completo;Kit Junta De Motor;Kit Junta De Motor REPL ST MS 660;Juntas de motor;Juntas de motor;Juntas de motor;Stihl;;Kit Junta De Motor REPL ST MS 660;;;;2210062.jpg;media;2 Tiempos;Motosierra;Juntas de motor;59;grilla;;;JUNTAS DE MOTOR REPL - MOTOSIERRAS STIHL
2210063;completo;Kit Junta De Motor;Kit Junta De Motor REPL ST MS 460;Juntas de motor;Juntas de motor;Juntas de motor;Stihl;;Kit Junta De Motor REPL ST MS 460;;;;2210063.jpg;media;2 Tiempos;Motosierra;Juntas de motor;59;grilla;;;JUNTAS DE MOTOR REPL - MOTOSIERRAS STIHL
2210066;completo;Kit Junta De Motor;Kit Junta De Motor REPL HUS 61;Juntas de motor;Juntas de motor;Juntas de motor;Stihl;;Kit Junta De Motor REPL HUS 61;;;;2210066.jpg;media;2 Tiempos;Motosierra;Juntas de motor;59;grilla;;;JUNTAS DE MOTOR REPL - MOTOSIERRAS STIHL
2210067;completo;Kit De Juntas Motor;Kit De Juntas Motor REPL 38cc;Juntas de motor;Juntas de motor;Juntas de motor;;38cc;Kit De Juntas Motor REPL 38cc;;38cc;;2210067.jpg;baja;2 Tiempos;Motosierra;Juntas de motor;60;grilla;;;JUNTAS DE MOTOR 2 TIEMPOS - MOTOSIERRAS
2210068;completo;Kit De Juntas Motor;Kit De Juntas Motor REPL 62CC;Juntas de motor;Juntas de motor;Juntas de motor;;62CC;Kit De Juntas Motor REPL 62CC;;62CC;;;;2 Tiempos;Motosierra;Juntas de motor;60;grilla;;;JUNTAS DE MOTOR 2 TIEMPOS - MOTOSIERRAS
2210069;completo;Kit Junta De Motor;Kit Junta De Motor REPL ST MS 360;Juntas de motor;Juntas de motor;Juntas de motor;Stihl;;Kit Junta De Motor REPL ST MS 360;;;;2210069.jpg;media;2 Tiempos;Motosierra;Juntas de motor;58;grilla;;;JUNTAS DE MOTOR 2 TIEMPOS - DESMALEZADORAS STIHL
2210071;completo;Kit Junta De Motor;Kit Junta De Motor REPL ST MS 261;Juntas de motor;Juntas de motor;Juntas de motor;Stihl;;Kit Junta De Motor REPL ST MS 261;;;;2210071.jpg;media;2 Tiempos;Motosierra;Juntas de motor;58;grilla;;;JUNTAS DE MOTOR 2 TIEMPOS - DESMALEZADORAS STIHL
2210072;completo;Kit Junta De Motor;Kit Junta De Motor REPL ST MS 240/260;Juntas de motor;Juntas de motor;Juntas de motor;Stihl;;Kit Junta De Motor REPL ST MS 240/260;;;;2210072.jpg;media;2 Tiempos;Motosierra;Juntas de motor;58;grilla;;;JUNTAS DE MOTOR 2 TIEMPOS - DESMALEZADORAS STIHL
2210073;completo;Junta Motor;Junta Motor Repl Hus-143R;Desmalezadoras;Desmalezadoras;Juntas de motor;Husqvarna;Hus-143R;Junta Motor Repl Hus-143R;;;;2210073.jpg;media;2 Tiempos;Motosierra;Juntas de motor;96;grilla;;;PARTES DE DESMALEZADORAS REEMPLAZO HUSQVARNA 143R
2210075;completo;Kit Junta De Motor;Kit Junta De Motor REPL HUS 365/372;Juntas de motor;Juntas de motor;Juntas de motor;Stihl;;Kit Junta De Motor REPL HUS 365/372;;;;2210075.jpg;media;2 Tiempos;Motosierra;Juntas de motor;59;grilla;;;JUNTAS DE MOTOR REPL - MOTOSIERRAS STIHL
2210076;completo;Kit Junta De Motor;Kit Junta De Motor REPL HUS 357/359;Juntas de motor;Juntas de motor;Juntas de motor;Stihl;;Kit Junta De Motor REPL HUS 357/359;;;;2210076.jpg;media;2 Tiempos;Motosierra;Juntas de motor;59;grilla;;;JUNTAS DE MOTOR REPL - MOTOSIERRAS STIHL
2210080;completo;Kit De Juntas Motor 4500 5200 5800CC;Kit De Juntas Motor 4500 5200 5800CC;Juntas de motor;Juntas de motor;Juntas de motor;;;Kit De Juntas Motor 4500 5200 5800CC;;5800CC;;2210080.jpg;baja;2 Tiempos;Motosierra;Juntas de motor;60;grilla;;;JUNTAS DE MOTOR 2 TIEMPOS - MOTOSIERRAS
2212019;completo;Embrague 2500;Embrague 2500;Motosierras;;EMBRAGUES;;;Embrague 2500;;;;2212019.jpg;media;2 Tiempos;Motosierra;Embragues / campanas / resortes;125;grilla;;;EMBRAGUES
2212020;falta_descripcion_con_foto;Cajas de engranajes;;Desmalezadoras;Desmalezadoras;CAJAS DE ENGRANAJES;;;;;;;2212020.jpg;media;2 Tiempos;Motosierra;Embragues / campanas / resortes;113;grilla;categoria;;DESMALEZADORAS - CAJAS DE ENGRANAJES - REEMPLAZOS
2212021;falta_descripcion_con_foto;Embragues / campanas / resortes;;Motosierras;Motosierras;Embragues / campanas / resortes;;;;;;;2212021.jpg;media;2 Tiempos;Motosierra;Embragues / campanas / resortes;116;grilla;categoria;;MOTOSIERRAS CHINAS 45CC / 52CC
2212026;falta_descripcion_con_foto;Embragues / campanas / resortes;;Motosierras;Motosierras;Embragues / campanas / resortes;;;;;;;2212026.jpg;media;2 Tiempos;Motosierra;Embragues / campanas / resortes;116;grilla;categoria;;MOTOSIERRAS CHINAS 45CC / 52CC
2212027;falta_descripcion_con_foto;Embragues / campanas / resortes;;Motosierras;Motosierras;Embragues / campanas / resortes;;;;;;;2212027.jpg;media;2 Tiempos;Motosierra;Embragues / campanas / resortes;116;grilla;categoria;;MOTOSIERRAS CHINAS 45CC / 52CC
2212028;completo;Campana Embrague 3/8” 7 PICCO;Campana Embrague 3/8” 7 PICCO;Motosierras;Motosierras;Embragues / campanas / resortes;;;Campana Embrague 3/8” 7 PICCO;;;;2212028.jpg;media;2 Tiempos;Motosierra;Embragues / campanas / resortes;117;grilla;;;MOTOSIERRAS CHINAS 45CC / 52CC
2212031;completo;Embrague Completo Chinas 6200 TAPAS DE DEPOSITOS;Embrague Completo Chinas 6200 TAPAS DE DEPOSITOS;Motosierras;Motosierras;Embragues / campanas / resortes;;;Embrague Completo Chinas 6200 TAPAS DE DEPOSITOS;;;;2212031.jpg;media;2 Tiempos;Motosierra;Embragues / campanas / resortes;118;grilla;;;MOTOSIERRAS CHINAS 45CC / 52CC / 60CC
2212036;completo;Embrague ST-180/250/251;Embrague ST-180/250/251;Motosierras;;EMBRAGUES;;;Embrague ST-180/250/251;;;;2212036.jpg;media;2 Tiempos;Motosierra;Embragues / campanas / resortes;125;grilla;;;EMBRAGUES
2212037;completo;Embrague ST-260/270/280/261;Embrague ST-260/270/280/261;Motosierras;;EMBRAGUES;;;Embrague ST-260/270/280/261;;;;2212037.jpg;media;2 Tiempos;Motosierra;Embragues / campanas / resortes;125;grilla;;;EMBRAGUES
2212038;completo;Embrague ST-MS361/044/036;Embrague ST-MS361/044/036;Motosierras;;EMBRAGUES;;;Embrague ST-MS361/044/036;;;;2212038.jpg;media;2 Tiempos;Motosierra;Embragues / campanas / resortes;125;grilla;;;EMBRAGUES
2212039;completo;Embrague ST-MS380/381;Embrague ST-MS380/381;Motosierras;;EMBRAGUES;;;Embrague ST-MS380/381;;;;2212039.jpg;media;2 Tiempos;Motosierra;Embragues / campanas / resortes;125;grilla;;;EMBRAGUES
2212040;completo;Embrague ST-MS382/362/44;Embrague ST-MS382/362/44;Motosierras;;EMBRAGUES;;;Embrague ST-MS382/362/44;;;;2212040.jpg;media;2 Tiempos;Motosierra;Embragues / campanas / resortes;125;grilla;;;EMBRAGUES
2212043;completo;Embrague Echo 420;Embrague Echo 420;Motosierras;;EMBRAGUES;Echo;;Embrague Echo 420;;;;2212043.jpg;media;2 Tiempos;Motosierra;Embragues / campanas / resortes;125;grilla;;;EMBRAGUES
2212045;completo;Resorte De Embrague ST-180/250/251;Resorte De Embrague ST-180/250/251;Motosierras;;EMBRAGUES;;;Resorte De Embrague ST-180/250/251;;;;2212045.jpg;media;2 Tiempos;Motosierra;Embragues / campanas / resortes;125;grilla;;;EMBRAGUES
2212046;completo;Resorte De Embrague ST-361/044/036;Resorte De Embrague ST-361/044/036;Motosierras;;EMBRAGUES;;;Resorte De Embrague ST-361/044/036;;;;2212046.jpg;media;2 Tiempos;Motosierra;Embragues / campanas / resortes;125;grilla;;;EMBRAGUES
2212047;completo;Resorte De Embrague ST-MS380/381;Resorte De Embrague ST-MS380/381;Motosierras;;EMBRAGUES;;;Resorte De Embrague ST-MS380/381;;;;2212047.jpg;media;2 Tiempos;Motosierra;Embragues / campanas / resortes;125;grilla;;;EMBRAGUES
2212055;completo;Conjunto de embrague Husqvarna 61/268/272;Conjunto de embrague Husqvarna 61/268/272;Motosierras;;BOBINA DE INGNICION 2T;Husqvarna;;Conjunto de embrague Husqvarna 61/268/272;;;;2212055.jpg;media;2 Tiempos;Motosierra;Embragues / campanas / resortes;124;grilla;;;BOBINA DE INGNICION 2T
2212056;completo;Conjunto de embrague Husqvarna 365/372;Conjunto de embrague Husqvarna 365/372;Motosierras;;BOBINA DE INGNICION 2T;Husqvarna;;Conjunto de embrague Husqvarna 365/372;;;;2212056.jpg;media;2 Tiempos;Motosierra;Embragues / campanas / resortes;124;grilla;;NUEVO | VERIFICAR FOTO;BOBINA DE INGNICION 2T
2212076;completo;"Piñón recto + rodamiento, .325"" 7… Stihl 230/250 pinon";"Piñón recto + rodamiento, .325"" 7… Stihl 230/250 pinon";Motosierras;;BOBINA DE INGNICION 2T;Stihl;;"Piñón recto + rodamiento, .325"" 7… Stihl 230/250 pinon";;;;2212076.jpg;media;2 Tiempos;Motosierra;Embragues / campanas / resortes;124;grilla;;NUEVO;BOBINA DE INGNICION 2T
2212077;completo;"Piñón recto + rodamiento, 3/8"" 6… P340/350/360S Pinon";"Piñón recto + rodamiento, 3/8"" 6… P340/350/360S Pinon";Motosierras;;BOBINA DE INGNICION 2T;;;"Piñón recto + rodamiento, 3/8"" 6… P340/350/360S Pinon";;;;2212077.jpg;media;2 Tiempos;Motosierra;Embragues / campanas / resortes;124;grilla;;NUEVO | VERIFICAR FOTO;BOBINA DE INGNICION 2T
2212078;completo;"Piñón recto + rodamiento, 3/8"" 7… Husqvarna 61/268/272 Pinon";"Piñón recto + rodamiento, 3/8"" 7… Husqvarna 61/268/272 Pinon";Motosierras;;BOBINA DE INGNICION 2T;Husqvarna;;"Piñón recto + rodamiento, 3/8"" 7… Husqvarna 61/268/272 Pinon";;;;2212078.jpg;media;2 Tiempos;Motosierra;Embragues / campanas / resortes;124;grilla;;NUEVO;BOBINA DE INGNICION 2T
2212079;completo;"Piñón recto, 3/8"" 7 dientes Stihl 290/360 Pinon";"Piñón recto, 3/8"" 7 dientes Stihl 290/360 Pinon";Motosierras;;BOBINA DE INGNICION 2T;Stihl;;"Piñón recto, 3/8"" 7 dientes Stihl 290/360 Pinon";;;;2212079.jpg;media;2 Tiempos;Motosierra;Embragues / campanas / resortes;124;grilla;;;BOBINA DE INGNICION 2T
2212080;completo;"Juego de campana de embrague, 3/8""…";"Juego de campana de embrague, 3/8""…";Motosierras;;BOBINA DE INGNICION 2T;;;"Juego de campana de embrague, 3/8""…";;;;2212080.jpg;media;2 Tiempos;Motosierra;Embragues / campanas / resortes;124;grilla;;NUEVO;BOBINA DE INGNICION 2T
2212081;falta_descripcion_con_foto;Cajas de engranajes;;Desmalezadoras;Desmalezadoras;CAJAS DE ENGRANAJES;;;;;;;2212081.jpg;media;2 Tiempos;Motosierra;Embragues / campanas / resortes;113;grilla;categoria;;DESMALEZADORAS - CAJAS DE ENGRANAJES - REEMPLAZOS
2212082;falta_descripcion_con_foto;Cajas de engranajes;;Desmalezadoras;Desmalezadoras;CAJAS DE ENGRANAJES;;;;;;;2212082.jpg;media;2 Tiempos;Motosierra;Embragues / campanas / resortes;113;grilla;categoria;;DESMALEZADORAS - CAJAS DE ENGRANAJES - REEMPLAZOS
2212083;completo;"Piñón recto, .404"" 7 dientes Stihl 08/08S TAPAS DE DEPOSITOS";"Piñón recto, .404"" 7 dientes Stihl 08/08S TAPAS DE DEPOSITOS";Motosierras;;BOBINA DE INGNICION 2T;Stihl;;"Piñón recto, .404"" 7 dientes Stihl 08/08S TAPAS DE DEPOSITOS";;;;2212083.jpg;media;2 Tiempos;Motosierra;Embragues / campanas / resortes;124;grilla;;NUEVO;BOBINA DE INGNICION 2T
2212084;completo;"Piñón recto + rodamiento, 3/8"" 7… Husqvarna 365/372 Pinon";"Piñón recto + rodamiento, 3/8"" 7… Husqvarna 365/372 Pinon";Motosierras;;BOBINA DE INGNICION 2T;Husqvarna;;"Piñón recto + rodamiento, 3/8"" 7… Husqvarna 365/372 Pinon";;;;2212084.jpg;media;2 Tiempos;Motosierra;Embragues / campanas / resortes;124;grilla;;NUEVO;BOBINA DE INGNICION 2T
2212086;falta_descripcion_con_foto;Embragues / campanas / resortes;;Motosierras;Motosierras;Embragues / campanas / resortes;;;;;;;2212086.jpg;media;2 Tiempos;Motosierra;Embragues / campanas / resortes;116;grilla;categoria;;MOTOSIERRAS CHINAS 45CC / 52CC
2212087;falta_descripcion_con_foto;Embragues / campanas / resortes;;Motosierras;Motosierras;Embragues / campanas / resortes;;;;;;;2212087.jpg;media;2 Tiempos;Motosierra;Embragues / campanas / resortes;116;grilla;categoria;;MOTOSIERRAS CHINAS 45CC / 52CC
2212089;completo;Campana Embrague MS170 MS180 MS210 230 PIÑON;Campana Embrague MS170 MS180 MS210 230 PIÑON;Motosierras;;CAMPANA DE EMBRAGUE;;;Campana Embrague MS170 MS180 MS210 230 PIÑON;;;;2212089.jpg;baja;2 Tiempos;Motosierra;Embragues / campanas / resortes;131;grilla;;;CAMPANA DE EMBRAGUE
2212090;completo;Campana Embrague ST-MS230/250;Campana Embrague ST-MS230/250;Motosierras;;CAMPANA DE EMBRAGUE;;;Campana Embrague ST-MS230/250;;;;2212090.jpg;baja;2 Tiempos;Motosierra;Embragues / campanas / resortes;131;grilla;;;CAMPANA DE EMBRAGUE
2212091;completo;Campana Embrague ST-MS360;Campana Embrague ST-MS360;Motosierras;;CAMPANA DE EMBRAGUE;;;Campana Embrague ST-MS360;;;;2212091.jpg;baja;2 Tiempos;Motosierra;Embragues / campanas / resortes;131;grilla;;;CAMPANA DE EMBRAGUE
2212092;completo;Campana Embrague ST-044/361;Campana Embrague ST-044/361;Motosierras;;CAMPANA DE EMBRAGUE;;;Campana Embrague ST-044/361;;;;2212092.jpg;baja;2 Tiempos;Motosierra;Embragues / campanas / resortes;131;grilla;;;CAMPANA DE EMBRAGUE
2212093;completo;Campana Embrague ST380/381;Campana Embrague ST380/381;Motosierras;;CAMPANA DE EMBRAGUE;;;Campana Embrague ST380/381;;;;2212093.jpg;baja;2 Tiempos;Motosierra;Embragues / campanas / resortes;131;grilla;;;CAMPANA DE EMBRAGUE
2212101;completo;Campana Embrague;Campana Embrague REPL HUSQ. 365 362 371 372 XP 372XP PIÑON;Motosierras;;CAMPANA DE EMBRAGUE;;;Campana Embrague REPL HUSQ. 365 362 371 372 XP 372XP PIÑON;;;;2212101.jpg;baja;2 Tiempos;Motosierra;Embragues / campanas / resortes;131;grilla;;;CAMPANA DE EMBRAGUE
2212102;completo;Campana Embrague;Campana Embrague REPL HUSQ. 61 268 PIÑON;Motosierras;;CAMPANA DE EMBRAGUE;;;Campana Embrague REPL HUSQ. 61 268 PIÑON;;;;2212102.jpg;baja;2 Tiempos;Motosierra;Embragues / campanas / resortes;131;grilla;;;CAMPANA DE EMBRAGUE
2212103;completo;Campana Embrague Campana Embrague HUSQ. 61 268 . 365 362 371 37 XP…;Campana Embrague Campana Embrague HUSQ. 61 268 . 365 362 371 37 XP 372XP ANILLO;Motosierras;;CAMPANA DE EMBRAGUE;;;Campana Embrague Campana Embrague HUSQ. 61 268 . 365 362 371 37 XP 372XP ANILLO;;;;;;2 Tiempos;Motosierra;Embragues / campanas / resortes;131;grilla;;;CAMPANA DE EMBRAGUE
2212104;falta_descripcion_con_foto;Campana de embrague;;Motosierras;;CAMPANA DE EMBRAGUE;;;;;;;2212104.jpg;baja;2 Tiempos;Motosierra;Embragues / campanas / resortes;131;grilla;categoria;;CAMPANA DE EMBRAGUE
2212108;completo;"Juego de campana de embrague, .325""… Stihl 024/026";"Juego de campana de embrague, .325""… Stihl 024/026";Motosierras;;BOBINA DE INGNICION 2T;Stihl;;"Juego de campana de embrague, .325""… Stihl 024/026";;;;2212108.jpg;media;2 Tiempos;Motosierra;Embragues / campanas / resortes;124;grilla;;NUEVO;BOBINA DE INGNICION 2T
2214020;falta_descripcion_con_foto;Tanque de combustible / tapa;;Motosierras;Motosierras;Tanque de combustible / tapa;;;;;;;2214020.jpg;baja;2 Tiempos;Motosierra;Tanque de combustible / tapa;115;grilla;categoria;;MOTOSIERRAS CHINAS 38CC
2214021;falta_descripcion_con_foto;Tanque de combustible / tapa;;Motosierras;Motosierras;Tanque de combustible / tapa;;;;;;;2214021.jpg;media;2 Tiempos;Motosierra;Tanque de combustible / tapa;116;grilla;categoria;;MOTOSIERRAS CHINAS 45CC / 52CC
2214023;completo;Tanque de combustible Husqvarna 61/268/272;Tanque de combustible Husqvarna 61/268/272;Motosierras;Motosierras;Tanque de combustible / tapa;Husqvarna;;Tanque de combustible Husqvarna 61/268/272;;;;2214023.jpg;media;2 Tiempos;Motosierra;Tanque de combustible / tapa;119;grilla;;;TANQUES MOTOSIERRAS OTROS
2214024;completo;Tanque de combustible Husqvarna 365/372;Tanque de combustible Husqvarna 365/372;Motosierras;Motosierras;Tanque de combustible / tapa;Husqvarna;;Tanque de combustible Husqvarna 365/372;;;;2214024.jpg;media;2 Tiempos;Motosierra;Tanque de combustible / tapa;119;grilla;;NUEVO;TANQUES MOTOSIERRAS OTROS
2214025;falta_descripcion_con_foto;Tanque de combustible / tapa;;Motosierras;Motosierras;Tanque de combustible / tapa;;;;;;;2214025.jpg;baja;2 Tiempos;Motosierra;Tanque de combustible / tapa;115;grilla;categoria;;MOTOSIERRAS CHINAS 38CC
2214026;falta_descripcion_con_foto;Tanque de combustible / tapa;;Motosierras;Motosierras;Tanque de combustible / tapa;;;;;;;2214026.jpg;baja;2 Tiempos;Motosierra;Tanque de combustible / tapa;115;grilla;categoria;;MOTOSIERRAS CHINAS 38CC
2214027;falta_descripcion_con_foto;Tanque de combustible / tapa;;Motosierras;Motosierras;Tanque de combustible / tapa;;;;;;;2214027.jpg;media;2 Tiempos;Motosierra;Tanque de combustible / tapa;116;grilla;categoria;;MOTOSIERRAS CHINAS 45CC / 52CC
2214028;falta_descripcion_con_foto;Tanque de combustible / tapa;;Motosierras;Motosierras;Tanque de combustible / tapa;;;;;;;2214028.jpg;media;2 Tiempos;Motosierra;Tanque de combustible / tapa;117;grilla;categoria;;MOTOSIERRAS CHINAS 45CC / 52CC
2214029;completo;Tapa Aceite Sthil MS210-250;Tapa Aceite Sthil MS210-250;Motosierras;Motosierras;Tanque de combustible / tapa;;;Tapa Aceite Sthil MS210-250;;;;2214029.jpg;media;2 Tiempos;Motosierra;Tanque de combustible / tapa;118;grilla;;;MOTOSIERRAS CHINAS 45CC / 52CC / 60CC
2214030;completo;Tapa Tanque Sthil MS210-250;Tapa Tanque Sthil MS210-250;Motosierras;Motosierras;Tanque de combustible / tapa;;;Tapa Tanque Sthil MS210-250;;;;2214030.jpg;media;2 Tiempos;Motosierra;Tanque de combustible / tapa;118;grilla;;;MOTOSIERRAS CHINAS 45CC / 52CC / 60CC
2214031;completo;Tapa Tanque ST MS170;Tapa Tanque ST MS170;Motosierras;Motosierras;Tanque de combustible / tapa;;;Tapa Tanque ST MS170;;;;2214031.jpg;media;2 Tiempos;Motosierra;Tanque de combustible / tapa;118;grilla;;;MOTOSIERRAS CHINAS 45CC / 52CC / 60CC
2214032;completo;Tapa Tanque Comb MS 380 MS 360;Tapa Tanque Comb MS 380 MS 360;Motosierras;Motosierras;Tanque de combustible / tapa;;;Tapa Tanque Comb MS 380 MS 360;;;;2214032.jpg;media;2 Tiempos;Motosierra;Tanque de combustible / tapa;118;grilla;;;MOTOSIERRAS CHINAS 45CC / 52CC / 60CC
2214033;completo;Tapa Tanque Aceite MS 380 MS 360;Tapa Tanque Aceite MS 380 MS 360;Motosierras;Motosierras;Tanque de combustible / tapa;;;Tapa Tanque Aceite MS 380 MS 360;;;;2214033.jpg;media;2 Tiempos;Motosierra;Tanque de combustible / tapa;118;grilla;;;MOTOSIERRAS CHINAS 45CC / 52CC / 60CC
2214034;completo;Tapa Tanque Comb ST MS 290/660;Tapa Tanque Comb ST MS 290/660;Motosierras;Motosierras;Tanque de combustible / tapa;;;Tapa Tanque Comb ST MS 290/660;;;;2214034.jpg;media;2 Tiempos;Motosierra;Tanque de combustible / tapa;118;grilla;;;MOTOSIERRAS CHINAS 45CC / 52CC / 60CC
2214035;completo;Tapa Tanque Aceite ST MS 290/660;Tapa Tanque Aceite ST MS 290/660;Motosierras;Motosierras;Tanque de combustible / tapa;;;Tapa Tanque Aceite ST MS 290/660;;;;2214035.jpg;media;2 Tiempos;Motosierra;Tanque de combustible / tapa;118;grilla;;;MOTOSIERRAS CHINAS 45CC / 52CC / 60CC
2214036;completo;Tapa Tanque Aceite ST MS 381;Tapa Tanque Aceite ST MS 381;Motosierras;Motosierras;Tanque de combustible / tapa;;;Tapa Tanque Aceite ST MS 381;;;;2214036.jpg;media;2 Tiempos;Motosierra;Tanque de combustible / tapa;118;grilla;;;MOTOSIERRAS CHINAS 45CC / 52CC / 60CC
2214037;completo;Tapa Tanque Comb;Tapa Tanque Comb REPL ST MS 381;Motosierras;Motosierras;Tanque de combustible / tapa;;;Tapa Tanque Comb REPL ST MS 381;;;;2214037.jpg;media;2 Tiempos;Motosierra;Tanque de combustible / tapa;118;grilla;;;MOTOSIERRAS CHINAS 45CC / 52CC / 60CC
2214039;completo;Tapa Tanque Comb;Tapa Tanque Comb REPL ST FS 160/220/280;Motosierras;;TAPAS DE DEPOSITOS;;;Tapa Tanque Comb REPL ST FS 160/220/280;;;;2214039.jpg;media;2 Tiempos;Motosierra;Tanque de combustible / tapa;122;grilla;;;TAPAS DE DEPOSITOS - REEMPLAZOS
2214040;completo;Tapa Tanque Aceite;Tapa Tanque Aceite REPL HUS 136/137/50/51/55;Motosierras;Motosierras;Tanque de combustible / tapa;;;Tapa Tanque Aceite REPL HUS 136/137/50/51/55;;;;2214040.jpg;media;2 Tiempos;Motosierra;Tanque de combustible / tapa;118;grilla;;;MOTOSIERRAS CHINAS 45CC / 52CC / 60CC
2214041;completo;Tapa Tanque Comb;Tapa Tanque Comb REPL HUS 61/268/272;Motosierras;Motosierras;Tanque de combustible / tapa;;;Tapa Tanque Comb REPL HUS 61/268/272;;;;2214041.jpg;media;2 Tiempos;Motosierra;Tanque de combustible / tapa;118;grilla;;;MOTOSIERRAS CHINAS 45CC / 52CC / 60CC
2214043;completo;Tapa Tanque Comb Y Aceite;Tapa Tanque Comb Y Aceite REPL HUS 235/240;Motosierras;Motosierras;Tanque de combustible / tapa;;;Tapa Tanque Comb Y Aceite REPL HUS 235/240;;;;2214043.jpg;media;2 Tiempos;Motosierra;Tanque de combustible / tapa;118;grilla;;;MOTOSIERRAS CHINAS 45CC / 52CC / 60CC
2214044;completo;Tapa Tanque Comb HUS 340/345;Tapa Tanque Comb HUS 340/345;Motosierras;Motosierras;Tanque de combustible / tapa;;;Tapa Tanque Comb HUS 340/345;;;;2214044.jpg;media;2 Tiempos;Motosierra;Tanque de combustible / tapa;118;grilla;;;MOTOSIERRAS CHINAS 45CC / 52CC / 60CC
2214045;completo;Tapa Tanque Aceite;Tapa Tanque Aceite REPL HUS 340/345;Motosierras;;TAPAS DE DEPOSITOS;;;Tapa Tanque Aceite REPL HUS 340/345;;;;2214045.jpg;media;2 Tiempos;Motosierra;Tanque de combustible / tapa;122;grilla;;;TAPAS DE DEPOSITOS - REEMPLAZOS
2214046;completo;Tapa Tanque Comb Y Aceite;Tapa Tanque Comb Y Aceite REPL HUS 288/365/455;Motosierras;;TAPAS DE DEPOSITOS;;;Tapa Tanque Comb Y Aceite REPL HUS 288/365/455;;;;2214046.jpg;media;2 Tiempos;Motosierra;Tanque de combustible / tapa;122;grilla;;;TAPAS DE DEPOSITOS - REEMPLAZOS
2214047;completo;Tapa Tanque Comb;Tapa Tanque Comb REPL HUS 136/137/50/51/55;Motosierras;Motosierras;Tanque de combustible / tapa;;;Tapa Tanque Comb REPL HUS 136/137/50/51/55;;;;2214047.jpg;media;2 Tiempos;Motosierra;Tanque de combustible / tapa;118;grilla;;;MOTOSIERRAS CHINAS 45CC / 52CC / 60CC
2214048;completo;Tapa Tanque Comb HUS 143RII;Tapa Tanque Comb HUS 143RII;Motosierras;;TAPAS DE DEPOSITOS;;;Tapa Tanque Comb HUS 143RII;;;;2214048.jpg;media;2 Tiempos;Motosierra;Tanque de combustible / tapa;122;grilla;;;TAPAS DE DEPOSITOS - REEMPLAZOS
2214049;completo;Tapa Tanque Comb;Tapa Tanque Comb REPL B&S 799585;Motosierras;;TAPAS DE DEPOSITOS;Briggs & Stratton;;Tapa Tanque Comb REPL B&S 799585;;;;2214049.jpg;media;2 Tiempos;Motosierra;Tanque de combustible / tapa;122;grilla;;;TAPAS DE DEPOSITOS - REEMPLAZOS
2214051;completo;Tapa Tanque Comb Tapa Tanque Comb;Tapa Tanque Comb Tapa Tanque Comb REPL B&S 3.5/4.5 REPL B&S 692046 CIGÜEÑAL;Motosierras;;TAPAS DE DEPOSITOS;Briggs & Stratton;;Tapa Tanque Comb Tapa Tanque Comb REPL B&S 3.5/4.5 REPL B&S 692046 CIGÜEÑAL;;;;2214051.jpg;media;2 Tiempos;Motosierra;Tanque de combustible / tapa;122;grilla;;;TAPAS DE DEPOSITOS - REEMPLAZOS
2214052;falta_descripcion_con_foto;Tapas de depositos;;Motosierras;;TAPAS DE DEPOSITOS;;;;;;;2214052.jpg;media;2 Tiempos;Motosierra;Tanque de combustible / tapa;122;grilla;categoria;;TAPAS DE DEPOSITOS - REEMPLAZOS
2214060;completo;Tanque de combustible Stihl MS360;Tanque de combustible Stihl MS360;Motosierras;Motosierras;Tanque de combustible / tapa;Stihl;;Tanque de combustible Stihl MS360;;;;2214060.jpg;media;2 Tiempos;Motosierra;Tanque de combustible / tapa;119;grilla;;NUEVO;TANQUES MOTOSIERRAS OTROS
2214061;completo;Tanque de combustible Stihl MS341/361;Tanque de combustible Stihl MS341/361;Motosierras;Motosierras;Tanque de combustible / tapa;Stihl;;Tanque de combustible Stihl MS341/361;;;;2214061.jpg;media;2 Tiempos;Motosierra;Tanque de combustible / tapa;119;grilla;;NUEVO;TANQUES MOTOSIERRAS OTROS
2214062;completo;Tanque de combustible Stihl MS380;Tanque de combustible Stihl MS380;Motosierras;Motosierras;Tanque de combustible / tapa;Stihl;;Tanque de combustible Stihl MS380;;;;2214062.jpg;media;2 Tiempos;Motosierra;Tanque de combustible / tapa;119;grilla;;;TANQUES MOTOSIERRAS OTROS
2214063;completo;Tanque de combustible Stihl MS381;Tanque de combustible Stihl MS381;Motosierras;Motosierras;Tanque de combustible / tapa;Stihl;;Tanque de combustible Stihl MS381;;;;2214063.jpg;media;2 Tiempos;Motosierra;Tanque de combustible / tapa;119;grilla;;;TANQUES MOTOSIERRAS OTROS
2214067;completo;Conjunto de tanque de combustible Stihl MS170/180;Conjunto de tanque de combustible Stihl MS170/180;Motosierras;Motosierras;Tanque de combustible / tapa;Stihl;;Conjunto de tanque de combustible Stihl MS170/180;;;;2214067.jpg;media;2 Tiempos;Motosierra;Tanque de combustible / tapa;119;grilla;;;TANQUES MOTOSIERRAS OTROS
2214068;completo;Conjunto de tanque de aceite Stihl MS170/180;Conjunto de tanque de aceite Stihl MS170/180;Motosierras;Motosierras;Tanque de combustible / tapa;Stihl;;Conjunto de tanque de aceite Stihl MS170/180;;;;2214068.jpg;media;2 Tiempos;Motosierra;Tanque de combustible / tapa;119;grilla;;;TANQUES MOTOSIERRAS OTROS
2215001;falta_descripcion_con_foto;Tapas de arranque;;Motosierras;Motosierras;Tapas de arranque;;;;;;;2215001.jpg;baja;2 Tiempos;Motosierra;Tapas de arranque;115;grilla;categoria;;MOTOSIERRAS CHINAS 38CC
2215002;falta_descripcion_con_foto;Tapas de arranque;;Motosierras;Motosierras;Tapas de arranque;;;;;;;2215002.jpg;media;2 Tiempos;Motosierra;Tapas de arranque;117;grilla;categoria;;MOTOSIERRAS CHINAS 45CC / 52CC
2215003;falta_descripcion_con_foto;Tapas de arranque;;Motosierras;Motosierras;Tapas de arranque;;;;;;;2215003.jpg;media;2 Tiempos;Motosierra;Tapas de arranque;117;grilla;categoria;;MOTOSIERRAS CHINAS 45CC / 52CC
2215004;falta_descripcion_con_foto;Tapas de arranque;;Motosierras;Motosierras;Tapas de arranque;;;;;;;2215004.jpg;media;2 Tiempos;Motosierra;Tapas de arranque;117;grilla;categoria;;MOTOSIERRAS CHINAS 45CC / 52CC
2215006;falta_descripcion_con_foto;Tapas de arranque;;Motosierras;Motosierras;Tapas de arranque;;;;;;;2215006.jpg;media;2 Tiempos;Motosierra;Tapas de arranque;117;grilla;categoria;;MOTOSIERRAS CHINAS 45CC / 52CC
2215009;falta_descripcion_con_foto;Tapas de arranque;;Motosierras;Motosierras;Tapas de arranque;;;;;;;2215009.jpg;media;2 Tiempos;Motosierra;Tapas de arranque;117;grilla;categoria;;MOTOSIERRAS CHINAS 45CC / 52CC
2215010;falta_descripcion_con_foto;Tapas de arranque;;Motosierras;Motosierras;Tapas de arranque;;;;;;;2215010.jpg;media;2 Tiempos;Motosierra;Tapas de arranque;117;grilla;categoria;;MOTOSIERRAS CHINAS 45CC / 52CC
2215011;falta_descripcion_con_foto;Tapas de arranque;;Motosierras;Motosierras;Tapas de arranque;;;;;;;2215011.jpg;media;2 Tiempos;Motosierra;Tapas de arranque;117;grilla;categoria;;MOTOSIERRAS CHINAS 45CC / 52CC
2215013;falta_descripcion_con_foto;Tapas de arranque;;Motosierras;Motosierras;Tapas de arranque;;;;;;;2215013.jpg;baja;2 Tiempos;Motosierra;Tapas de arranque;115;grilla;categoria;;MOTOSIERRAS CHINAS 38CC
2215014;falta_descripcion_con_foto;Tapas de arranque;;Motosierras;Motosierras;Tapas de arranque;;;;;;;2215014.jpg;media;2 Tiempos;Motosierra;Tapas de arranque;117;grilla;categoria;;MOTOSIERRAS CHINAS 45CC / 52CC
2215017;falta_descripcion_con_foto;Reemplazos;;Sistemas de arranque;Sistemas de arranque;REEMPLAZOS;;;;;;;2215017.jpg;baja;2 Tiempos;Motosierra;Tapas de arranque;84;grilla;categoria;;SISTEMAS DE ARRANQUE - MOTOSIERRAS - REEMPLAZOS
2215018;falta_descripcion_con_foto;Reemplazos;;Sistemas de arranque;Sistemas de arranque;REEMPLAZOS;;;;;;;2215018.jpg;baja;2 Tiempos;Motosierra;Tapas de arranque;84;grilla;categoria;;SISTEMAS DE ARRANQUE - MOTOSIERRAS - REEMPLAZOS
2215019;falta_descripcion_con_foto;Reemplazos;;Sistemas de arranque;Sistemas de arranque;REEMPLAZOS;;;;;;;2215019.jpg;baja;2 Tiempos;Motosierra;Tapas de arranque;84;grilla;categoria;;SISTEMAS DE ARRANQUE - MOTOSIERRAS - REEMPLAZOS
2215020;falta_descripcion_con_foto;Reemplazos;;Sistemas de arranque;Sistemas de arranque;REEMPLAZOS;;;;;;;2215020.jpg;baja;2 Tiempos;Motosierra;Tapas de arranque;84;grilla;categoria;;SISTEMAS DE ARRANQUE - MOTOSIERRAS - REEMPLAZOS
2215021;falta_descripcion_con_foto;Reemplazos;;Sistemas de arranque;Sistemas de arranque;REEMPLAZOS;;;;;;;2215021.jpg;baja;2 Tiempos;Motosierra;Tapas de arranque;84;grilla;categoria;;SISTEMAS DE ARRANQUE - MOTOSIERRAS - REEMPLAZOS
2215022;falta_descripcion_con_foto;Reemplazos;;Sistemas de arranque;Sistemas de arranque;REEMPLAZOS;;;;;;;2215022.jpg;baja;2 Tiempos;Motosierra;Tapas de arranque;84;grilla;categoria;;SISTEMAS DE ARRANQUE - MOTOSIERRAS - REEMPLAZOS
2215023;falta_descripcion_con_foto;Reemplazos;;Sistemas de arranque;Sistemas de arranque;REEMPLAZOS;;;;;;;2215023.jpg;baja;2 Tiempos;Motosierra;Tapas de arranque;84;grilla;categoria;;SISTEMAS DE ARRANQUE - MOTOSIERRAS - REEMPLAZOS
2215024;completo;Sistema de Arranque ST-044/046;Sistema de Arranque ST-044/046;Sistemas de arranque;Sistemas de arranque;REEMPLAZOS;;;Sistema de Arranque ST-044/046;;;;2215024.jpg;baja;2 Tiempos;Motosierra;Tapas de arranque;84;grilla;;;SISTEMAS DE ARRANQUE - MOTOSIERRAS - REEMPLAZOS
2215025;completo;Sistema de Arranque ST-290/310/390;Sistema de Arranque ST-290/310/390;Sistemas de arranque;Sistemas de arranque;REEMPLAZOS;;;Sistema de Arranque ST-290/310/390;;;;2215025.jpg;baja;2 Tiempos;Motosierra;Tapas de arranque;84;grilla;;;SISTEMAS DE ARRANQUE - MOTOSIERRAS - REEMPLAZOS
2215026;falta_descripcion_con_foto;Reemplazos;;Sistemas de arranque;Sistemas de arranque;REEMPLAZOS;;;;;;;2215026.jpg;baja;2 Tiempos;Motosierra;Tapas de arranque;84;grilla;categoria;;SISTEMAS DE ARRANQUE - MOTOSIERRAS - REEMPLAZOS
2215027;completo;Sistema de Arranque ST-MS362;Sistema de Arranque ST-MS362;Sistemas de arranque;Sistemas de arranque;REEMPLAZOS;;;Sistema de Arranque ST-MS362;;;;2215027.jpg;baja;2 Tiempos;Motosierra;Tapas de arranque;84;grilla;;;SISTEMAS DE ARRANQUE - MOTOSIERRAS - REEMPLAZOS
2215028;falta_descripcion_con_foto;Reemplazos;;Sistemas de arranque;Sistemas de arranque;REEMPLAZOS;;;;;;;2215028.jpg;baja;2 Tiempos;Motosierra;Tapas de arranque;84;grilla;categoria;;SISTEMAS DE ARRANQUE - MOTOSIERRAS - REEMPLAZOS
2215029;completo;Arranque Completo Husqvarna 61/266/268 272/268/272;Arranque Completo Husqvarna 61/266/268 272/268/272;Sistemas de arranque;Sistemas de arranque;REEMPLAZOS;Husqvarna;;Arranque Completo Husqvarna 61/266/268 272/268/272;;;;;;2 Tiempos;Motosierra;Tapas de arranque;84;grilla;;;SISTEMAS DE ARRANQUE - MOTOSIERRAS - REEMPLAZOS
2215030;falta_descripcion_con_foto;Reemplazos;;Sistemas de arranque;Sistemas de arranque;REEMPLAZOS;;;;;;;2215030.jpg;baja;2 Tiempos;Motosierra;Tapas de arranque;84;grilla;categoria;;SISTEMAS DE ARRANQUE - MOTOSIERRAS - REEMPLAZOS
2215035;falta_descripcion_con_foto;Reemplazos;;Sistemas de arranque;Sistemas de arranque;REEMPLAZOS;;;;;;;2215035.jpg;baja;2 Tiempos;Motosierra;Tapas de arranque;84;grilla;categoria;;SISTEMAS DE ARRANQUE - MOTOSIERRAS - REEMPLAZOS
2215036;completo;Sistema de Arranque ST-070;Sistema de Arranque ST-070;Sistemas de arranque;Sistemas de arranque;REEMPLAZOS;;;Sistema de Arranque ST-070;;;;2215036.jpg;baja;2 Tiempos;Motosierra;Tapas de arranque;84;grilla;;;SISTEMAS DE ARRANQUE - MOTOSIERRAS - REEMPLAZOS
2215037;completo;Sistema de Arranque ST-400;Sistema de Arranque ST-400;Sistemas de arranque;Sistemas de arranque;REEMPLAZOS;;;Sistema de Arranque ST-400;;;;2215037.jpg;baja;2 Tiempos;Motosierra;Tapas de arranque;84;grilla;;;SISTEMAS DE ARRANQUE - MOTOSIERRAS - REEMPLAZOS
2215038;completo;Sistema de Arranque ST-410/420;Sistema de Arranque ST-410/420;Sistemas de arranque;Sistemas de arranque;REEMPLAZOS;;;Sistema de Arranque ST-410/420;;;;2215038.jpg;baja;2 Tiempos;Motosierra;Tapas de arranque;84;grilla;;;SISTEMAS DE ARRANQUE - MOTOSIERRAS - REEMPLAZOS
2215039;completo;Sistema de Arranque ST-700;Sistema de Arranque ST-700;Sistemas de arranque;Sistemas de arranque;REEMPLAZOS;;;Sistema de Arranque ST-700;;;;2215039.jpg;baja;2 Tiempos;Motosierra;Tapas de arranque;84;grilla;;;SISTEMAS DE ARRANQUE - MOTOSIERRAS - REEMPLAZOS
2215040;falta_descripcion;Repuestos;;Sistemas de arranque;Sistemas de arranque;REPUESTOS;;;;;;;;;2 Tiempos;Motosierra;Tapas de arranque;89;grilla;categoria;;SISTEMAS DE ARRANQUE - DESMALEZADORAS - OTROS - REPUESTOS
2215041;falta_descripcion;Repuestos;;Sistemas de arranque;Sistemas de arranque;REPUESTOS;;;;;;;;;2 Tiempos;Motosierra;Tapas de arranque;89;grilla;categoria;;SISTEMAS DE ARRANQUE - DESMALEZADORAS - OTROS - REPUESTOS
2215042;falta_descripcion;Repuestos;;Sistemas de arranque;Sistemas de arranque;REPUESTOS;;;;;;;;;2 Tiempos;Motosierra;Tapas de arranque;89;grilla;categoria;;SISTEMAS DE ARRANQUE - DESMALEZADORAS - OTROS - REPUESTOS
2215043;falta_descripcion;Repuestos;;Sistemas de arranque;Sistemas de arranque;REPUESTOS;;;;;;;;;2 Tiempos;Motosierra;Tapas de arranque;89;grilla;categoria;;SISTEMAS DE ARRANQUE - DESMALEZADORAS - OTROS - REPUESTOS
2215045;falta_descripcion;Repuestos;;Sistemas de arranque;Sistemas de arranque;REPUESTOS;;;;;;;;;2 Tiempos;Motosierra;Tapas de arranque;89;grilla;categoria;;SISTEMAS DE ARRANQUE - DESMALEZADORAS - OTROS - REPUESTOS
2215046;falta_descripcion_con_foto;Repuestos;;Sistemas de arranque;Sistemas de arranque;REPUESTOS;;;;;;;2215046.jpg;baja;2 Tiempos;Motosierra;Tapas de arranque;91;grilla;categoria;;SISTEMA DE ARRANQUE - MOTOSIERRAS - REPUESTOS
2215047;falta_descripcion_con_foto;Repuestos;;Sistemas de arranque;Sistemas de arranque;REPUESTOS;;;;;;;2215047.jpg;baja;2 Tiempos;Motosierra;Tapas de arranque;91;grilla;categoria;;SISTEMA DE ARRANQUE - MOTOSIERRAS - REPUESTOS
2215048;falta_descripcion_con_foto;Repuestos;;Sistemas de arranque;Sistemas de arranque;REPUESTOS;;;;;;;2215048.jpg;baja;2 Tiempos;Motosierra;Tapas de arranque;91;grilla;categoria;;SISTEMA DE ARRANQUE - MOTOSIERRAS - REPUESTOS
2215049;falta_descripcion_con_foto;Repuestos;;Sistemas de arranque;Sistemas de arranque;REPUESTOS;;;;;;;2215049.jpg;baja;2 Tiempos;Motosierra;Tapas de arranque;91;grilla;categoria;;SISTEMA DE ARRANQUE - MOTOSIERRAS - REPUESTOS
2215050;falta_descripcion_con_foto;Repuestos;;Sistemas de arranque;Sistemas de arranque;REPUESTOS;;;;;;;2215050.jpg;baja;2 Tiempos;Motosierra;Tapas de arranque;91;grilla;categoria;;SISTEMA DE ARRANQUE - MOTOSIERRAS - REPUESTOS
2215051;completo;PARTES DE CHINAS 26CC;PARTES DE CHINAS 26CC;Sistemas de arranque;Sistemas de arranque;REPUESTOS;;;PARTES DE CHINAS 26CC;;26CC;;2215051.jpg;baja;2 Tiempos;Motosierra;Tapas de arranque;91;grilla;;;SISTEMA DE ARRANQUE - MOTOSIERRAS - REPUESTOS
2215065;completo;Conjunto de arranque Stihl MS162/172;Conjunto de arranque Stihl MS162/172;Desmalezadoras;Desmalezadoras;Tapas de arranque;Stihl;;Conjunto de arranque Stihl MS162/172;;;;2215065.jpg;media;2 Tiempos;Motosierra;Tapas de arranque;103;grilla;;NUEVO;PARTES DE DESMALEZADORAS REEMPLAZO ST FS38 / FS55
2215068;completo;Tapa de piñón;Tapa de piñón;Motosierras;Motosierras;Tapas de arranque;;;Tapa de piñón;;;;2215068.jpg;baja;2 Tiempos;Motosierra;Tapas de arranque;92;grilla;;;TAPAS DE FRENO / CINTAS REEMPLAZO MOTOSIERRAS
2215069;completo;Tapa de piñón SISTEMAS DE;Tapa de piñón SISTEMAS DE;Motosierras;Motosierras;Tapas de arranque;;;Tapa de piñón SISTEMAS DE;;;;2215069.jpg;baja;2 Tiempos;Motosierra;Tapas de arranque;92;grilla;;NUEVO;TAPAS DE FRENO / CINTAS REEMPLAZO MOTOSIERRAS
2215070;completo;Sistema de Arranque Sistema de Arranque Husqvarna-445/450;Sistema de Arranque Sistema de Arranque Husqvarna-445/450 REPL-Husqvarna 50-51-55;Sistemas de arranque;Sistemas de arranque;REEMPLAZOS;;;Sistema de Arranque Sistema de Arranque Husqvarna-445/450 REPL-Husqvarna 50-51-55;;;;;;2 Tiempos;Motosierra;Tapas de arranque;84;grilla;;;SISTEMAS DE ARRANQUE - MOTOSIERRAS - REEMPLAZOS
2215071;falta_descripcion;Tapas de arranque;;Sistemas de arranque;Sistemas de arranque;Tapas de arranque;;;;;;;;;2 Tiempos;Motosierra;Tapas de arranque;86;grilla;categoria;;SISTEMAS DE ARRANQUE - DESMALEZADORAS
2215072;completo;Tapa de piñón Stihl MS170/180/250;Tapa de piñón Stihl MS170/180/250;Motosierras;Motosierras;Tapas de arranque;Stihl;;Tapa de piñón Stihl MS170/180/250;;;;2215072.jpg;baja;2 Tiempos;Motosierra;Tapas de arranque;92;grilla;;;TAPAS DE FRENO / CINTAS REEMPLAZO MOTOSIERRAS
2215073;completo;Tapa de piñón Stihl MS361/362/ 441;Tapa de piñón Stihl MS361/362/ 441;Motosierras;Motosierras;Tapas de arranque;Stihl;;Tapa de piñón Stihl MS361/362/ 441;;;;2215073.jpg;baja;2 Tiempos;Motosierra;Tapas de arranque;92;grilla;;NUEVO;TAPAS DE FRENO / CINTAS REEMPLAZO MOTOSIERRAS
2215074;completo;Tornillo de regulación Stihl 038/028;Tornillo de regulación Stihl 038/028;Motosierras;Motosierras;Tapas de arranque;Stihl;;Tornillo de regulación Stihl 038/028;;;;2215074.jpg;baja;2 Tiempos;Motosierra;Tapas de arranque;92;grilla;;NUEVO;TAPAS DE FRENO / CINTAS REEMPLAZO MOTOSIERRAS
2215075;completo;Tornillo de regulación Echo ECHO 4000/CS1700;Tornillo de regulación Echo ECHO 4000/CS1700;Motosierras;Motosierras;ACCESORIOS;Echo;;Tornillo de regulación Echo ECHO 4000/CS1700;;;;;;2 Tiempos;Motosierra;Tapas de arranque;138;grilla;;;MOTOSIERRAS - ACCESORIOS
2215080;completo;Cinta de freno Husqvarna 61/268/272/288;Cinta de freno Husqvarna 61/268/272/288;Motosierras;Motosierras;Tapas de arranque;Husqvarna;;Cinta de freno Husqvarna 61/268/272/288;;;;2215080.jpg;baja;2 Tiempos;Motosierra;Tapas de arranque;92;grilla;;NUEVO;TAPAS DE FRENO / CINTAS REEMPLAZO MOTOSIERRAS
2215081;completo;Cinta de freno Husqvarna 365/372/385/575;Cinta de freno Husqvarna 365/372/385/575;Motosierras;Motosierras;Tapas de arranque;Husqvarna;;Cinta de freno Husqvarna 365/372/385/575;;;;2215081.jpg;baja;2 Tiempos;Motosierra;Tapas de arranque;92;grilla;;NUEVO;TAPAS DE FRENO / CINTAS REEMPLAZO MOTOSIERRAS
2215082;completo;Cinta de freno Stihl MS170/180/210 /230/250;Cinta de freno Stihl MS170/180/210 /230/250;Motosierras;Motosierras;Tapas de arranque;Stihl;;Cinta de freno Stihl MS170/180/210 /230/250;;;;2215082.jpg;baja;2 Tiempos;Motosierra;Tapas de arranque;92;grilla;;;TAPAS DE FRENO / CINTAS REEMPLAZO MOTOSIERRAS
2215083;completo;Cinta de freno Stihl MS290/360;Cinta de freno Stihl MS290/360;Motosierras;Motosierras;Tapas de arranque;Stihl;;Cinta de freno Stihl MS290/360;;;;2215083.jpg;baja;2 Tiempos;Motosierra;Tapas de arranque;92;grilla;;;TAPAS DE FRENO / CINTAS REEMPLAZO MOTOSIERRAS
2215084;completo;Cinta de freno Stihl MS341/361;Cinta de freno Stihl MS341/361;Motosierras;Motosierras;Tapas de arranque;Stihl;;Cinta de freno Stihl MS341/361;;;;;;2 Tiempos;Motosierra;Tapas de arranque;92;grilla;;;TAPAS DE FRENO / CINTAS REEMPLAZO MOTOSIERRAS
2215085;completo;Cinta de freno Stihl MS380/381;Cinta de freno Stihl MS380/381;Motosierras;Motosierras;Tapas de arranque;Stihl;;Cinta de freno Stihl MS380/381;;;;;;2 Tiempos;Motosierra;Tapas de arranque;92;grilla;;;TAPAS DE FRENO / CINTAS REEMPLAZO MOTOSIERRAS
2215086;completo;Conjunto de arranque (R);Conjunto de arranque (R);Desmalezadoras;Desmalezadoras;Tapas de arranque;;;Conjunto de arranque (R);;;;2215086.jpg;baja;2 Tiempos;Motosierra;Tapas de arranque;99;grilla;;NUEVO;PARTES DE DESMALEZADORAS REEMPLAZO ST FS160 / 220 / 280
2215087;completo;Conjunto de arranque (R- 2) CAJAS DE ENGRANAJE;Conjunto de arranque (R- 2) CAJAS DE ENGRANAJE;Desmalezadoras;Desmalezadoras;Tapas de arranque;;;Conjunto de arranque (R- 2) CAJAS DE ENGRANAJE;;;;2215087.jpg;baja;2 Tiempos;Motosierra;Tapas de arranque;99;grilla;;NUEVO;PARTES DE DESMALEZADORAS REEMPLAZO ST FS160 / 220 / 280
2215088;completo;Conjunto de arranque (R- 2T);Conjunto de arranque (R- 2T);Desmalezadoras;Desmalezadoras;Tapas de arranque;;;Conjunto de arranque (R- 2T);;;;2215088.jpg;baja;2 Tiempos;Motosierra;Tapas de arranque;99;grilla;;NUEVO;PARTES DE DESMALEZADORAS REEMPLAZO ST FS160 / 220 / 280
2215089;completo;Manija De Arranque;Manija De Arranque Repl St- FS160/220/280;Desmalezadoras;Desmalezadoras;Tapas de arranque;;;Manija De Arranque Repl St- FS160/220/280;;;;2215089.jpg;muy_baja;2 Tiempos;Motosierra;Tapas de arranque;102;grilla;;;PARTES DE DESMALEZADORAS REEMPLAZO ST FS38 / FS55
2215090;completo;"Tirador ElastoStart (D3,5 mm /… Stihl MS";"Tirador ElastoStart (D3,5 mm /… Stihl MS";Desmalezadoras;Desmalezadoras;Tapas de arranque;Stihl;;"Tirador ElastoStart (D3,5 mm /… Stihl MS";;5 mm;;2215090.jpg;baja;2 Tiempos;Motosierra;Tapas de arranque;99;grilla;;NUEVO;PARTES DE DESMALEZADORAS REEMPLAZO ST FS160 / 220 / 280
2219030;completo;Bomba De Aceite Chinas 3800;Bomba De Aceite Chinas 3800;Motosierras;;BOMBA DE ACEITE Y SIN FIN;;;Bomba De Aceite Chinas 3800;;;;2219030.jpg;media;2 Tiempos;Motosierra;Bomba de aceite;132;grilla;;;BOMBA DE ACEITE Y SIN FIN
2219031;completo;Bomba De Aceite Chinas 4500/5200;Bomba De Aceite Chinas 4500/5200;Motosierras;;BOMBA DE ACEITE Y SIN FIN;;;Bomba De Aceite Chinas 4500/5200;;;;2219031.jpg;media;2 Tiempos;Motosierra;Bomba de aceite;132;grilla;;;BOMBA DE ACEITE Y SIN FIN
2219032;completo;Sin Fin Bomba De Aceite Chinas 3800;Sin Fin Bomba De Aceite Chinas 3800;Motosierras;;BOMBA DE ACEITE Y SIN FIN;;;Sin Fin Bomba De Aceite Chinas 3800;;;;2219032.jpg;media;2 Tiempos;Motosierra;Bomba de aceite;132;grilla;;;BOMBA DE ACEITE Y SIN FIN
2219033;completo;Sin Fin Bomba De Aceite Chinas 4500/5200;Sin Fin Bomba De Aceite Chinas 4500/5200;Motosierras;;BOMBA DE ACEITE Y SIN FIN;;;Sin Fin Bomba De Aceite Chinas 4500/5200;;;;2219033.jpg;media;2 Tiempos;Motosierra;Bomba de aceite;132;grilla;;;BOMBA DE ACEITE Y SIN FIN
2219034;completo;Bomba De Aceite 2500/3800;Bomba De Aceite 2500/3800;Motosierras;;BOMBA DE ACEITE Y SIN FIN;;;Bomba De Aceite 2500/3800;;;;2219034.jpg;media;2 Tiempos;Motosierra;Bomba de aceite;132;grilla;;;BOMBA DE ACEITE Y SIN FIN
2219036;completo;Bomba De Aceite 6200;Bomba De Aceite 6200;Motosierras;;BOMBA DE ACEITE Y SIN FIN;;;Bomba De Aceite 6200;;;;2219036.jpg;media;2 Tiempos;Motosierra;Bomba de aceite;132;grilla;;;BOMBA DE ACEITE Y SIN FIN
2219042;completo;Bomba De Aceite ST-MS290/390/391;Bomba De Aceite ST-MS290/390/391;Motosierras;;BOMBA DE ACEITE Y SIN FIN;;;Bomba De Aceite ST-MS290/390/391;;;;2219042.jpg;media;2 Tiempos;Motosierra;Bomba de aceite;132;grilla;;;BOMBA DE ACEITE Y SIN FIN
2219043;completo;Bomba De Aceite ST-MS340/360;Bomba De Aceite ST-MS340/360;Motosierras;;BOMBA DE ACEITE Y SIN FIN;;;Bomba De Aceite ST-MS340/360;;;;2219043.jpg;media;2 Tiempos;Motosierra;Bomba de aceite;132;grilla;;;BOMBA DE ACEITE Y SIN FIN
2219044;completo;Bomba De Aceite ST-361/362/460;Bomba De Aceite ST-361/362/460;Motosierras;;BOMBA DE ACEITE Y SIN FIN;;;Bomba De Aceite ST-361/362/460;;;;2219044.jpg;media;2 Tiempos;Motosierra;Bomba de aceite;132;grilla;;;BOMBA DE ACEITE Y SIN FIN
2219045;completo;Bomba De Aceite ST-380/381;Bomba De Aceite ST-380/381;Motosierras;;BOMBA DE ACEITE Y SIN FIN;;;Bomba De Aceite ST-380/381;;;;2219045.jpg;media;2 Tiempos;Motosierra;Bomba de aceite;132;grilla;;;BOMBA DE ACEITE Y SIN FIN
2219046;completo;Bomba De Aceite ST-MS382;Bomba De Aceite ST-MS382;Motosierras;;BOMBA DE ACEITE Y SIN FIN;;;Bomba De Aceite ST-MS382;;;;2219046.jpg;media;2 Tiempos;Motosierra;Bomba de aceite;132;grilla;;;BOMBA DE ACEITE Y SIN FIN
2219047;completo;Bomba De Aceite ST-066/660;Bomba De Aceite ST-066/660;Motosierras;;BOMBA DE ACEITE Y SIN FIN;;;Bomba De Aceite ST-066/660;;;;2219047.jpg;media;2 Tiempos;Motosierra;Bomba de aceite;132;grilla;;;BOMBA DE ACEITE Y SIN FIN
2219049;completo;Bomba De Aceite ST-MS170/180/210/230/250;Bomba De Aceite ST-MS170/180/210/230/250;Motosierras;;BOMBA DE ACEITE Y SIN FIN;;;Bomba De Aceite ST-MS170/180/210/230/250;;;;2219049.jpg;media;2 Tiempos;Motosierra;Bomba de aceite;132;grilla;;;BOMBA DE ACEITE Y SIN FIN
2219050;completo;Bomba De Aceite ST-08/08S;Bomba De Aceite ST-08/08S;Motosierras;;BOMBA DE ACEITE Y SIN FIN;;;Bomba De Aceite ST-08/08S;;;;2219050.jpg;media;2 Tiempos;Motosierra;Bomba de aceite;132;grilla;;;BOMBA DE ACEITE Y SIN FIN
2219055;completo;Bomba de aceite Husqvarna 136/137/141/142;Bomba de aceite Husqvarna 136/137/141/142;Motosierras;;BOMBA DE ACEITE Y SIN FIN;Husqvarna;;Bomba de aceite Husqvarna 136/137/141/142;;;;2219055.jpg;baja;2 Tiempos;Motosierra;Bomba de aceite;134;grilla;;;BOMBA DE ACEITE Y SIN FIN
2219056;completo;Bomba de aceite Husqvarna 236/240;Bomba de aceite Husqvarna 236/240;Motosierras;;BOMBA DE ACEITE Y SIN FIN;Husqvarna;;Bomba de aceite Husqvarna 236/240;;;;2219056.jpg;baja;2 Tiempos;Motosierra;Bomba de aceite;134;grilla;;NUEVO;BOMBA DE ACEITE Y SIN FIN
2219057;completo;Bomba de aceite Husqvarna 51/55;Bomba de aceite Husqvarna 51/55;Motosierras;;BOMBA DE ACEITE Y SIN FIN;Husqvarna;;Bomba de aceite Husqvarna 51/55;;;;2219057.jpg;baja;2 Tiempos;Motosierra;Bomba de aceite;134;grilla;;NUEVO;BOMBA DE ACEITE Y SIN FIN
2219058;completo;Bomba de aceite Husqvarna 61/268/272;Bomba de aceite Husqvarna 61/268/272;Motosierras;;BOMBA DE ACEITE Y SIN FIN;Husqvarna;;Bomba de aceite Husqvarna 61/268/272;;;;2219058.jpg;baja;2 Tiempos;Motosierra;Bomba de aceite;134;grilla;;NUEVO;BOMBA DE ACEITE Y SIN FIN
2219059;completo;Bomba de aceite Husqvarna 365/372/385/390;Bomba de aceite Husqvarna 365/372/385/390;Motosierras;;BOMBA DE ACEITE Y SIN FIN;Husqvarna;;Bomba de aceite Husqvarna 365/372/385/390;;;;2219059.jpg;baja;2 Tiempos;Motosierra;Bomba de aceite;134;grilla;;;BOMBA DE ACEITE Y SIN FIN
2219062;completo;Sin Fin Bomba De Aceite 6200;Sin Fin Bomba De Aceite 6200;Motosierras;;BOMBA DE ACEITE Y SIN FIN;;;Sin Fin Bomba De Aceite 6200;;;;2219062.jpg;media;2 Tiempos;Motosierra;Bomba de aceite;132;grilla;;;BOMBA DE ACEITE Y SIN FIN
2219063;completo;Sin Fin Bomba De Aceite ST-MS170/180/210/230/250;Sin Fin Bomba De Aceite ST-MS170/180/210/230/250;Motosierras;;BOMBA DE ACEITE Y SIN FIN;;;Sin Fin Bomba De Aceite ST-MS170/180/210/230/250;;;;2219063.jpg;media;2 Tiempos;Motosierra;Bomba de aceite;132;grilla;;;BOMBA DE ACEITE Y SIN FIN
2219065;completo;Sin Fin Bomba de Aceite ST-MS361 362 460;Sin Fin Bomba de Aceite ST-MS361 362 460;Motosierras;;BOMBA DE ACEITE Y SIN FIN;;;Sin Fin Bomba de Aceite ST-MS361 362 460;;;;2219065.jpg;media;2 Tiempos;Motosierra;Bomba de aceite;132;grilla;;;BOMBA DE ACEITE Y SIN FIN
2219066;completo;Sin Fin Bomba De Aceite 290/390;Sin Fin Bomba De Aceite 290/390;Motosierras;;BOMBA DE ACEITE Y SIN FIN;;;Sin Fin Bomba De Aceite 290/390;;;;2219066.jpg;media;2 Tiempos;Motosierra;Bomba de aceite;132;grilla;;;BOMBA DE ACEITE Y SIN FIN
2219067;completo;Sin Fin Bomba De Aceite ST-MS380 381;Sin Fin Bomba De Aceite ST-MS380 381;Motosierras;;BOMBA DE ACEITE Y SIN FIN;;;Sin Fin Bomba De Aceite ST-MS380 381;;;;2219067.jpg;media;2 Tiempos;Motosierra;Bomba de aceite;132;grilla;;;BOMBA DE ACEITE Y SIN FIN
2219068;completo;Sin Fin Bomba De Aceite ST066/660;Sin Fin Bomba De Aceite ST066/660;Motosierras;;BOMBA DE ACEITE Y SIN FIN;;;Sin Fin Bomba De Aceite ST066/660;;;;2219068.jpg;media;2 Tiempos;Motosierra;Bomba de aceite;132;grilla;;;BOMBA DE ACEITE Y SIN FIN
2219075;completo;Bomba de aceite 1700/ZM40 cs420;Bomba de aceite 1700/ZM40 cs420;Motosierras;;BOMBA DE ACEITE Y SIN FIN;;;Bomba de aceite 1700/ZM40 cs420;;;;2219075.jpg;baja;2 Tiempos;Motosierra;Bomba de aceite;134;grilla;;;BOMBA DE ACEITE Y SIN FIN
2219076;completo;Bomba de aceite Oleo Mac 937/941/952;Bomba de aceite Oleo Mac 937/941/952;Motosierras;;BOMBA DE ACEITE Y SIN FIN;Oleo Mac;;Bomba de aceite Oleo Mac 937/941/952;;;;2219076.jpg;baja;2 Tiempos;Motosierra;Bomba de aceite;134;grilla;;NUEVO;BOMBA DE ACEITE Y SIN FIN
2219083;completo;Engranaje sinfín Oleo Mac 936/937 3/8-6;Engranaje sinfín Oleo Mac 936/937 3/8-6;Desmalezadoras;Desmalezadoras;Bomba de aceite;Oleo Mac;;Engranaje sinfín Oleo Mac 936/937 3/8-6;;;;2219083.jpg;baja;2 Tiempos;Motosierra;Bomba de aceite;99;grilla;;;PARTES DE DESMALEZADORAS REEMPLAZO ST FS160 / 220 / 280
2219084;completo;Engranaje sinfín;Engranaje sinfín;Motosierras;;BOMBA DE ACEITE Y SIN FIN;;;Engranaje sinfín;;;;2219084.jpg;baja;2 Tiempos;Motosierra;Bomba de aceite;134;grilla;;;BOMBA DE ACEITE Y SIN FIN
2219090;completo;Engranaje sinfín Husqvarna 137/142;Engranaje sinfín Husqvarna 137/142;Motosierras;;BOMBA DE ACEITE Y SIN FIN;Husqvarna;;Engranaje sinfín Husqvarna 137/142;;;;2219090.jpg;baja;2 Tiempos;Motosierra;Bomba de aceite;134;grilla;;;BOMBA DE ACEITE Y SIN FIN
2219091;completo;Engranaje sinfín Husqvarna 235/236/240;Engranaje sinfín Husqvarna 235/236/240;Motosierras;;SIN FINES HUSQVARNA / OTROS;Husqvarna;;Engranaje sinfín Husqvarna 235/236/240;;;;2219091.jpg;media;2 Tiempos;Motosierra;Bomba de aceite;107;grilla;;;SIN FINES HUSQVARNA / OTROS
2219092;completo;Engranaje sinfín Husqvarna 61/268/272 MANUBRIOS (DENTRO DE );Engranaje sinfín Husqvarna 61/268/272 MANUBRIOS (DENTRO DE );Motosierras;;SIN FINES HUSQVARNA / OTROS;Husqvarna;;Engranaje sinfín Husqvarna 61/268/272 MANUBRIOS (DENTRO DE );;;;2219092.jpg;media;2 Tiempos;Motosierra;Bomba de aceite;107;grilla;;NUEVO;SIN FINES HUSQVARNA / OTROS
2219093;completo;Engranaje sinfín Husqvarna 365/372(NEW) 575/570;Engranaje sinfín Husqvarna 365/372(NEW) 575/570;Motosierras;;SIN FINES HUSQVARNA / OTROS;Husqvarna;;Engranaje sinfín Husqvarna 365/372(NEW) 575/570;;;;2219093.jpg;media;2 Tiempos;Motosierra;Bomba de aceite;107;grilla;;NUEVO;SIN FINES HUSQVARNA / OTROS
2219094;completo;Engranaje sinfín Husqvarna 365(Old)/385/390;Engranaje sinfín Husqvarna 365(Old)/385/390;Motosierras;;SIN FINES HUSQVARNA / OTROS;Husqvarna;;Engranaje sinfín Husqvarna 365(Old)/385/390;;;;2219094.jpg;media;2 Tiempos;Motosierra;Bomba de aceite;107;grilla;;NUEVO;SIN FINES HUSQVARNA / OTROS
2219095;completo;Bomba de aceite Stihl 380/381 CHINAS 38CC;Bomba de aceite Stihl 380/381 CHINAS 38CC;Motosierras;;BOMBA DE ACEITE Y SIN FIN;Stihl;;Bomba de aceite Stihl 380/381 CHINAS 38CC;;38CC;;2219095.jpg;baja;2 Tiempos;Motosierra;Bomba de aceite;134;grilla;;NUEVO;BOMBA DE ACEITE Y SIN FIN
2219503;completo;Bomba De Aceite;Bomba De Aceite REPL- Echo Cs 350-4200;Motosierras;;BOMBA DE ACEITE Y SIN FIN;Echo;;Bomba De Aceite REPL- Echo Cs 350-4200;;;;2219503.jpg;media;2 Tiempos;Motosierra;Bomba de aceite;133;grilla;;;BOMBA DE ACEITE Y SIN FIN
2219504;completo;Sin Fin Bomba De Aceite;Sin Fin Bomba De Aceite REPL- Cs 350-4200;Motosierras;;BOMBA DE ACEITE Y SIN FIN;;;Sin Fin Bomba De Aceite REPL- Cs 350-4200;;;;2219504.jpg;media;2 Tiempos;Motosierra;Bomba de aceite;133;grilla;;;BOMBA DE ACEITE Y SIN FIN
2220009;falta_descripcion_con_foto;Partes;;Motosierras;Motosierras;Partes;;;;;;;2220009.jpg;baja;2 Tiempos;Motosierra;Partes;115;grilla;categoria;;MOTOSIERRAS CHINAS 38CC
2220010;falta_descripcion_con_foto;Partes;;Motosierras;Motosierras;Partes;;;;;;;2220010.jpg;baja;2 Tiempos;Motosierra;Partes;115;grilla;categoria;;MOTOSIERRAS CHINAS 38CC
2220011;falta_descripcion_con_foto;Partes;;Motosierras;Motosierras;Partes;;;;;;;2220011.jpg;media;2 Tiempos;Motosierra;Partes;117;grilla;categoria;;MOTOSIERRAS CHINAS 45CC / 52CC
2220012;falta_descripcion_con_foto;Partes;;Motosierras;Motosierras;Partes;;;;;;;2220012.jpg;media;2 Tiempos;Motosierra;Partes;117;grilla;categoria;;MOTOSIERRAS CHINAS 45CC / 52CC
2220013;falta_descripcion_con_foto;Partes;;Motosierras;Motosierras;Partes;;;;;;;2220013.jpg;media;2 Tiempos;Motosierra;Partes;117;grilla;categoria;;MOTOSIERRAS CHINAS 45CC / 52CC
2220014;falta_descripcion_con_foto;Partes;;Motosierras;Motosierras;Partes;;;;;;;2220014.jpg;baja;2 Tiempos;Motosierra;Partes;115;grilla;categoria;;MOTOSIERRAS CHINAS 38CC
2220015;falta_descripcion_con_foto;Partes;;Motosierras;Motosierras;Partes;;;;;;;2220015.jpg;media;2 Tiempos;Motosierra;Partes;117;grilla;categoria;;MOTOSIERRAS CHINAS 45CC / 52CC
2220016;falta_descripcion_con_foto;Cajas de engranajes;;Desmalezadoras;Desmalezadoras;CAJAS DE ENGRANAJES;;;;;;;2220016.jpg;media;2 Tiempos;Motosierra;Partes;113;grilla;categoria;;DESMALEZADORAS - CAJAS DE ENGRANAJES - REEMPLAZOS
2220017;falta_descripcion_con_foto;Partes;;Motosierras;Motosierras;Partes;;;;;;;2220017.jpg;media;2 Tiempos;Motosierra;Partes;116;grilla;categoria;;MOTOSIERRAS CHINAS 45CC / 52CC
2220018;falta_descripcion_con_foto;Cajas de engranajes;;Desmalezadoras;Desmalezadoras;CAJAS DE ENGRANAJES;;;;;;;2220018.jpg;media;2 Tiempos;Motosierra;Partes;113;grilla;categoria;;DESMALEZADORAS - CAJAS DE ENGRANAJES - REEMPLAZOS
2220019;falta_descripcion_con_foto;Partes;;Motosierras;Motosierras;Partes;;;;;;;2220019.jpg;media;2 Tiempos;Motosierra;Partes;116;grilla;categoria;;MOTOSIERRAS CHINAS 45CC / 52CC
2220020;falta_descripcion_con_foto;Partes;;Motosierras;Motosierras;Partes;;;;;;;2220020.jpg;media;2 Tiempos;Motosierra;Partes;117;grilla;categoria;;MOTOSIERRAS CHINAS 45CC / 52CC
2220021;falta_descripcion_con_foto;Partes;;Motosierras;Motosierras;Partes;;;;;;;2220021.jpg;media;2 Tiempos;Motosierra;Partes;117;grilla;categoria;;MOTOSIERRAS CHINAS 45CC / 52CC
2220024;completo;CHINAS 45CC / 52CC;CHINAS 45CC / 52CC;Motosierras;Motosierras;Partes;;;CHINAS 45CC / 52CC;;45CC | 52CC;;2220024.jpg;baja;2 Tiempos;Motosierra;Partes;115;grilla;;;MOTOSIERRAS CHINAS 38CC
2220025;completo;Tuerca Tapa Cadena Motosieras Chinas;Tuerca Tapa Cadena Motosieras Chinas;Motosierras;Motosierras;Partes;;;Tuerca Tapa Cadena Motosieras Chinas;;;;2220025.jpg;media;2 Tiempos;Motosierra;Partes;118;grilla;;;MOTOSIERRAS CHINAS 45CC / 52CC / 60CC
2220027;falta_descripcion_con_foto;Partes;;Motosierras;Motosierras;Partes;;;;;;;2220027.jpg;baja;2 Tiempos;Motosierra;Partes;115;grilla;categoria;;MOTOSIERRAS CHINAS 38CC
2220030;falta_descripcion_con_foto;Partes;;Motosierras;Motosierras;Partes;;;;;;;2220030.jpg;baja;2 Tiempos;Motosierra;Partes;115;grilla;categoria;;MOTOSIERRAS CHINAS 38CC
2220033;completo;Tuerca Tapa Filtro De Aire Chinas 4500 / 5200;Tuerca Tapa Filtro De Aire Chinas 4500 / 5200;Motosierras;Motosierras;Partes;;;Tuerca Tapa Filtro De Aire Chinas 4500 / 5200;;;;2220033.jpg;media;2 Tiempos;Motosierra;Partes;118;grilla;;;MOTOSIERRAS CHINAS 45CC / 52CC / 60CC
2220034;completo;Palanca Cebador 4500 / 5200;Palanca Cebador 4500 / 5200;Motosierras;Motosierras;Partes;;;Palanca Cebador 4500 / 5200;;;;2220034.jpg;media;2 Tiempos;Motosierra;Partes;118;grilla;;;MOTOSIERRAS CHINAS 45CC / 52CC / 60CC
2220037;completo;Zuncho De Freno 4500 / 5200;Zuncho De Freno 4500 / 5200;Motosierras;Motosierras;Partes;;;Zuncho De Freno 4500 / 5200;;;;2220037.jpg;media;2 Tiempos;Motosierra;Partes;118;grilla;;;MOTOSIERRAS CHINAS 45CC / 52CC / 60CC
2220040;completo;Capuchón de Bujía;Capuchón de Bujía;Encendido;Encendido;4T / 2T;;;Capuchón de Bujía;;;;2220040.jpg;baja;2 Tiempos;Motosierra;Partes;38;grilla;;;BUJIAS - 4T / 2T
2220042;falta_descripcion;Accesorios;;Motosierras;Motosierras;ACCESORIOS;;;;;;;;;2 Tiempos;Motosierra;Partes;138;grilla;categoria;NUEVO;MOTOSIERRAS - ACCESORIOS
2220045;falta_descripcion;Accesorios;;Motosierras;Motosierras;ACCESORIOS;;;;;;;;;2 Tiempos;Motosierra;Partes;138;grilla;categoria;;MOTOSIERRAS - ACCESORIOS
2220046;falta_descripcion;Accesorios;;Motosierras;Motosierras;ACCESORIOS;;;;;;;;;2 Tiempos;Motosierra;Partes;138;grilla;categoria;;MOTOSIERRAS - ACCESORIOS
2220047;falta_descripcion;Accesorios;;Motosierras;Motosierras;ACCESORIOS;;;;;;;;;2 Tiempos;Motosierra;Partes;138;grilla;categoria;;MOTOSIERRAS - ACCESORIOS
2220060;falta_descripcion;Accesorios;;Motosierras;Motosierras;ACCESORIOS;;;;;;;;;2 Tiempos;Motosierra;Partes;138;grilla;categoria;;MOTOSIERRAS - ACCESORIOS
2220061;falta_descripcion;Accesorios;;Motosierras;Motosierras;ACCESORIOS;;;;;;;;;2 Tiempos;Motosierra;Partes;138;grilla;categoria;;MOTOSIERRAS - ACCESORIOS
2220062;falta_descripcion;Accesorios;;Motosierras;Motosierras;ACCESORIOS;;;;;;;;;2 Tiempos;Motosierra;Partes;138;grilla;categoria;;MOTOSIERRAS - ACCESORIOS
2220068;completo;Múltiple de admisión Stihl MS170/180;Múltiple de admisión Stihl MS170/180;Motosierras;;ACCESORIOS / HERRAMIENTAS;Stihl;;Múltiple de admisión Stihl MS170/180;;;;2220068.jpg;media;2 Tiempos;Motosierra;Partes;140;grilla;;;ACCESORIOS / HERRAMIENTAS
2220069;completo;Múltiple de admisión Stihl MS210/230/250;Múltiple de admisión Stihl MS210/230/250;Motosierras;;ACCESORIOS / HERRAMIENTAS;Stihl;;Múltiple de admisión Stihl MS210/230/250;;;;2220069.jpg;media;2 Tiempos;Motosierra;Partes;140;grilla;;NUEVO;ACCESORIOS / HERRAMIENTAS
2220070;completo;Múltiple de admisión Stihl MS340/360;Múltiple de admisión Stihl MS340/360;Motosierras;;ACCESORIOS / HERRAMIENTAS;Stihl;;Múltiple de admisión Stihl MS340/360;;;;2220070.jpg;media;2 Tiempos;Motosierra;Partes;140;grilla;;NUEVO;ACCESORIOS / HERRAMIENTAS
2220071;completo;Múltiple de admisión Stihl MS361;Múltiple de admisión Stihl MS361;Motosierras;;ACCESORIOS / HERRAMIENTAS;Stihl;;Múltiple de admisión Stihl MS361;;;;2220071.jpg;media;2 Tiempos;Motosierra;Partes;140;grilla;;NUEVO;ACCESORIOS / HERRAMIENTAS
2220072;completo;Múltiple de admisión Stihl MS380/381;Múltiple de admisión Stihl MS380/381;Motosierras;;ACCESORIOS / HERRAMIENTAS;Stihl;;Múltiple de admisión Stihl MS380/381;;;;2220072.jpg;media;2 Tiempos;Motosierra;Partes;140;grilla;;NUEVO;ACCESORIOS / HERRAMIENTAS
2220073;completo;Múltiple de admisión Stihl MS382;Múltiple de admisión Stihl MS382;Motosierras;;ACCESORIOS / HERRAMIENTAS;Stihl;;Múltiple de admisión Stihl MS382;;;;2220073.jpg;media;2 Tiempos;Motosierra;Partes;140;grilla;;;ACCESORIOS / HERRAMIENTAS
2220077;completo;Protector Tanque De Comb;Protector Tanque De Comb Repl St- FS450;Desmalezadoras;Desmalezadoras;Partes;;;Protector Tanque De Comb Repl St- FS450;;;;2220077.jpg;muy_baja;2 Tiempos;Motosierra;Partes;109;grilla;;;PARTES DE DESMALEZADORAS REEMPLAZO ST FS450
2220080;completo;Garra de apoyo dentada Stihl 170/180 /210/230/250;Garra de apoyo dentada Stihl 170/180 /210/230/250;Motosierras;;ACCESORIOS / HERRAMIENTAS;Stihl;;Garra de apoyo dentada Stihl 170/180 /210/230/250;;;;2220080.jpg;media;2 Tiempos;Motosierra;Partes;140;grilla;;;ACCESORIOS / HERRAMIENTAS
2220081;completo;Garra de apoyo dentada Stihl 026/036/029/ 380/381;Garra de apoyo dentada Stihl 026/036/029/ 380/381;Motosierras;;ACCESORIOS / HERRAMIENTAS;Stihl;;Garra de apoyo dentada Stihl 026/036/029/ 380/381;;;;2220081.jpg;media;2 Tiempos;Motosierra;Partes;140;grilla;;;ACCESORIOS / HERRAMIENTAS
2220082;completo;Garra de apoyo dentada Husqvarna 61/268/272;Garra de apoyo dentada Husqvarna 61/268/272;Motosierras;Motosierras;Partes;Husqvarna;;Garra de apoyo dentada Husqvarna 61/268/272;;;;2220082.jpg;media;2 Tiempos;Motosierra;Partes;44;grilla;;;ACCESORIOS Y REPUESTOS MOTOSIERRA HUSQVARNA
2220083;completo;Garra de apoyo dentada Husqvarna 365/372/385/575;Garra de apoyo dentada Husqvarna 365/372/385/575;Motosierras;Motosierras;Partes;Husqvarna;;Garra de apoyo dentada Husqvarna 365/372/385/575;;;;2220083.jpg;media;2 Tiempos;Motosierra;Partes;44;grilla;;NUEVO;ACCESORIOS Y REPUESTOS MOTOSIERRA HUSQVARNA
2220091;completo;Amortiguador anular (silentblock) Stihl MS170(1123 791 2800);Amortiguador anular (silentblock) Stihl MS170(1123 791 2800);Motosierras;;ACCESORIOS / HERRAMIENTAS;Stihl;;Amortiguador anular (silentblock) Stihl MS170(1123 791 2800);;;;2220091.jpg;media;2 Tiempos;Motosierra;Partes;140;grilla;;NUEVO;ACCESORIOS / HERRAMIENTAS
2220092;completo;Amortiguador anular (silentblock) Stihl MS210/230/250 /290/310 (1123…;Amortiguador anular (silentblock) Stihl MS210/230/250 /290/310 (1123…;Motosierras;;ACCESORIOS / HERRAMIENTAS;Stihl;;Amortiguador anular (silentblock) Stihl MS210/230/250 /290/310 (1123…;;;;2220092.jpg;media;2 Tiempos;Motosierra;Partes;140;grilla;;NUEVO;ACCESORIOS / HERRAMIENTAS
2220093;falta_descripcion;Manguera de combustible;;Carburación;Carburación;MANGUERA DE COMBUSTIBLE;;;;;;;;;2 Tiempos;Motosierra;Partes;42;grilla;categoria;;CARBURACIÓN - MANGUERA DE COMBUSTIBLE - MOTOSIERRAS - DESMALEZADORAS
2220094;falta_descripcion;Manguera de combustible;;Carburación;Carburación;MANGUERA DE COMBUSTIBLE;;;;;;;;;2 Tiempos;Motosierra;Partes;42;grilla;categoria;;CARBURACIÓN - MANGUERA DE COMBUSTIBLE - MOTOSIERRAS - DESMALEZADORAS
2220096;completo;Amortiguador anular (silentblock) Stihl MS341 (9022 371 1020);Amortiguador anular (silentblock) Stihl MS341 (9022 371 1020);Motosierras;;ACCESORIOS / HERRAMIENTAS;Stihl;;Amortiguador anular (silentblock) Stihl MS341 (9022 371 1020);;;;2220096.jpg;media;2 Tiempos;Motosierra;Partes;140;grilla;;;ACCESORIOS / HERRAMIENTAS
2220097;falta_descripcion;Manguera de combustible;;Carburación;Carburación;MANGUERA DE COMBUSTIBLE;;;;;;;;;2 Tiempos;Motosierra;Partes;42;grilla;categoria;;CARBURACIÓN - MANGUERA DE COMBUSTIBLE - MOTOSIERRAS - DESMALEZADORAS
2220098;falta_descripcion;Manguera de combustible;;Carburación;Carburación;MANGUERA DE COMBUSTIBLE;;;;;;;;;2 Tiempos;Motosierra;Partes;42;grilla;categoria;;CARBURACIÓN - MANGUERA DE COMBUSTIBLE - MOTOSIERRAS - DESMALEZADORAS
2220099;completo;Amortiguador anular (silentblock) Stihl MS360 (1125 790 9910);Amortiguador anular (silentblock) Stihl MS360 (1125 790 9910);Motosierras;;ACCESORIOS / HERRAMIENTAS;Stihl;;Amortiguador anular (silentblock) Stihl MS360 (1125 790 9910);;;;2220099.jpg;media;2 Tiempos;Motosierra;Partes;140;grilla;;;ACCESORIOS / HERRAMIENTAS
2220100;completo;Amortiguador anular (silentblock) Stihl MS380/381/026 (1121 790 9909);Amortiguador anular (silentblock) Stihl MS380/381/026 (1121 790 9909);Motosierras;Motosierras;ACCESORIOS;Stihl;;Amortiguador anular (silentblock) Stihl MS380/381/026 (1121 790 9909);;;;2220100.jpg;media;2 Tiempos;Motosierra;Partes;141;grilla;;;MOTOSIERRAS - ACCESORIOS
2220101;completo;Amortiguador anular (silentblock) Stihl MS261/271/362 (1138 791 5903);Amortiguador anular (silentblock) Stihl MS261/271/362 (1138 791 5903);Motosierras;Motosierras;ACCESORIOS;Stihl;;Amortiguador anular (silentblock) Stihl MS261/271/362 (1138 791 5903);;;;2220101.jpg;media;2 Tiempos;Motosierra;Partes;141;grilla;;NUEVO;MOTOSIERRAS - ACCESORIOS
2220102;completo;Amortiguador anular (silentblock) Stihl MS380(1118 790 9930);Amortiguador anular (silentblock) Stihl MS380(1118 790 9930);Motosierras;Motosierras;ACCESORIOS;Stihl;;Amortiguador anular (silentblock) Stihl MS380(1118 790 9930);;;;2220102.jpg;media;2 Tiempos;Motosierra;Partes;141;grilla;;;MOTOSIERRAS - ACCESORIOS
2220103;completo;Amortiguador anular (silentblock) Stihl MS380/381/026 /TS400 (1121…;Amortiguador anular (silentblock) Stihl MS380/381/026 /TS400 (1121…;Motosierras;Motosierras;ACCESORIOS;Stihl;;Amortiguador anular (silentblock) Stihl MS380/381/026 /TS400 (1121…;;;;2220103.jpg;media;2 Tiempos;Motosierra;Partes;141;grilla;;;MOTOSIERRAS - ACCESORIOS
2220104;completo;Amortiguador anular (silentblock) CS4000(1700) BIG;Amortiguador anular (silentblock) CS4000(1700) BIG;Motosierras;Motosierras;Partes;;;Amortiguador anular (silentblock) CS4000(1700) BIG;;;;2220104.jpg;muy_baja;2 Tiempos;Motosierra;Partes;120;grilla;;;MOTOSIERRAS / AMORTIGUADORES
2220105;completo;Amortiguador anular (silentblock) CS4000(1700) SMALL;Amortiguador anular (silentblock) CS4000(1700) SMALL;Motosierras;Motosierras;Partes;;;Amortiguador anular (silentblock) CS4000(1700) SMALL;;;;2220105.jpg;muy_baja;2 Tiempos;Motosierra;Partes;120;grilla;;NUEVO;MOTOSIERRAS / AMORTIGUADORES
2220106;completo;Amortiguador anular (silentblock) Husqvarna 61/268/272 (Big);Amortiguador anular (silentblock) Husqvarna 61/268/272 (Big);Motosierras;Motosierras;Partes;Husqvarna;;Amortiguador anular (silentblock) Husqvarna 61/268/272 (Big);;;;2220106.jpg;media;2 Tiempos;Motosierra;Partes;44;grilla;;NUEVO;ACCESORIOS Y REPUESTOS MOTOSIERRA HUSQVARNA
2220107;completo;Amortiguador anular (silentblock) Husqvarna 365/372;Amortiguador anular (silentblock) Husqvarna 365/372;Motosierras;Motosierras;Partes;Husqvarna;;Amortiguador anular (silentblock) Husqvarna 365/372;;;;2220107.jpg;media;2 Tiempos;Motosierra;Partes;44;grilla;;NUEVO;ACCESORIOS Y REPUESTOS MOTOSIERRA HUSQVARNA
2220108;completo;Amortiguador anular (silentblock) Husqvarna 365/372;Amortiguador anular (silentblock) Husqvarna 365/372;Motosierras;Motosierras;Partes;Husqvarna;;Amortiguador anular (silentblock) Husqvarna 365/372;;;;2220108.jpg;media;2 Tiempos;Motosierra;Partes;44;grilla;;NUEVO;ACCESORIOS Y REPUESTOS MOTOSIERRA HUSQVARNA
2220109;completo;Tapón de amortiguador anular ST170/180/250/290 (1123 791 7300);Tapón de amortiguador anular ST170/180/250/290 (1123 791 7300);Motosierras;Motosierras;Partes;;;Tapón de amortiguador anular ST170/180/250/290 (1123 791 7300);;;;2220109.jpg;muy_baja;2 Tiempos;Motosierra;Partes;120;grilla;;;MOTOSIERRAS / AMORTIGUADORES
2220110;completo;Tapón de amortiguador anular ST250/290 (1123 791 7310);Tapón de amortiguador anular ST250/290 (1123 791 7310);Motosierras;Motosierras;Partes;;;Tapón de amortiguador anular ST250/290 (1123 791 7310);;;;2220110.jpg;muy_baja;2 Tiempos;Motosierra;Partes;120;grilla;;;MOTOSIERRAS / AMORTIGUADORES
2220111;completo;Tapón de amortiguador anular ST026/038(1119 791 7305);Tapón de amortiguador anular ST026/038(1119 791 7305);Motosierras;Motosierras;Partes;;;Tapón de amortiguador anular ST026/038(1119 791 7305);;;;2220111.jpg;muy_baja;2 Tiempos;Motosierra;Partes;120;grilla;;;MOTOSIERRAS / AMORTIGUADORES
2220112;completo;Tapón de amortiguador anular ST026/036/038/380/381 / (1125 791……;Tapón de amortiguador anular ST026/036/038/380/381 / (1125 791… CHINAS 45CC/52CC (NUEVA POSICIÓN — );Motosierras;Motosierras;Partes;;;Tapón de amortiguador anular ST026/036/038/380/381 / (1125 791… CHINAS 45CC/52CC (NUEVA POSICIÓN — );;45CC | 52CC;;2220112.jpg;muy_baja;2 Tiempos;Motosierra;Partes;120;grilla;;NUEVO;MOTOSIERRAS / AMORTIGUADORES
2220113;completo;Tapón de amortiguador anular ST044/038 (1119 791 7306);Tapón de amortiguador anular ST044/038 (1119 791 7306);Motosierras;;BOMBA DE ACEITE Y SIN FIN;;;Tapón de amortiguador anular ST044/038 (1119 791 7306);;;;2220113.jpg;baja;2 Tiempos;Motosierra;Partes;134;grilla;;;BOMBA DE ACEITE Y SIN FIN
2220114;completo;Tapón de amortiguador anular ST381/382 (1119 791 7300) BOMBAS DE…;Tapón de amortiguador anular ST381/382 (1119 791 7300) BOMBAS DE ACEITE SINFIN (NUEVA POSICIÓN — );Motosierras;;BOMBA DE ACEITE Y SIN FIN;;;Tapón de amortiguador anular ST381/382 (1119 791 7300) BOMBAS DE ACEITE SINFIN (NUEVA POSICIÓN — );;;;2220114.jpg;baja;2 Tiempos;Motosierra;Partes;134;grilla;;NUEVO;BOMBA DE ACEITE Y SIN FIN
2220115;completo;Tapón de amortiguador anular ST036 (1125 791 7300);Tapón de amortiguador anular ST036 (1125 791 7300);Motosierras;;BOMBA DE ACEITE Y SIN FIN;;;Tapón de amortiguador anular ST036 (1125 791 7300);;;;2220115.jpg;baja;2 Tiempos;Motosierra;Partes;134;grilla;;NUEVO;BOMBA DE ACEITE Y SIN FIN
2220118;sin_codigo;"Manubrio Código Logbelts: Mandril portacuchilla 54"" 618P09257…";"Manubrio Código Logbelts: Mandril portacuchilla 54"" 618P09257 Código Logbelts: Eje 46""";Motosierras;;SIN FINES HUSQVARNA / OTROS;Husqvarna;;"Manubrio Código Logbelts: Mandril portacuchilla 54"" 618P09257 Código Logbelts: Eje 46""";;;;2220118.jpg;media;2 Tiempos;Motosierra;Partes;107;grilla;;A ASIGNAR;SIN FINES HUSQVARNA / OTROS
2220119;sin_codigo;"Manubrio (aluminio, buje de goma… EJES DE TRANSMISIÓN — A CAJAS DE…";"Manubrio (aluminio, buje de goma… EJES DE TRANSMISIÓN — A CAJAS DE ENGRANAJE Código Logbelts: Eje 54""";Motosierras;;SIN FINES HUSQVARNA / OTROS;Husqvarna;;"Manubrio (aluminio, buje de goma… EJES DE TRANSMISIÓN — A CAJAS DE ENGRANAJE Código Logbelts: Eje 54""";;;;2220119.jpg;media;2 Tiempos;Motosierra;Partes;107;grilla;;NUEVO | A ASIGNAR;SIN FINES HUSQVARNA / OTROS
2220120;completo;Manubrio Husqvarna 61/268/272;Manubrio Husqvarna 61/268/272;Motosierras;Motosierras;Partes;Husqvarna;;Manubrio Husqvarna 61/268/272;;;;2220120.jpg;media;2 Tiempos;Motosierra;Partes;44;grilla;;;ACCESORIOS Y REPUESTOS MOTOSIERRA HUSQVARNA
2220121;completo;Manubrio Husqvarna 362/365;Manubrio Husqvarna 362/365;Motosierras;Motosierras;Partes;Husqvarna;;Manubrio Husqvarna 362/365;;;;2220121.jpg;media;2 Tiempos;Motosierra;Partes;44;grilla;;NUEVO | VERIFICAR FOTO;ACCESORIOS Y REPUESTOS MOTOSIERRA HUSQVARNA
2220122;completo;Manubrio Stihl MS170/180;Manubrio Stihl MS170/180;Motosierras;Motosierras;ACCESORIOS;Stihl;;Manubrio Stihl MS170/180;;;;2220122.jpg;media;2 Tiempos;Motosierra;Partes;141;grilla;;;MOTOSIERRAS - ACCESORIOS
2220123;completo;Manubrio Stihl MS230/250;Manubrio Stihl MS230/250;Motosierras;Motosierras;ACCESORIOS;Stihl;;Manubrio Stihl MS230/250;;;;2220123.jpg;media;2 Tiempos;Motosierra;Partes;141;grilla;;;MOTOSIERRAS - ACCESORIOS
2220124;completo;Manubrio Stihl MS340/360;Manubrio Stihl MS340/360;Motosierras;Motosierras;ACCESORIOS;Stihl;;Manubrio Stihl MS340/360;;;;2220124.jpg;baja;2 Tiempos;Motosierra;Partes;142;grilla;;;MOTOSIERRAS - ACCESORIOS
2220125;completo;Manubrio Stihl MS341/361;Manubrio Stihl MS341/361;Motosierras;Motosierras;ACCESORIOS;Stihl;;Manubrio Stihl MS341/361;;;;2220125.jpg;baja;2 Tiempos;Motosierra;Partes;142;grilla;;NUEVO;MOTOSIERRAS - ACCESORIOS
2220126;completo;Manubrio Stihl MS381/382;Manubrio Stihl MS381/382;Motosierras;Motosierras;ACCESORIOS;Stihl;;Manubrio Stihl MS381/382;;;;2220126.jpg;baja;2 Tiempos;Motosierra;Partes;142;grilla;;NUEVO;MOTOSIERRAS - ACCESORIOS
2220133;completo;Varilla de cebador (choke) Husqvarna 61/268/272/288;Varilla de cebador (choke) Husqvarna 61/268/272/288;Motosierras;Motosierras;Partes;Husqvarna;;Varilla de cebador (choke) Husqvarna 61/268/272/288;;;;2220133.jpg;media;2 Tiempos;Motosierra;Partes;44;grilla;;NUEVO;ACCESORIOS Y REPUESTOS MOTOSIERRA HUSQVARNA
2220134;completo;Varilla de cebador (choke) Husqvarna 365/372;Varilla de cebador (choke) Husqvarna 365/372;Motosierras;Motosierras;Partes;Husqvarna;;Varilla de cebador (choke) Husqvarna 365/372;;;;2220134.jpg;media;2 Tiempos;Motosierra;Partes;44;grilla;;NUEVO;ACCESORIOS Y REPUESTOS MOTOSIERRA HUSQVARNA
2220135;completo;Varilla de cebador (choke) Stihl MS170/180;Varilla de cebador (choke) Stihl MS170/180;Motosierras;Motosierras;ACCESORIOS;Stihl;;Varilla de cebador (choke) Stihl MS170/180;;;;2220135.jpg;baja;2 Tiempos;Motosierra;Partes;142;grilla;;NUEVO;MOTOSIERRAS - ACCESORIOS
2220136;completo;Varilla de cebador (choke) Stihl MS210/230/250;Varilla de cebador (choke) Stihl MS210/230/250;Motosierras;Motosierras;ACCESORIOS;Stihl;;Varilla de cebador (choke) Stihl MS210/230/250;;;;2220136.jpg;baja;2 Tiempos;Motosierra;Partes;142;grilla;;;MOTOSIERRAS - ACCESORIOS
2220137;completo;Varilla de cebador (choke) Stihl MS340/360;Varilla de cebador (choke) Stihl MS340/360;Motosierras;Motosierras;ACCESORIOS;Stihl;;Varilla de cebador (choke) Stihl MS340/360;;;;2220137.jpg;baja;2 Tiempos;Motosierra;Partes;142;grilla;;;MOTOSIERRAS - ACCESORIOS
2220143;completo;Tapa de bomba de aceite Stihl 170/180/230/250;Tapa de bomba de aceite Stihl 170/180/230/250;Motosierras;;BOMBA DE ACEITE Y SIN FIN;Stihl;;Tapa de bomba de aceite Stihl 170/180/230/250;;;;2220143.jpg;baja;2 Tiempos;Motosierra;Partes;134;grilla;;;BOMBA DE ACEITE Y SIN FIN
2220144;completo;Tapa de bomba de aceite Stihl MS361;Tapa de bomba de aceite Stihl MS361;Motosierras;Motosierras;ACCESORIOS;Stihl;;Tapa de bomba de aceite Stihl MS361;;;;2220144.jpg;baja;2 Tiempos;Motosierra;Partes;142;grilla;;NUEVO;MOTOSIERRAS - ACCESORIOS
2220145;completo;Tapa de bomba de aceite Stihl MS360/036;Tapa de bomba de aceite Stihl MS360/036;Motosierras;Motosierras;ACCESORIOS;Stihl;;Tapa de bomba de aceite Stihl MS360/036;;;;2220145.jpg;baja;2 Tiempos;Motosierra;Partes;142;grilla;;NUEVO;MOTOSIERRAS - ACCESORIOS
2220146;completo;Tapa de bomba de aceite Stihl 038/380/381;Tapa de bomba de aceite Stihl 038/380/381;Motosierras;;BOMBA DE ACEITE Y SIN FIN;Stihl;;Tapa de bomba de aceite Stihl 038/380/381;;;;;;2 Tiempos;Motosierra;Partes;134;grilla;;;BOMBA DE ACEITE Y SIN FIN
2220165;completo;Manija de freno Stihl MS170/180;Manija de freno Stihl MS170/180;Motosierras;Motosierras;ACCESORIOS;Stihl;;Manija de freno Stihl MS170/180;;;;2220165.jpg;baja;2 Tiempos;Motosierra;Partes;139;grilla;;;MOTOSIERRAS - ACCESORIOS
2220166;completo;Manija de freno Stihl MS230/250;Manija de freno Stihl MS230/250;Motosierras;Motosierras;ACCESORIOS;Stihl;;Manija de freno Stihl MS230/250;;;;2220166.jpg;baja;2 Tiempos;Motosierra;Partes;139;grilla;;NUEVO;MOTOSIERRAS - ACCESORIOS
2220167;completo;Manija de freno Stihl MS360;Manija de freno Stihl MS360;Motosierras;Motosierras;ACCESORIOS;Stihl;;Manija de freno Stihl MS360;;;;2220167.jpg;baja;2 Tiempos;Motosierra;Partes;139;grilla;;NUEVO;MOTOSIERRAS - ACCESORIOS
2220168;completo;Manija de freno Stihl MS361;Manija de freno Stihl MS361;Motosierras;Motosierras;ACCESORIOS;Stihl;;Manija de freno Stihl MS361;;;;2220168.jpg;baja;2 Tiempos;Motosierra;Partes;139;grilla;;NUEVO;MOTOSIERRAS - ACCESORIOS
2220169;completo;Manija de freno Stihl MS380;Manija de freno Stihl MS380;Motosierras;Motosierras;ACCESORIOS;Stihl;;Manija de freno Stihl MS380;;;;2220169.jpg;baja;2 Tiempos;Motosierra;Partes;139;grilla;;NUEVO;MOTOSIERRAS - ACCESORIOS
2220170;completo;Manija de freno Stihl MS381;Manija de freno Stihl MS381;Motosierras;Motosierras;ACCESORIOS;Stihl;;Manija de freno Stihl MS381;;;;2220170.jpg;baja;2 Tiempos;Motosierra;Partes;139;grilla;;;MOTOSIERRAS - ACCESORIOS
2220171;completo;Manija de freno Husqvarna 61/268/272;Manija de freno Husqvarna 61/268/272;Motosierras;Motosierras;Partes;Husqvarna;;Manija de freno Husqvarna 61/268/272;;;;2220171.jpg;media;2 Tiempos;Motosierra;Partes;44;grilla;;NUEVO;ACCESORIOS Y REPUESTOS MOTOSIERRA HUSQVARNA
2220172;completo;Manija de freno Husqvarna 362/365/372;Manija de freno Husqvarna 362/365/372;Motosierras;Motosierras;Partes;Husqvarna;;Manija de freno Husqvarna 362/365/372;;;;2220172.jpg;media;2 Tiempos;Motosierra;Partes;44;grilla;;;ACCESORIOS Y REPUESTOS MOTOSIERRA HUSQVARNA
2220178;completo;Cubierta / carcasa Husqvarna 61/268/272;Cubierta / carcasa Husqvarna 61/268/272;Motosierras;Motosierras;Partes;Husqvarna;;Cubierta / carcasa Husqvarna 61/268/272;;;;2220178.jpg;media;2 Tiempos;Motosierra;Partes;44;grilla;;;ACCESORIOS Y REPUESTOS MOTOSIERRA HUSQVARNA
2220179;completo;Cubierta / carcasa Husqvarna 365/372;Cubierta / carcasa Husqvarna 365/372;Motosierras;Motosierras;Partes;Husqvarna;;Cubierta / carcasa Husqvarna 365/372;;;;2220179.jpg;media;2 Tiempos;Motosierra;Partes;44;grilla;;;ACCESORIOS Y REPUESTOS MOTOSIERRA HUSQVARNA
2220180;completo;Cubierta / carcasa Stihl MS170/180;Cubierta / carcasa Stihl MS170/180;Desmalezadoras;Desmalezadoras;Partes;Stihl;;Cubierta / carcasa Stihl MS170/180;;;;2220180.jpg;media;2 Tiempos;Motosierra;Partes;103;grilla;;NUEVO;PARTES DE DESMALEZADORAS REEMPLAZO ST FS38 / FS55
2220181;completo;Cubierta / carcasa Stihl MS230/250;Cubierta / carcasa Stihl MS230/250;Desmalezadoras;Desmalezadoras;Partes;Stihl;;Cubierta / carcasa Stihl MS230/250;;;;2220181.jpg;media;2 Tiempos;Motosierra;Partes;103;grilla;;NUEVO;PARTES DE DESMALEZADORAS REEMPLAZO ST FS38 / FS55
2220182;completo;Cubierta / carcasa Stihl MS340/360;Cubierta / carcasa Stihl MS340/360;Desmalezadoras;Desmalezadoras;Partes;Stihl;;Cubierta / carcasa Stihl MS340/360;;;;2220182.jpg;media;2 Tiempos;Motosierra;Partes;103;grilla;;;PARTES DE DESMALEZADORAS REEMPLAZO ST FS38 / FS55
2220183;completo;Cubierta / carcasa Stihl MS341/361 PARTES DE 143R;Cubierta / carcasa Stihl MS341/361 PARTES DE 143R;Desmalezadoras;Desmalezadoras;Partes;Stihl;;Cubierta / carcasa Stihl MS341/361 PARTES DE 143R;;;;2220183.jpg;media;2 Tiempos;Motosierra;Partes;103;grilla;;NUEVO;PARTES DE DESMALEZADORAS REEMPLAZO ST FS38 / FS55
2220184;completo;Cubierta / carcasa Stihl MS380;Cubierta / carcasa Stihl MS380;Desmalezadoras;Desmalezadoras;Partes;Stihl;;Cubierta / carcasa Stihl MS380;;;;2220184.jpg;media;2 Tiempos;Motosierra;Partes;103;grilla;;NUEVO;PARTES DE DESMALEZADORAS REEMPLAZO ST FS38 / FS55
2220185;completo;Cubierta / carcasa Stihl MS381;Cubierta / carcasa Stihl MS381;Desmalezadoras;Desmalezadoras;Partes;Stihl;;Cubierta / carcasa Stihl MS381;;;;2220185.jpg;media;2 Tiempos;Motosierra;Partes;103;grilla;;;PARTES DE DESMALEZADORAS REEMPLAZO ST FS38 / FS55
2220187;falta_descripcion_con_foto;Partes;;Desmalezadoras;Desmalezadoras;Partes;;;;;;;2220187.jpg;muy_baja;2 Tiempos;Motosierra;Partes;102;grilla;categoria;;PARTES DE DESMALEZADORAS REEMPLAZO ST FS38 / FS55
2220190;completo;Traba giratoria larga;Traba giratoria larga;Motosierras;Motosierras;ACCESORIOS;;;Traba giratoria larga;;;;2220190.jpg;baja;2 Tiempos;Motosierra;Partes;142;grilla;;;MOTOSIERRAS - ACCESORIOS
2220191;completo;Traba giratoria Stihl 170/180/260/360;Traba giratoria Stihl 170/180/260/360;Motosierras;Motosierras;ACCESORIOS;Stihl;;Traba giratoria Stihl 170/180/260/360;;;;2220191.jpg;baja;2 Tiempos;Motosierra;Partes;142;grilla;;NUEVO;MOTOSIERRAS - ACCESORIOS
2220192;completo;Traba giratoria Stihl 210/230/250/290 /;Traba giratoria Stihl 210/230/250/290 /;Motosierras;Motosierras;ACCESORIOS;Stihl;;Traba giratoria Stihl 210/230/250/290 /;;;;2220192.jpg;baja;2 Tiempos;Motosierra;Partes;142;grilla;;NUEVO;MOTOSIERRAS - ACCESORIOS
2220193;completo;Traba giratoria Stihl 038/380/381/382;Traba giratoria Stihl 038/380/381/382;Motosierras;Motosierras;ACCESORIOS;Stihl;;Traba giratoria Stihl 038/380/381/382;;;;2220193.jpg;baja;2 Tiempos;Motosierra;Partes;142;grilla;;;MOTOSIERRAS - ACCESORIOS
2220194;completo;Traba giratoria Stihl 361/044/046/660;Traba giratoria Stihl 361/044/046/660;Motosierras;Motosierras;ACCESORIOS;Stihl;;Traba giratoria Stihl 361/044/046/660;;;;2220194.jpg;baja;2 Tiempos;Motosierra;Partes;142;grilla;;;MOTOSIERRAS - ACCESORIOS
2220199;completo;Interruptor de encendido/apagado Husqvarna 137/55/61/268/288;Interruptor de encendido/apagado Husqvarna 137/55/61/268/288;Motosierras;Motosierras;Partes;Husqvarna;;Interruptor de encendido/apagado Husqvarna 137/55/61/268/288;;;;2220199.jpg;media;2 Tiempos;Motosierra;Partes;44;grilla;;;ACCESORIOS Y REPUESTOS MOTOSIERRA HUSQVARNA
2220200;completo;Interruptor de encendido/apagado Husqvarna 365/372;Interruptor de encendido/apagado Husqvarna 365/372;Motosierras;Motosierras;Partes;Husqvarna;;Interruptor de encendido/apagado Husqvarna 365/372;;;;2220200.jpg;media;2 Tiempos;Motosierra;Partes;44;grilla;;;ACCESORIOS Y REPUESTOS MOTOSIERRA HUSQVARNA
2220207;completo;Kit de tornillería estándar Stihl MS170/180/250;Kit de tornillería estándar Stihl MS170/180/250;Motosierras;Motosierras;ACCESORIOS;Stihl;;Kit de tornillería estándar Stihl MS170/180/250;;;;2220207.jpg;baja;2 Tiempos;Motosierra;Partes;139;grilla;;;MOTOSIERRAS - ACCESORIOS
2220208;completo;Kit de tornillería estándar Stihl MS361;Kit de tornillería estándar Stihl MS361;Motosierras;Motosierras;ACCESORIOS;Stihl;;Kit de tornillería estándar Stihl MS361;;;;2220208.jpg;baja;2 Tiempos;Motosierra;Partes;139;grilla;;;MOTOSIERRAS - ACCESORIOS
2220209;completo;Kit de tornillería estándar Stihl MS038/381/382;Kit de tornillería estándar Stihl MS038/381/382;Motosierras;Motosierras;ACCESORIOS;Stihl;;Kit de tornillería estándar Stihl MS038/381/382;;;;2220209.jpg;baja;2 Tiempos;Motosierra;Partes;139;grilla;;;MOTOSIERRAS - ACCESORIOS
2220210;completo;Kit de tornillería estándar Stihl MS660/661;Kit de tornillería estándar Stihl MS660/661;Motosierras;Motosierras;ACCESORIOS;Stihl;;Kit de tornillería estándar Stihl MS660/661;;;;;;2 Tiempos;Motosierra;Partes;139;grilla;;;MOTOSIERRAS - ACCESORIOS
2221610;falta_descripcion;Mangueras de combustible;;Carburación;Carburación;MANGUERAS DE COMBUSTIBLE;;;;;;;;;2 Tiempos;Motosierra;Mangueras;40;grilla;categoria;;CARBURACIÓN - MANGUERAS DE COMBUSTIBLE
2221611;falta_descripcion;Mangueras de combustible;;Carburación;Carburación;MANGUERAS DE COMBUSTIBLE;;;;;;;;;2 Tiempos;Motosierra;Mangueras;40;grilla;categoria;;CARBURACIÓN - MANGUERAS DE COMBUSTIBLE
2221614;falta_descripcion;Mangueras de combustible;;Carburación;Carburación;MANGUERAS DE COMBUSTIBLE;;;;;;;;;2 Tiempos;Motosierra;Mangueras;40;grilla;categoria;;CARBURACIÓN - MANGUERAS DE COMBUSTIBLE
2221615;falta_descripcion;Mangueras de combustible;;Carburación;Carburación;MANGUERAS DE COMBUSTIBLE;;;;;;;;;2 Tiempos;Motosierra;Mangueras;40;grilla;categoria;;CARBURACIÓN - MANGUERAS DE COMBUSTIBLE
2221616;falta_descripcion;Mangueras de combustible;;Carburación;Carburación;MANGUERAS DE COMBUSTIBLE;;;;;;;;;2 Tiempos;Motosierra;Mangueras;40;grilla;categoria;;CARBURACIÓN - MANGUERAS DE COMBUSTIBLE
2221617;falta_descripcion;Mangueras de combustible;;Carburación;Carburación;MANGUERAS DE COMBUSTIBLE;;;;;;;;;2 Tiempos;Motosierra;Mangueras;40;grilla;categoria;;CARBURACIÓN - MANGUERAS DE COMBUSTIBLE
2221618;falta_descripcion;Mangueras de combustible;;Carburación;Carburación;MANGUERAS DE COMBUSTIBLE;;;;;;;;;2 Tiempos;Motosierra;Mangueras;40;grilla;categoria;;CARBURACIÓN - MANGUERAS DE COMBUSTIBLE
2221620;falta_descripcion;Manguera de combustible;;Carburación;Carburación;MANGUERA DE COMBUSTIBLE;;;;;;;;;2 Tiempos;Motosierra;Mangueras;42;grilla;categoria;;CARBURACIÓN - MANGUERA DE COMBUSTIBLE - MOTOSIERRAS - DESMALEZADORAS
2221621;falta_descripcion;Manguera de combustible;;Carburación;Carburación;MANGUERA DE COMBUSTIBLE;;;;;;;;;2 Tiempos;Motosierra;Mangueras;42;grilla;categoria;;CARBURACIÓN - MANGUERA DE COMBUSTIBLE - MOTOSIERRAS - DESMALEZADORAS
2221622;falta_descripcion;Manguera de combustible;;Carburación;Carburación;MANGUERA DE COMBUSTIBLE;;;;;;;;;2 Tiempos;Motosierra;Mangueras;42;grilla;categoria;;CARBURACIÓN - MANGUERA DE COMBUSTIBLE - MOTOSIERRAS - DESMALEZADORAS
2222010;falta_descripcion_con_foto;Cajas de engranajes;;Desmalezadoras;Desmalezadoras;CAJAS DE ENGRANAJES;;;;;;;2222010.jpg;media;2 Tiempos;Motosierra;Cigüeñal;113;grilla;categoria;;DESMALEZADORAS - CAJAS DE ENGRANAJES - REEMPLAZOS
2222011;falta_descripcion_con_foto;Cigüeñal;;Motosierras;Motosierras;Cigüeñal;;;;;;;2222011.jpg;media;2 Tiempos;Motosierra;Cigüeñal;116;grilla;categoria;;MOTOSIERRAS CHINAS 45CC / 52CC
2222012;falta_descripcion_con_foto;Cajas de engranajes;;Desmalezadoras;Desmalezadoras;CAJAS DE ENGRANAJES;;;;;;;2222012.jpg;media;2 Tiempos;Motosierra;Cigüeñal;113;grilla;categoria;;DESMALEZADORAS - CAJAS DE ENGRANAJES - REEMPLAZOS
2222013;falta_descripcion_con_foto;Cigüeñal;;Motosierras;Motosierras;Cigüeñal;;;;;;;2222013.jpg;media;2 Tiempos;Motosierra;Cigüeñal;116;grilla;categoria;;MOTOSIERRAS CHINAS 45CC / 52CC
2222014;falta_descripcion_con_foto;Cajas de engranajes;;Desmalezadoras;Desmalezadoras;CAJAS DE ENGRANAJES;;;;;;;2222014.jpg;media;2 Tiempos;Motosierra;Cigüeñal;113;grilla;categoria;;DESMALEZADORAS - CAJAS DE ENGRANAJES - REEMPLAZOS
2222015;falta_descripcion_con_foto;Cajas de engranajes;;Desmalezadoras;Desmalezadoras;CAJAS DE ENGRANAJES;;;;;;;2222015.jpg;media;2 Tiempos;Motosierra;Cigüeñal;113;grilla;categoria;;DESMALEZADORAS - CAJAS DE ENGRANAJES - REEMPLAZOS
2222016;falta_descripcion_con_foto;Cajas de engranajes;;Desmalezadoras;Desmalezadoras;CAJAS DE ENGRANAJES;;;;;;;2222016.jpg;media;2 Tiempos;Motosierra;Cigüeñal;113;grilla;categoria;;DESMALEZADORAS - CAJAS DE ENGRANAJES - REEMPLAZOS
2222017;falta_descripcion_con_foto;Cigüeñal;;Motosierras;Motosierras;Cigüeñal;;;;;;;2222017.jpg;media;2 Tiempos;Motosierra;Cigüeñal;116;grilla;categoria;;MOTOSIERRAS CHINAS 45CC / 52CC
2222018;falta_descripcion_con_foto;Cigüeñal;;Motosierras;Motosierras;Cigüeñal;;;;;;;2222018.jpg;media;2 Tiempos;Motosierra;Cigüeñal;116;grilla;categoria;;MOTOSIERRAS CHINAS 45CC / 52CC
2222019;falta_descripcion_con_foto;Cigüeñal;;Motosierras;Motosierras;Cigüeñal;;;;;;;2222019.jpg;media;2 Tiempos;Motosierra;Cigüeñal;116;grilla;categoria;;MOTOSIERRAS CHINAS 45CC / 52CC
2222030;completo;Cigueñal ST-MS170 RETENES;Cigueñal ST-MS170 RETENES;Motosierras;;TAPAS DE DEPOSITOS;;;Cigueñal ST-MS170 RETENES;;;;2222030.jpg;media;2 Tiempos;Motosierra;Cigüeñal;122;grilla;;;TAPAS DE DEPOSITOS - REEMPLAZOS
2222031;completo;Cigueñal ST-MS180;Cigueñal ST-MS180;Motosierras;;TAPAS DE DEPOSITOS;;;Cigueñal ST-MS180;;;;2222031.jpg;media;2 Tiempos;Motosierra;Cigüeñal;122;grilla;;;TAPAS DE DEPOSITOS - REEMPLAZOS
2222033;completo;Cigueñal ST-MS230/250;Cigueñal ST-MS230/250;Motosierras;;TAPAS DE DEPOSITOS;;;Cigueñal ST-MS230/250;;;;2222033.jpg;media;2 Tiempos;Motosierra;Cigüeñal;122;grilla;;;TAPAS DE DEPOSITOS - REEMPLAZOS
2222036;completo;Cigüeñal Stihl MS360/036;Cigüeñal Stihl MS360/036;Motosierras;;BOBINA DE INGNICION 2T;Stihl;;Cigüeñal Stihl MS360/036;;;;2222036.jpg;media;2 Tiempos;Motosierra;Cigüeñal;124;grilla;;;BOBINA DE INGNICION 2T
2222037;completo;Cigüeñal Stihl MS361;Cigüeñal Stihl MS361;Motosierras;;BOBINA DE INGNICION 2T;Stihl;;Cigüeñal Stihl MS361;;;;2222037.jpg;media;2 Tiempos;Motosierra;Cigüeñal;124;grilla;;;BOBINA DE INGNICION 2T
2222038;completo;Cigüeñal Stihl MS380/381;Cigüeñal Stihl MS380/381;Motosierras;;BOBINA DE INGNICION 2T;Stihl;;Cigüeñal Stihl MS380/381;;;;2222038.jpg;media;2 Tiempos;Motosierra;Cigüeñal;124;grilla;;;BOBINA DE INGNICION 2T
2222039;completo;Cigüeñal Stihl MS382;Cigüeñal Stihl MS382;Motosierras;;BOBINA DE INGNICION 2T;Stihl;;Cigüeñal Stihl MS382;;;;2222039.jpg;media;2 Tiempos;Motosierra;Cigüeñal;124;grilla;;;BOBINA DE INGNICION 2T
2222040;completo;Cigüeñal Husqvarna 445/450;Cigüeñal Husqvarna 445/450;Motosierras;;BOBINA DE INGNICION 2T;Husqvarna;;Cigüeñal Husqvarna 445/450;;;;2222040.jpg;media;2 Tiempos;Motosierra;Cigüeñal;124;grilla;;NUEVO;BOBINA DE INGNICION 2T
2222045;completo;Bloque de cárter Stihl MS170/180;Bloque de cárter Stihl MS170/180;Motosierras;;BOBINA DE INGNICION 2T;Stihl;;Bloque de cárter Stihl MS170/180;;;;2222045.jpg;media;2 Tiempos;Motosierra;Cigüeñal;124;grilla;;;BOBINA DE INGNICION 2T
2222046;completo;Bloque de cárter Stihl MS230/250;Bloque de cárter Stihl MS230/250;Motosierras;;TAPAS DE DEPOSITOS;Stihl;;Bloque de cárter Stihl MS230/250;;;;2222046.jpg;muy_baja;2 Tiempos;Motosierra;Cigüeñal;129;grilla;;;TAPAS DE DEPOSITOS - REEMPLAZOS
2222047;completo;Bloque de cárter Stihl MS340/360;Bloque de cárter Stihl MS340/360;Motosierras;;TAPAS DE DEPOSITOS;Stihl;;Bloque de cárter Stihl MS340/360;;;;2222047.jpg;muy_baja;2 Tiempos;Motosierra;Cigüeñal;129;grilla;;NUEVO;TAPAS DE DEPOSITOS - REEMPLAZOS
2222048;completo;Bloque de cárter Stihl MS341/361;Bloque de cárter Stihl MS341/361;Motosierras;;TAPAS DE DEPOSITOS;Stihl;;Bloque de cárter Stihl MS341/361;;;;2222048.jpg;muy_baja;2 Tiempos;Motosierra;Cigüeñal;129;grilla;;;TAPAS DE DEPOSITOS - REEMPLAZOS
2222049;completo;Bloque de cárter Stihl MS380/381;Bloque de cárter Stihl MS380/381;Motosierras;;TAPAS DE DEPOSITOS;Stihl;;Bloque de cárter Stihl MS380/381;;;;2222049.jpg;muy_baja;2 Tiempos;Motosierra;Cigüeñal;129;grilla;;;TAPAS DE DEPOSITOS - REEMPLAZOS
2222050;completo;Bloque de cárter Husqvarna 61/268/272;Bloque de cárter Husqvarna 61/268/272;Motosierras;;SIN FINES HUSQVARNA / OTROS;Husqvarna;;Bloque de cárter Husqvarna 61/268/272;;;;2222050.jpg;media;2 Tiempos;Motosierra;Cigüeñal;107;grilla;;NUEVO;SIN FINES HUSQVARNA / OTROS
2222051;completo;Bloque de cárter Husqvarna 365/372R;Bloque de cárter Husqvarna 365/372R;Motosierras;;SIN FINES HUSQVARNA / OTROS;Husqvarna;;Bloque de cárter Husqvarna 365/372R;;;;2222051.jpg;media;2 Tiempos;Motosierra;Cigüeñal;108;grilla;;;SIN FINES HUSQVARNA / OTROS
2222052;completo;Bloque de cárter Husqvarna 365/372S;Bloque de cárter Husqvarna 365/372S;Motosierras;;SIN FINES HUSQVARNA / OTROS;Husqvarna;;Bloque de cárter Husqvarna 365/372S;;;;2222052.jpg;media;2 Tiempos;Motosierra;Cigüeñal;108;grilla;;;SIN FINES HUSQVARNA / OTROS
2222053;completo;Cigüeñal Husqvarna 51/55;Cigüeñal Husqvarna 51/55;Motosierras;;TAPAS DE DEPOSITOS;Husqvarna;;Cigüeñal Husqvarna 51/55;;;;2222053.jpg;muy_baja;2 Tiempos;Motosierra;Cigüeñal;129;grilla;;;TAPAS DE DEPOSITOS - REEMPLAZOS
2222054;completo;Cigüeñal Husqvarna 136/137/141/142;Cigüeñal Husqvarna 136/137/141/142;Motosierras;;TAPAS DE DEPOSITOS;Husqvarna;;Cigüeñal Husqvarna 136/137/141/142;;;;2222054.jpg;muy_baja;2 Tiempos;Motosierra;Cigüeñal;129;grilla;;NUEVO;TAPAS DE DEPOSITOS - REEMPLAZOS
2222055;completo;Cigüeñal Husqvarna 61/268/272 BOBINA DE INGNICION 2T;Cigüeñal Husqvarna 61/268/272 BOBINA DE INGNICION 2T;Motosierras;;TAPAS DE DEPOSITOS;Husqvarna;;Cigüeñal Husqvarna 61/268/272 BOBINA DE INGNICION 2T;;;;2222055.jpg;muy_baja;2 Tiempos;Motosierra;Cigüeñal;129;grilla;;NUEVO;TAPAS DE DEPOSITOS - REEMPLAZOS
2222056;completo;Cigüeñal (D15 / original) Husqvarna 365/372;Cigüeñal (D15 / original) Husqvarna 365/372;Motosierras;;TAPAS DE DEPOSITOS;Husqvarna;;Cigüeñal (D15 / original) Husqvarna 365/372;;;;2222056.jpg;muy_baja;2 Tiempos;Motosierra;Cigüeñal;129;grilla;;NUEVO;TAPAS DE DEPOSITOS - REEMPLAZOS
2224011;falta_descripcion_con_foto;Bobina de ignición;;Motosierras;Motosierras;Bobina de ignición;;;;;;;2224011.jpg;baja;2 Tiempos;Motosierra;Bobina de ignición;115;grilla;categoria;;MOTOSIERRAS CHINAS 38CC
2224012;falta_descripcion_con_foto;Bobina de ignición;;Motosierras;Motosierras;Bobina de ignición;;;;;;;2224012.jpg;media;2 Tiempos;Motosierra;Bobina de ignición;116;grilla;categoria;;MOTOSIERRAS CHINAS 45CC / 52CC
2224017;completo;Bobina de Ignicion;Bobina de Ignicion REPL MS 170/180;Motosierras;;BOBINA DE INGNICION 2T;;;Bobina de Ignicion REPL MS 170/180;;;;2224017.jpg;media;2 Tiempos;Motosierra;Bobina de ignición;126;grilla;;;BOBINA DE INGNICION 2T
2224018;completo;Bobina de Ignicion ST-230/250;Bobina de Ignicion ST-230/250;Motosierras;;BOBINA DE INGNICION 2T;;;Bobina de Ignicion ST-230/250;;;;2224018.jpg;media;2 Tiempos;Motosierra;Bobina de ignición;126;grilla;;;BOBINA DE INGNICION 2T
2224019;completo;Bobina de Ignicion T-260/290/360/380;Bobina de Ignicion T-260/290/360/380;Motosierras;;BOBINA DE INGNICION 2T;;;Bobina de Ignicion T-260/290/360/380;;;;2224019.jpg;media;2 Tiempos;Motosierra;Bobina de ignición;126;grilla;;;BOBINA DE INGNICION 2T
2224020;completo;Bobina de Ignicion ST-MS361;Bobina de Ignicion ST-MS361;Motosierras;;BOBINA DE INGNICION 2T;;;Bobina de Ignicion ST-MS361;;;;2224020.jpg;media;2 Tiempos;Motosierra;Bobina de ignición;126;grilla;;;BOBINA DE INGNICION 2T
2224021;completo;Bobina de Ignicion ST-MS362;Bobina de Ignicion ST-MS362;Motosierras;;BOBINA DE INGNICION 2T;;;Bobina de Ignicion ST-MS362;;;;2224021.jpg;media;2 Tiempos;Motosierra;Bobina de ignición;126;grilla;;;BOBINA DE INGNICION 2T
2224023;completo;Bobina de Ignicion ST-MS382(BR);Bobina de Ignicion ST-MS382(BR);Motosierras;;BOBINA DE INGNICION 2T;;;Bobina de Ignicion ST-MS382(BR);;;;2224023.jpg;media;2 Tiempos;Motosierra;Bobina de ignición;126;grilla;;;BOBINA DE INGNICION 2T
2224028;completo;Bobina de encendido Stihl MS162/172 RETENES;Bobina de encendido Stihl MS162/172 RETENES;Motosierras;;BOBINA DE INGNICION 2T;Stihl;;Bobina de encendido Stihl MS162/172 RETENES;;;;2224028.jpg;media;2 Tiempos;Motosierra;Bobina de ignición;127;grilla;;NUEVO | VERIFICAR FOTO;BOBINA DE INGNICION 2T
2224029;completo;Bobina de encendido Stihl MS382(CN);Bobina de encendido Stihl MS382(CN);Motosierras;;BOBINA DE INGNICION 2T;Stihl;;Bobina de encendido Stihl MS382(CN);;;;2224029.jpg;media;2 Tiempos;Motosierra;Bobina de ignición;127;grilla;;NUEVO;BOBINA DE INGNICION 2T
2224035;completo;Bobina de encendido Husqvarna 137/142;Bobina de encendido Husqvarna 137/142;Motosierras;;TAPAS DE DEPOSITOS;Husqvarna;;Bobina de encendido Husqvarna 137/142;;;;2224035.jpg;muy_baja;2 Tiempos;Motosierra;Bobina de ignición;129;grilla;;;TAPAS DE DEPOSITOS - REEMPLAZOS
2224036;completo;Bobina de encendido Husqvarna 236/240;Bobina de encendido Husqvarna 236/240;Motosierras;;TAPAS DE DEPOSITOS;Husqvarna;;Bobina de encendido Husqvarna 236/240;;;;2224036.jpg;muy_baja;2 Tiempos;Motosierra;Bobina de ignición;129;grilla;;;TAPAS DE DEPOSITOS - REEMPLAZOS
2224037;completo;Bobina de encendido Husqvarna 365/372/455;Bobina de encendido Husqvarna 365/372/455;Motosierras;;TAPAS DE DEPOSITOS;Husqvarna;;Bobina de encendido Husqvarna 365/372/455;;;;;;2 Tiempos;Motosierra;Bobina de ignición;129;grilla;;;TAPAS DE DEPOSITOS - REEMPLAZOS
2224038;completo;Bobina de encendido Husqvarna 55/61/254/262/266/268;Bobina de encendido Husqvarna 55/61/254/262/266/268;Motosierras;;TAPAS DE DEPOSITOS;Husqvarna;;Bobina de encendido Husqvarna 55/61/254/262/266/268;;;;;;2 Tiempos;Motosierra;Bobina de ignición;129;grilla;;;TAPAS DE DEPOSITOS - REEMPLAZOS
2224039;completo;Bobina de encendido HU61/66/162/266 (Old type);Bobina de encendido HU61/66/162/266 (Old type);Motosierras;;TAPAS DE DEPOSITOS;;;Bobina de encendido HU61/66/162/266 (Old type);;;;;;2 Tiempos;Motosierra;Bobina de ignición;129;grilla;;;TAPAS DE DEPOSITOS - REEMPLAZOS
2224040;completo;Bobina de encendido Husqvarna 445/450/455/460;Bobina de encendido Husqvarna 445/450/455/460;Motosierras;;BOBINA DE INGNICION 2T;Husqvarna;;Bobina de encendido Husqvarna 445/450/455/460;;;;2224040.jpg;media;2 Tiempos;Motosierra;Bobina de ignición;130;grilla;;;BOBINA DE INGNICION 2T
2224041;completo;Bobina de encendido Oleo Mac 936/940/947/952;Bobina de encendido Oleo Mac 936/940/947/952;Motosierras;;BOBINA DE INGNICION 2T;Oleo Mac;;Bobina de encendido Oleo Mac 936/940/947/952;;;;2224041.jpg;media;2 Tiempos;Motosierra;Bobina de ignición;130;grilla;;;BOBINA DE INGNICION 2T
2227652;falta_descripcion_con_foto;Tapas de depositos;;Motosierras;;TAPAS DE DEPOSITOS;;;;;;;2227652.jpg;media;2 Tiempos;Motosierra;Retén;122;grilla;categoria;;TAPAS DE DEPOSITOS - REEMPLAZOS
2227653;falta_descripcion_con_foto;Tapas de depositos;;Motosierras;;TAPAS DE DEPOSITOS;;;;;;;2227653.jpg;media;2 Tiempos;Motosierra;Retén;122;grilla;categoria;;TAPAS DE DEPOSITOS - REEMPLAZOS
2227654;falta_descripcion_con_foto;Tapas de depositos;;Motosierras;;TAPAS DE DEPOSITOS;;;;;;;2227654.jpg;media;2 Tiempos;Motosierra;Retén;122;grilla;categoria;;TAPAS DE DEPOSITOS - REEMPLAZOS
2227655;falta_descripcion_con_foto;Tapas de depositos;;Motosierras;;TAPAS DE DEPOSITOS;;;;;;;2227655.jpg;media;2 Tiempos;Motosierra;Retén;122;grilla;categoria;;TAPAS DE DEPOSITOS - REEMPLAZOS
2227656;completo;Reten De Aceite;Reten De Aceite REPL Reten De Aceite REPL Reten De Aceite REPL Reten De Aceite REPL Reten De Aceite REPL MS 170-180-210-230-250 ST MS 380/381/382 ST MS 361/362/441 ST FS 260/280 HUS 61/266/268;Motosierras;;TAPAS DE DEPOSITOS;;;Reten De Aceite REPL Reten De Aceite REPL Reten De Aceite REPL Reten De Aceite REPL Reten De Aceite REPL MS 170-180-210-230-250 ST MS 380/381/382 ST MS 361/362/441 ST FS 260/280 HUS 61/266/268;;;;2227656.jpg;media;2 Tiempos;Motosierra;Retén;122;grilla;;;TAPAS DE DEPOSITOS - REEMPLAZOS
2227657;completo;ESCAPES;ESCAPES;Motosierras;;RETENES;;;ESCAPES;;;;;;2 Tiempos;Motosierra;Retén;123;grilla;;;RETENES
2227658;completo;Reten De Aceite;Reten De Aceite REPL TL33/43/52;Desmalezadoras;Desmalezadoras;Retén;;TL33/43/52;Reten De Aceite REPL TL33/43/52;;;;2227658.jpg;media;2 Tiempos;Motosierra;Retén;94;grilla;;;PARTES DE DESMALEZADORAS CHINAS 43CC / 52CC
2290510;completo;Espada 100SDEA218 10” 050. 3/8” 1.3;Espada 100SDEA218 10” 050. 3/8” 1.3;Motosierras;Motosierras;ESPADAS STANDARD;;;Espada 100SDEA218 10” 050. 3/8” 1.3;;;;2290510.jpg;baja;2 Tiempos;Motosierra;Espadas;135;grilla;;;MOTOSIERRAS - ESPADAS STANDARD
2290511;completo;Espada 100SDEA041 10” 050. 3/8” 1.3;Espada 100SDEA041 10” 050. 3/8” 1.3;Motosierras;Motosierras;ESPADAS STANDARD;;;Espada 100SDEA041 10” 050. 3/8” 1.3;;;;2290511.jpg;baja;2 Tiempos;Motosierra;Espadas;135;grilla;;;MOTOSIERRAS - ESPADAS STANDARD
2290515;completo;Espada 12” (30cm) Paso 3/8” Calibre 050 Chinas;Espada 12” (30cm) Paso 3/8” Calibre 050 Chinas;Motosierras;Motosierras;ESPADAS STANDARD;;;Espada 12” (30cm) Paso 3/8” Calibre 050 Chinas;;Paso 3/8” | Calibre 050;;2290515.jpg;baja;2 Tiempos;Motosierra;Espadas;135;grilla;;;MOTOSIERRAS - ESPADAS STANDARD
2290517;completo;Espada MS170 14” 050. 3/8” 1.3;Espada MS170 14” 050. 3/8” 1.3;Motosierras;Motosierras;ESPADAS STANDARD;;;Espada MS170 14” 050. 3/8” 1.3;;;;2290517.jpg;baja;2 Tiempos;Motosierra;Espadas;135;grilla;;;MOTOSIERRAS - ESPADAS STANDARD
2290518;completo;Espada 16” (40cm) 180/210 Oleo Mac 395;Espada 16” (40cm) 180/210 Oleo Mac 395;Motosierras;Motosierras;ESPADAS STANDARD;Oleo Mac;;Espada 16” (40cm) 180/210 Oleo Mac 395;;;;2290518.jpg;baja;2 Tiempos;Motosierra;Espadas;135;grilla;;;MOTOSIERRAS - ESPADAS STANDARD
2290520;completo;Espada 16” (40cm) Paso 325 Calibre 058 Chinas 3800;Espada 16” (40cm) Paso 325 Calibre 058 Chinas 3800;Motosierras;Motosierras;ESPADAS STANDARD;;;Espada 16” (40cm) Paso 325 Calibre 058 Chinas 3800;;Paso 325 | Calibre 058;;2290520.jpg;baja;2 Tiempos;Motosierra;Espadas;135;grilla;;;MOTOSIERRAS - ESPADAS STANDARD
2290521;completo;Espada 16” (40cm) Paso 3/8LP Calibre 050 Chinas 3800;Espada 16” (40cm) Paso 3/8LP Calibre 050 Chinas 3800;Motosierras;Motosierras;ESPADAS STANDARD;;;Espada 16” (40cm) Paso 3/8LP Calibre 050 Chinas 3800;;Paso 3/8 | Calibre 050;;2290521.jpg;baja;2 Tiempos;Motosierra;Espadas;135;grilla;;;MOTOSIERRAS - ESPADAS STANDARD
2290522;completo;Espada 18” (45cm) Paso 325 Calibre 058 Chinas 4500;Espada 18” (45cm) Paso 325 Calibre 058 Chinas 4500;Motosierras;Motosierras;ESPADAS STANDARD;;;Espada 18” (45cm) Paso 325 Calibre 058 Chinas 4500;;Paso 325 | Calibre 058;;2290522.jpg;baja;2 Tiempos;Motosierra;Espadas;135;grilla;;;MOTOSIERRAS - ESPADAS STANDARD
2290523;completo;Espada 20” (50cm) Paso 325 Calibre 058 Chinas 5200;Espada 20” (50cm) Paso 325 Calibre 058 Chinas 5200;Motosierras;Motosierras;ESPADAS STANDARD;;;Espada 20” (50cm) Paso 325 Calibre 058 Chinas 5200;;Paso 325 | Calibre 058;;2290523.jpg;baja;2 Tiempos;Motosierra;Espadas;135;grilla;;;MOTOSIERRAS - ESPADAS STANDARD
2290524;completo;Espada 22” (55cm) Paso 325 Calibre 058 Chinas 5200;Espada 22” (55cm) Paso 325 Calibre 058 Chinas 5200;Motosierras;Motosierras;ESPADAS STANDARD;;;Espada 22” (55cm) Paso 325 Calibre 058 Chinas 5200;;Paso 325 | Calibre 058;;2290524.jpg;baja;2 Tiempos;Motosierra;Espadas;135;grilla;;;MOTOSIERRAS - ESPADAS STANDARD
2290525;completo;Espada 22” (55cm) Paso 3/8 Calibre 058 Chinas 5200;Espada 22” (55cm) Paso 3/8 Calibre 058 Chinas 5200;Motosierras;Motosierras;ESPADAS STANDARD;;;Espada 22” (55cm) Paso 3/8 Calibre 058 Chinas 5200;;Paso 3/8 | Calibre 058;;2290525.jpg;baja;2 Tiempos;Motosierra;Espadas;135;grilla;;;MOTOSIERRAS - ESPADAS STANDARD
2290526;completo;Espada 18” (45cm) Paso 325 Calibre 058 BIG Chinas 5200;Espada 18” (45cm) Paso 325 Calibre 058 BIG Chinas 5200;Motosierras;Motosierras;ESPADAS STANDARD;;;Espada 18” (45cm) Paso 325 Calibre 058 BIG Chinas 5200;;Paso 325 | Calibre 058;;2290526.jpg;baja;2 Tiempos;Motosierra;Espadas;135;grilla;;;MOTOSIERRAS - ESPADAS STANDARD
2290527;completo;Espada 20” 325 050 1.3 76;Espada 20” 325 050 1.3 76;Motosierras;Motosierras;ESPADAS STANDARD;;;Espada 20” 325 050 1.3 76;;;;2290527.jpg;baja;2 Tiempos;Motosierra;Espadas;135;grilla;;;MOTOSIERRAS - ESPADAS STANDARD
2290529;completo;Espada 20” 325-058 1.5 76 D;Espada 20” 325-058 1.5 76 D;Motosierras;Motosierras;ESPADAS STANDARD;;;Espada 20” 325-058 1.5 76 D;;;;2290529.jpg;baja;2 Tiempos;Motosierra;Espadas;135;grilla;;;MOTOSIERRAS - ESPADAS STANDARD
2290531;completo;Echo CS-420/510 Paso 325 058 1.5mm 18” Punta Piñon;Echo CS-420/510 Paso 325 058 1.5mm 18” Punta Piñon;Motosierras;Motosierras;ESPADAS PREMIUM;Echo;;Echo CS-420/510 Paso 325 058 1.5mm 18” Punta Piñon;;Paso 325 | 1.5mm;;2290531.jpg;muy_baja;2 Tiempos;Motosierra;Espadas;136;grilla;;;MOTOSIERRAS - ESPADAS PREMIUM
2290532;completo;Stihl MS-250 Paso 325 063 1.6mm 18” Punta Piñon;Stihl MS-250 Paso 325 063 1.6mm 18” Punta Piñon;Motosierras;Motosierras;ESPADAS PREMIUM;Stihl;;Stihl MS-250 Paso 325 063 1.6mm 18” Punta Piñon;;Paso 325 | 1.6mm;;2290532.jpg;muy_baja;2 Tiempos;Motosierra;Espadas;136;grilla;;;MOTOSIERRAS - ESPADAS PREMIUM
2290533;completo;HQV 61 Oleo Mac GS650 Paso 3/8” 058 1.5mm 18” Punta Dura;HQV 61 Oleo Mac GS650 Paso 3/8” 058 1.5mm 18” Punta Dura;Motosierras;Motosierras;ESPADAS PREMIUM;Husqvarna | Oleo Mac;;HQV 61 Oleo Mac GS650 Paso 3/8” 058 1.5mm 18” Punta Dura;;Paso 3/8” | 1.5mm;;2290533.jpg;muy_baja;2 Tiempos;Motosierra;Espadas;136;grilla;;;MOTOSIERRAS - ESPADAS PREMIUM
2290534;completo;Stihl MS361/381/382/461 Paso 3/8” 063 1.6mm 20” Punta Dura;Stihl MS361/381/382/461 Paso 3/8” 063 1.6mm 20” Punta Dura;Motosierras;Motosierras;ESPADAS PREMIUM;Stihl;;Stihl MS361/381/382/461 Paso 3/8” 063 1.6mm 20” Punta Dura;;Paso 3/8” | 1.6mm;;2290534.jpg;muy_baja;2 Tiempos;Motosierra;Espadas;136;grilla;;;MOTOSIERRAS - ESPADAS PREMIUM
2290535;completo;Echo CS-600/6702/680s Paso 3/8” 058 1.5mm 20” Punta Dura;Echo CS-600/6702/680s Paso 3/8” 058 1.5mm 20” Punta Dura;Motosierras;Motosierras;ESPADAS PREMIUM;Echo;;Echo CS-600/6702/680s Paso 3/8” 058 1.5mm 20” Punta Dura;;Paso 3/8” | 1.5mm;;;;2 Tiempos;Motosierra;Espadas;136;grilla;;;MOTOSIERRAS - ESPADAS PREMIUM
2290537;completo;Espada 243ATM025 0.63 1.6 MS381 24”;Espada 243ATM025 0.63 1.6 MS381 24”;Motosierras;Motosierras;ESPADAS PREMIUM;;;Espada 243ATM025 0.63 1.6 MS381 24”;;;;;;2 Tiempos;Motosierra;Espadas;136;grilla;;;MOTOSIERRAS - ESPADAS PREMIUM
2290539;completo;Espada Echo 420-510 Paso 325-050-1.3 18”;Espada Echo 420-510 Paso 325-050-1.3 18”;Motosierras;Motosierras;ESPADAS PREMIUM;Echo;;Espada Echo 420-510 Paso 325-050-1.3 18”;;Paso 325;;;;2 Tiempos;Motosierra;Espadas;136;grilla;;;MOTOSIERRAS - ESPADAS PREMIUM
2290541;completo;"Espada MS250 325” 0,63 1,6 18” (074)";"Espada MS250 325” 0,63 1,6 18” (074)";Motosierras;Motosierras;ESPADAS STANDARD;;;"Espada MS250 325” 0,63 1,6 18” (074)";;;;2290541.jpg;baja;2 Tiempos;Motosierra;Espadas;135;grilla;;;MOTOSIERRAS - ESPADAS STANDARD
2290542;completo;Espada HQV 61 18” 3/8” 058” (009) PD;Espada HQV 61 18” 3/8” 058” (009) PD;Motosierras;Motosierras;ESPADAS STANDARD;Husqvarna;;Espada HQV 61 18” 3/8” 058” (009) PD;;;;2290542.jpg;baja;2 Tiempos;Motosierra;Espadas;135;grilla;;;MOTOSIERRAS - ESPADAS STANDARD
2290543;completo;Espada MS361 20” 3/8” 063” (025) PD;Espada MS361 20” 3/8” 063” (025) PD;Motosierras;Motosierras;ESPADAS STANDARD;;;Espada MS361 20” 3/8” 063” (025) PD;;;;2290543.jpg;baja;2 Tiempos;Motosierra;Espadas;135;grilla;;;MOTOSIERRAS - ESPADAS STANDARD
2290544;completo;Espada Maq-Lithium 4” 1/4* 1.1;Espada Maq-Lithium 4” 1/4* 1.1;Motosierras;Motosierras;ESPADAS STANDARD;;;Espada Maq-Lithium 4” 1/4* 1.1;;;;2290544.jpg;baja;2 Tiempos;Motosierra;Espadas;135;grilla;;;MOTOSIERRAS - ESPADAS STANDARD
2290545;completo;Espada Maq-Lithium 6” 1/4* 1.1;Espada Maq-Lithium 6” 1/4* 1.1;Motosierras;Motosierras;ESPADAS STANDARD;;;Espada Maq-Lithium 6” 1/4* 1.1;;;;2290545.jpg;baja;2 Tiempos;Motosierra;Espadas;135;grilla;;;MOTOSIERRAS - ESPADAS STANDARD
2290546;completo;Espada Maq-Lithium 8” 1/4* 1.1;Espada Maq-Lithium 8” 1/4* 1.1;Motosierras;Motosierras;ESPADAS STANDARD;;;Espada Maq-Lithium 8” 1/4* 1.1;;;;;;2 Tiempos;Motosierra;Espadas;135;grilla;;;MOTOSIERRAS - ESPADAS STANDARD
2291003;falta_descripcion;Accesorios;;Motosierras;Motosierras;ACCESORIOS;;;;;;;;;2 Tiempos;Motosierra;Cadenas;138;grilla;categoria;;MOTOSIERRAS - ACCESORIOS
2291004;falta_descripcion;Accesorios;;Motosierras;Motosierras;ACCESORIOS;;;;;;;;;2 Tiempos;Motosierra;Cadenas;138;grilla;categoria;;MOTOSIERRAS - ACCESORIOS
2291005;falta_descripcion;Accesorios;;Motosierras;Motosierras;ACCESORIOS;;;;;;;;;2 Tiempos;Motosierra;Cadenas;138;grilla;categoria;;MOTOSIERRAS - ACCESORIOS
2291006;falta_descripcion;Accesorios;;Motosierras;Motosierras;ACCESORIOS;;;;;;;;;2 Tiempos;Motosierra;Cadenas;138;grilla;categoria;;MOTOSIERRAS - ACCESORIOS
2291007;falta_descripcion;Accesorios;;Motosierras;Motosierras;ACCESORIOS;;;;;;;;;2 Tiempos;Motosierra;Cadenas;138;grilla;categoria;;MOTOSIERRAS - ACCESORIOS
2291015;completo;Cadena Paso 3/8” LP Chisel Rollo 30.5mts;Cadena Paso 3/8” LP Chisel Rollo 30.5mts;Motosierras;Motosierras;ESPADAS PREMIUM;;;Cadena Paso 3/8” LP Chisel Rollo 30.5mts;;Paso 3/8”;;;;2 Tiempos;Motosierra;Cadenas;136;grilla;;;MOTOSIERRAS - ESPADAS PREMIUM
2291016;completo;Cadena Paso 325” 058” Chisel Rollo 30.5mts;Cadena Paso 325” 058” Chisel Rollo 30.5mts;Motosierras;Motosierras;ESPADAS PREMIUM;;;Cadena Paso 325” 058” Chisel Rollo 30.5mts;;Paso 325”;;;;2 Tiempos;Motosierra;Cadenas;136;grilla;;;MOTOSIERRAS - ESPADAS PREMIUM
2291017;completo;Cadena Paso 3/8” 058” Chisel Rollo 30.5mts;Cadena Paso 3/8” 058” Chisel Rollo 30.5mts;Motosierras;Motosierras;ESPADAS PREMIUM;;;Cadena Paso 3/8” 058” Chisel Rollo 30.5mts;;Paso 3/8”;;;;2 Tiempos;Motosierra;Cadenas;136;grilla;;;MOTOSIERRAS - ESPADAS PREMIUM
2291018;completo;Cadena Paso 3/8” 063” Chisel Rollo 30.5mts;Cadena Paso 3/8” 063” Chisel Rollo 30.5mts;Motosierras;Motosierras;ESPADAS PREMIUM;;;Cadena Paso 3/8” 063” Chisel Rollo 30.5mts;;Paso 3/8”;;;;2 Tiempos;Motosierra;Cadenas;136;grilla;;;MOTOSIERRAS - ESPADAS PREMIUM
2291019;completo;Cadena Paso 325” 050” Chisel Rollo 30.5mts;Cadena Paso 325” 050” Chisel Rollo 30.5mts;Motosierras;Motosierras;ESPADAS PREMIUM;;;Cadena Paso 325” 050” Chisel Rollo 30.5mts;;Paso 325”;;;;2 Tiempos;Motosierra;Cadenas;136;grilla;;;MOTOSIERRAS - ESPADAS PREMIUM
2291020;completo;Cadena Paso 3/8” 0.50” Chisel Rollo 30.5mts;Cadena Paso 3/8” 0.50” Chisel Rollo 30.5mts;Motosierras;Motosierras;ESPADAS PREMIUM;;;Cadena Paso 3/8” 0.50” Chisel Rollo 30.5mts;;Paso 3/8”;;;;2 Tiempos;Motosierra;Cadenas;136;grilla;;;MOTOSIERRAS - ESPADAS PREMIUM
2291021;completo;Cadena 1/4” 0.50” 1.3 Chisel Rollo 30.5mts;Cadena 1/4” 0.50” 1.3 Chisel Rollo 30.5mts;Motosierras;Motosierras;ESPADAS PREMIUM;;;Cadena 1/4” 0.50” 1.3 Chisel Rollo 30.5mts;;;;;;2 Tiempos;Motosierra;Cadenas;136;grilla;;;MOTOSIERRAS - ESPADAS PREMIUM
2291022;completo;Cadena 404 0.63 1.6 Rollo 30.5;Cadena 404 0.63 1.6 Rollo 30.5;Motosierras;Motosierras;CADENAS PREMIUM;;;Cadena 404 0.63 1.6 Rollo 30.5;;;;2291022.jpg;media;2 Tiempos;Motosierra;Cadenas;137;grilla;;;MOTOSIERRAS - CADENAS PREMIUM
2291023;completo;Cadena Paso 325” 063” 1.6 Chisel Rollo 30.5mts;Cadena Paso 325” 063” 1.6 Chisel Rollo 30.5mts;Motosierras;Motosierras;ESPADAS PREMIUM;;;Cadena Paso 325” 063” 1.6 Chisel Rollo 30.5mts;;Paso 325”;;;;2 Tiempos;Motosierra;Cadenas;136;grilla;;;MOTOSIERRAS - ESPADAS PREMIUM
2291024;completo;Cadena M- Littio 1/4” 043” 1.1 Chisel Rollo 30.5mts;Cadena M- Littio 1/4” 043” 1.1 Chisel Rollo 30.5mts;Motosierras;Motosierras;ESPADAS PREMIUM;;;Cadena M- Littio 1/4” 043” 1.1 Chisel Rollo 30.5mts;;;;;;2 Tiempos;Motosierra;Cadenas;136;grilla;;;MOTOSIERRAS - ESPADAS PREMIUM
2291025;completo;"Cadena Premium Chisel Cortada 3/8""LP 050"" 1.3 50DL";"Cadena Premium Chisel Cortada 3/8""LP 050"" 1.3 50DL Repl- Ms 170";Motosierras;Motosierras;CADENAS PREMIUM;;;"Cadena Premium Chisel Cortada 3/8""LP 050"" 1.3 50DL Repl- Ms 170";;50DL;;2291025.jpg;media;2 Tiempos;Motosierra;Cadenas;137;grilla;;;MOTOSIERRAS - CADENAS PREMIUM
2291026;completo;"Cadena Cortada 3/8""LP 050"" 1.3 55 DL";"Cadena Cortada 3/8""LP 050"" 1.3 55 DL Repl- Ms 180";Motosierras;Motosierras;CADENAS PREMIUM;;;"Cadena Cortada 3/8""LP 050"" 1.3 55 DL Repl- Ms 180";;55 DL;;2291026.jpg;media;2 Tiempos;Motosierra;Cadenas;137;grilla;;;MOTOSIERRAS - CADENAS PREMIUM
2291027;completo;"Cadena Cortada 3/8""LP 050"" 1.3 56DL Chinas Espada 16""";"Cadena Cortada 3/8""LP 050"" 1.3 56DL Chinas Espada 16""";Motosierras;Motosierras;CADENAS PREMIUM;;;"Cadena Cortada 3/8""LP 050"" 1.3 56DL Chinas Espada 16""";;56DL;;2291027.jpg;media;2 Tiempos;Motosierra;Cadenas;137;grilla;;;MOTOSIERRAS - CADENAS PREMIUM
2291028;completo;"Cadena Cortada 3/8""LP 050"" 1.3 57DL Chinas Espada 16""";"Cadena Cortada 3/8""LP 050"" 1.3 57DL Chinas Espada 16""";Motosierras;Motosierras;CADENAS PREMIUM;;;"Cadena Cortada 3/8""LP 050"" 1.3 57DL Chinas Espada 16""";;57DL;;2291028.jpg;media;2 Tiempos;Motosierra;Cadenas;137;grilla;;;MOTOSIERRAS - CADENAS PREMIUM
2291029;completo;"Cadena Cortada 3/8"" Repl Husqvarna 365- 61";"Cadena Cortada 3/8"" Repl Husqvarna 365- 61";Motosierras;Motosierras;CADENAS PREMIUM;Husqvarna;;"Cadena Cortada 3/8"" Repl Husqvarna 365- 61";;;;2291029.jpg;media;2 Tiempos;Motosierra;Cadenas;137;grilla;;;MOTOSIERRAS - CADENAS PREMIUM
2291030;completo;"Cadena Cortada 3/8"" 063"" 1.6 72DL";"Cadena Cortada 3/8"" 063"" 1.6 72DL Repl- Ms360 Ms 361";Motosierras;Motosierras;CADENAS PREMIUM;;Ms360;"Cadena Cortada 3/8"" 063"" 1.6 72DL Repl- Ms360 Ms 361";;72DL;;2291030.jpg;media;2 Tiempos;Motosierra;Cadenas;137;grilla;;;MOTOSIERRAS - CADENAS PREMIUM
2291032;falta_descripcion;Accesorios;;Motosierras;Motosierras;ACCESORIOS;;;;;;;;;2 Tiempos;Motosierra;Cadenas;138;grilla;categoria;;MOTOSIERRAS - ACCESORIOS
2291033;falta_descripcion;Accesorios;;Motosierras;Motosierras;ACCESORIOS;;;;;;;;;2 Tiempos;Motosierra;Cadenas;138;grilla;categoria;;MOTOSIERRAS - ACCESORIOS
2291034;completo;"Cadena Cortada 325.063""1.6 68DL";"Cadena Cortada 325.063""1.6 68DL Repl- Ms 250";Motosierras;Motosierras;CADENAS PREMIUM;;;"Cadena Cortada 325.063""1.6 68DL Repl- Ms 250";;68DL;;2291034.jpg;media;2 Tiempos;Motosierra;Cadenas;137;grilla;;;MOTOSIERRAS - CADENAS PREMIUM
2291035;completo;"Cadena Cortada 325.058""1.5 72DL Chinas Espada 18""";"Cadena Cortada 325.058""1.5 72DL Chinas Espada 18""";Motosierras;Motosierras;CADENAS PREMIUM;;;"Cadena Cortada 325.058""1.5 72DL Chinas Espada 18""";;72DL;;2291035.jpg;media;2 Tiempos;Motosierra;Cadenas;137;grilla;;;MOTOSIERRAS - CADENAS PREMIUM
2291036;completo;"Cadena Cortada 325.058""1.5 76DL Chinas Espada 20""";"Cadena Cortada 325.058""1.5 76DL Chinas Espada 20""";Motosierras;Motosierras;CADENAS PREMIUM;;;"Cadena Cortada 325.058""1.5 76DL Chinas Espada 20""";;76DL;;2291036.jpg;media;2 Tiempos;Motosierra;Cadenas;137;grilla;;;MOTOSIERRAS - CADENAS PREMIUM
2291038;completo;Cadena 1/4” 043” 1.1 Chisel Rollo 30.5mts;Cadena 1/4” 043” 1.1 Chisel Rollo 30.5mts;Motosierras;Motosierras;ESPADAS PREMIUM;;;Cadena 1/4” 043” 1.1 Chisel Rollo 30.5mts;;;;;;2 Tiempos;Motosierra;Cadenas;136;grilla;;;MOTOSIERRAS - ESPADAS PREMIUM
2291122;falta_descripcion;Accesorios;;Motosierras;Motosierras;ACCESORIOS;;;;;;;;;2 Tiempos;Motosierra;Cadenas;138;grilla;categoria;;MOTOSIERRAS - ACCESORIOS
2291123;falta_descripcion;Accesorios;;Motosierras;Motosierras;ACCESORIOS;;;;;;;;;2 Tiempos;Motosierra;Cadenas;138;grilla;categoria;;MOTOSIERRAS - ACCESORIOS
2291124;falta_descripcion;Accesorios;;Motosierras;Motosierras;ACCESORIOS;;;;;;;;;2 Tiempos;Motosierra;Cadenas;138;grilla;categoria;;MOTOSIERRAS - ACCESORIOS
2302836;falta_descripcion;Carburadores — Stihl;;Sopladoras;;CARBURADORES;Stihl;;;;;;;;2 Tiempos;Sopladora;Carburador;68;grilla;categoria;;CARBURADORES - 2 TIEMPOS - STIHL - OTROS - REEMPLAZOS
2302837;falta_descripcion;Carburadores — Stihl;;Sopladoras;;CARBURADORES;Stihl;;;;;;;;2 Tiempos;Sopladora;Carburador;68;grilla;categoria;NUEVO;CARBURADORES - 2 TIEMPOS - STIHL - OTROS - REEMPLAZOS
2302838;falta_descripcion;Carburadores — Stihl;;Sopladoras;;CARBURADORES;Stihl;;;;;;;;2 Tiempos;Sopladora;Carburador;68;grilla;categoria;;CARBURADORES - 2 TIEMPOS - STIHL - OTROS - REEMPLAZOS
2302839;falta_descripcion;Carburadores — Stihl;;Sopladoras;;CARBURADORES;Stihl;;;;;;;;2 Tiempos;Sopladora;Carburador;68;grilla;categoria;;CARBURADORES - 2 TIEMPOS - STIHL - OTROS - REEMPLAZOS
2302840;falta_descripcion;Carburadores — Stihl;;Desmalezadoras;Desmalezadoras;CARBURADORES;Stihl;;;;;;;;2 Tiempos;Sopladora;Carburador;67;grilla;categoria;NUEVO;CARBURADORES - 2 TIEMPOS - DESMALEZADORAS - CHINAS / OTROS
2302842;falta_descripcion;Carburadores;;Desmalezadoras;Desmalezadoras;CARBURADORES;;;;;;;;;2 Tiempos;Sopladora;Carburador;67;grilla;categoria;;CARBURADORES - 2 TIEMPOS - DESMALEZADORAS - CHINAS / OTROS
2302843;falta_descripcion;Carburadores — Stihl;;Motosierras;Motosierras;CARBURADORES;Stihl;;;;;;;;2 Tiempos;Sopladora;Carburador;63;grilla;categoria;;CARBURADORES - 2 TIEMPOS - MOTOSIERRAS - STIHL REEMPLAZOS
2302860;falta_descripcion;Carburadores — Stihl;;Sopladoras;;CARBURADORES;Stihl;;;;;;;;2 Tiempos;Sopladora;Carburador;68;grilla;categoria;;CARBURADORES - 2 TIEMPOS - STIHL - OTROS - REEMPLAZOS
2302867;completo;Zama c1q-w37 Husqvarna 125B 125BX 125BVX;Zama c1q-w37 Husqvarna 125B 125BX 125BVX;Desmalezadoras;Desmalezadoras;CARBURADORES;Husqvarna | Zama;;Zama c1q-w37 Husqvarna 125B 125BX 125BVX;;;;;;2 Tiempos;Sopladora;Carburador;67;grilla;;;CARBURADORES - 2 TIEMPOS - DESMALEZADORAS - CHINAS / OTROS
2302870;completo;Carburador de reemplazo BT45 C1q-S74g BT45;Carburador de reemplazo BT45 C1q-S74g BT45;Sopladoras;;CARBURADORES;Stihl;;Carburador de reemplazo BT45 C1q-S74g BT45;;;;;;2 Tiempos;Sopladora;Carburador;68;grilla;;;CARBURADORES - 2 TIEMPOS - STIHL - OTROS - REEMPLAZOS
2303001;completo;"Conjunto de cilindro, 34 mm Stihl BG86";"Conjunto de cilindro, 34 mm Stihl BG86";Sopladoras;;CILINDROS Y PISTONES (SEGÚN MARCA);Stihl;;"Conjunto de cilindro, 34 mm Stihl BG86";;34 mm;;2303001.jpg;media;2 Tiempos;Sopladora;Kit de cilindros;76;grilla;;;CILINDROS Y PISTONES (SEGÚN MARCA)
2303002;completo;"Conjunto de cilindro, 49 mm Stihl TS400";"Conjunto de cilindro, 49 mm Stihl TS400";Sopladoras;;CILINDROS Y PISTONES (SEGÚN MARCA);Stihl;;"Conjunto de cilindro, 49 mm Stihl TS400";;49 mm;;2303002.jpg;media;2 Tiempos;Sopladora;Kit de cilindros;76;grilla;;;CILINDROS Y PISTONES (SEGÚN MARCA)
2303003;completo;"Conjunto de cilindro, 50 mm Stihl TS410/420";"Conjunto de cilindro, 50 mm Stihl TS410/420";Sopladoras;;CILINDROS Y PISTONES (SEGÚN MARCA);Stihl;;"Conjunto de cilindro, 50 mm Stihl TS410/420";;50 mm;;2303003.jpg;media;2 Tiempos;Sopladora;Kit de cilindros;76;grilla;;;CILINDROS Y PISTONES (SEGÚN MARCA)
2303004;completo;"Conjunto de cilindro, 46 mm Stihl BR420/SR420";"Conjunto de cilindro, 46 mm Stihl BR420/SR420";Sopladoras;;CILINDROS Y PISTONES (SEGÚN MARCA);Stihl;;"Conjunto de cilindro, 46 mm Stihl BR420/SR420";;46 mm;;2303004.jpg;media;2 Tiempos;Sopladora;Kit de cilindros;76;grilla;;;CILINDROS Y PISTONES (SEGÚN MARCA)
2304001;completo;"Conjunto de pistón, 34 mm Stihl BG86";"Conjunto de pistón, 34 mm Stihl BG86";Motosierras;Motosierras;PISTONES Y AROS;Stihl;;"Conjunto de pistón, 34 mm Stihl BG86";;34 mm;;;;2 Tiempos;Sopladora;Kit de pistón;77;grilla;;;PISTONES Y AROS - MOTOSIERRAS REEMPLAZOS
2307080;completo;Stihl BG56 BG66 BG86 SH56 SH86…;Stihl BG56 BG66 BG86 SH56 SH86…;Sopladoras;;FILTROS DE AIRE SOPLADORAS 2T;Stihl;;Stihl BG56 BG66 BG86 SH56 SH86…;;;;2307080.jpg;baja;2 Tiempos;Sopladora;Filtro de aire;37;grilla;;;FILTROS DE AIRE SOPLADORAS 2T
2307081;completo;Stihl BG45 BG46 BG50 BG55 BG65 BG85… DE AIRE 4T B&S;Stihl BG45 BG46 BG50 BG55 BG65 BG85… DE AIRE 4T B&S;Sopladoras;;FILTROS DE AIRE SOPLADORAS 2T;Stihl | Briggs & Stratton;;Stihl BG45 BG46 BG50 BG55 BG65 BG85… DE AIRE 4T B&S;;;;;;2 Tiempos;Sopladora;Filtro de aire;37;grilla;;NUEVO;FILTROS DE AIRE SOPLADORAS 2T
2315101;falta_descripcion;Tapas de arranque;;Sistemas de arranque;Sistemas de arranque;Tapas de arranque;;;;;;;;;2 Tiempos;Sopladora;Tapas de arranque;86;grilla;categoria;;SISTEMAS DE ARRANQUE - DESMALEZADORAS
2315102;completo;MAQUINAS 4 TIEMPOS;MAQUINAS 4 TIEMPOS;Sistemas de arranque;Sistemas de arranque;Tapas de arranque;;;MAQUINAS 4 TIEMPOS;;;;;;2 Tiempos;Sopladora;Tapas de arranque;86;grilla;;;SISTEMAS DE ARRANQUE - DESMALEZADORAS
2315105;completo;Conjunto de arranque Stihl HS45;Conjunto de arranque Stihl HS45;Sistemas de arranque;Sistemas de arranque;Tapas de arranque;Stihl;;Conjunto de arranque Stihl HS45;;;;;;2 Tiempos;Sopladora;Tapas de arranque;87;grilla;;;SISTEMA DE ARRANQUE 2T
2315106;completo;Conjunto de arranque (manija de… Stihl BG86;Conjunto de arranque (manija de… Stihl BG86;Sistemas de arranque;Sistemas de arranque;Tapas de arranque;Stihl;;Conjunto de arranque (manija de… Stihl BG86;;;;;;2 Tiempos;Sopladora;Tapas de arranque;87;grilla;;;SISTEMA DE ARRANQUE 2T
2324240;completo;Bobina de Ignicion ST-BR320/340;Bobina de Ignicion ST-BR320/340;Sopladoras;;BOBINA DE INGNICION 2T;;;Bobina de Ignicion ST-BR320/340;;;;2324240.jpg;media;2 Tiempos;Sopladora;Bobina de ignición;126;grilla;;;BOBINA DE INGNICION 2T
2324241;completo;Bobina de Ignicion ST-BR350/430 BOBINA DE INGNICION 4T;Bobina de Ignicion ST-BR350/430 BOBINA DE INGNICION 4T;Sopladoras;;BOBINA DE INGNICION 2T;;;Bobina de Ignicion ST-BR350/430 BOBINA DE INGNICION 4T;;;;2324241.jpg;media;2 Tiempos;Sopladora;Bobina de ignición;126;grilla;;;BOBINA DE INGNICION 2T
2324242;completo;Bobina de Ignicion ST-BR500/600;Bobina de Ignicion ST-BR500/600;Sopladoras;;BOBINA DE INGNICION 2T;;;Bobina de Ignicion ST-BR500/600;;;;2324242.jpg;media;2 Tiempos;Sopladora;Bobina de ignición;126;grilla;;;BOBINA DE INGNICION 2T
2324244;completo;Bobina de encendido Stihl TS410/420;Bobina de encendido Stihl TS410/420;Sopladoras;;BOBINA DE INGNICION 2T;Stihl;;Bobina de encendido Stihl TS410/420;;;;2324244.jpg;media;2 Tiempos;Sopladora;Bobina de ignición;130;grilla;;;BOBINA DE INGNICION 2T
2324245;completo;Bobina de Ignicion ST-BG86/56;Bobina de Ignicion ST-BG86/56;Sopladoras;;BOBINA DE INGNICION 2T;;;Bobina de Ignicion ST-BG86/56;;;;2324245.jpg;media;2 Tiempos;Sopladora;Bobina de ignición;126;grilla;;;BOBINA DE INGNICION 2T
2502505;falta_descripcion;Carburadores;;Desmalezadoras;Desmalezadoras;CARBURADORES;;;;;;;;;2 Tiempos;Corta cerco;Carburador;67;grilla;categoria;;CARBURADORES - 2 TIEMPOS - DESMALEZADORAS - CHINAS / OTROS
2502531;completo;HUSQVARNA;HUSQVARNA;Motosierras;Motosierras;CARBURADORES;Husqvarna;;HUSQVARNA;;;;;;2 Tiempos;Corta cerco;Carburador;63;grilla;;;CARBURADORES - 2 TIEMPOS - MOTOSIERRAS - STIHL REEMPLAZOS
2602100;completo;Carburador;Carburador REPL Echo HC 155;Motosierras;Motosierras;CARBURADORES;Echo;;Carburador REPL Echo HC 155;;;;2602100.jpg;media;2 Tiempos;Hoyadora;Carburador;64;grilla;;;CARBURADORES - 2 TIEMPOS - MOTOSIERRAS - OLEO MAC REEMPLAZOS
2888255;completo;"Plataforma 1° — Serie 700H-779H 46"" De Corte";"Plataforma 1° Serie 700H-779H 46"" De Corte 91,40"" X1/2”";Minitractores;Minitractores;CORREAS DE KEVLAR;MTD | Yard Machines | Yard-Man | Troy Bilt | White;754-04142;"Serie 700H-779H 46"" De Corte";Plataforma 1°;"91,40"" X1/2"" | 91,40"" X1/2";;;;2 Tiempos;;;5;tabla;;;MINITRACTORES - CORREAS DE KEVLAR - MTD / YARD MACHINES / YARD-MAN / TROY BILT / WHITE
2906001;falta_descripcion_con_foto;Válvulas;;Carburación;Carburación;VÁLVULAS;;;;;;;2906001.jpg;muy_baja;2 Tiempos;Universales;Filtro de combustible;26;grilla;categoria;;CARBURACIÓN - VÁLVULAS
2906003;falta_descripcion_con_foto;Válvulas;;Carburación;Carburación;VÁLVULAS;;;;;;;2906003.jpg;muy_baja;2 Tiempos;Universales;Filtro de combustible;26;grilla;categoria;;CARBURACIÓN - VÁLVULAS
2906004;falta_descripcion_con_foto;Válvulas;;Carburación;Carburación;VÁLVULAS;;;;;;;2906004.jpg;muy_baja;2 Tiempos;Universales;Filtro de combustible;26;grilla;categoria;;CARBURACIÓN - VÁLVULAS
2906006;falta_descripcion_con_foto;Válvulas;;Carburación;Carburación;VÁLVULAS;;;;;;;2906006.jpg;muy_baja;2 Tiempos;Universales;Filtro de combustible;26;grilla;categoria;;CARBURACIÓN - VÁLVULAS
2906007;falta_descripcion_con_foto;Válvulas;;Carburación;Carburación;VÁLVULAS;;;;;;;2906007.jpg;muy_baja;2 Tiempos;Universales;Filtro de combustible;26;grilla;categoria;;CARBURACIÓN - VÁLVULAS
2906008;falta_descripcion_con_foto;Válvulas;;Carburación;Carburación;VÁLVULAS;;;;;;;2906008.jpg;muy_baja;2 Tiempos;Universales;Filtro de combustible;26;grilla;categoria;;CARBURACIÓN - VÁLVULAS
2906009;falta_descripcion_con_foto;Válvulas;;Carburación;Carburación;VÁLVULAS;;;;;;;2906009.jpg;muy_baja;2 Tiempos;Universales;Filtro de combustible;26;grilla;categoria;;CARBURACIÓN - VÁLVULAS
2906010;falta_descripcion;Válvulas;;Carburación;Carburación;VÁLVULAS;;;;;;;;;2 Tiempos;Universales;Filtro de combustible;26;grilla;categoria;;CARBURACIÓN - VÁLVULAS
2906011;falta_descripcion;Válvulas;;Carburación;Carburación;VÁLVULAS;;;;;;;;;2 Tiempos;Universales;Filtro de combustible;26;grilla;categoria;;CARBURACIÓN - VÁLVULAS
2906012;falta_descripcion;Válvulas;;Carburación;Carburación;VÁLVULAS;;;;;;;;;2 Tiempos;Universales;Filtro de combustible;26;grilla;categoria;;CARBURACIÓN - VÁLVULAS
2906015;falta_descripcion;Filtros de combustible;;Repuestos universales;;FILTROS DE COMBUSTIBLE;;;;;;;;;2 Tiempos;Universales;Filtro de combustible;27;grilla;categoria;;FILTROS DE COMBUSTIBLE
2906020;completo;Filtro de combustible;Filtro de combustible;Repuestos universales;;FILTROS DE COMBUSTIBLE;;;Filtro de combustible;;;;;;2 Tiempos;Universales;Filtro de combustible;27;grilla;;;FILTROS DE COMBUSTIBLE
2906021;completo;Filtro de combustible doble;Filtro de combustible doble;Repuestos universales;;FILTROS DE COMBUSTIBLE;;;Filtro de combustible doble;;;;;;2 Tiempos;Universales;Filtro de combustible;27;grilla;;;FILTROS DE COMBUSTIBLE
2909001;completo;McCulloch PM300 PM310 / PM510X;McCulloch PM300 PM310 / PM510X;Repuestos universales;;KITS DE JUNTAS Y DIAFRAGMAS;McCulloch;;McCulloch PM300 PM310 / PM510X;;;GND-01;2909001.jpg;muy_baja;2 Tiempos;Universales;Juntas de carburador;46;grilla;;;KITS DE JUNTAS Y DIAFRAGMAS
2909002;completo;"Homelite, Oleo Mac Jet, Echo CS 330";"Homelite, Oleo Mac Jet, Echo CS 330";Repuestos universales;;KITS DE JUNTAS Y DIAFRAGMAS;Echo | Oleo Mac;;"Homelite, Oleo Mac Jet, Echo CS 330";;;GND-02;2909002.jpg;muy_baja;2 Tiempos;Universales;Juntas de carburador;46;grilla;;;KITS DE JUNTAS Y DIAFRAGMAS
2909004;completo;Echo 290E/EVLP 280E/EVLP;Echo 290E/EVLP 280E/EVLP;Repuestos universales;;KITS DE JUNTAS Y DIAFRAGMAS;Echo;;Echo 290E/EVLP 280E/EVLP;;;GND-04;2909004.jpg;muy_baja;2 Tiempos;Universales;Juntas de carburador;46;grilla;;;KITS DE JUNTAS Y DIAFRAGMAS
2909007;completo;Stihl FS-160/220/280 Stihl 09/010/011;Stihl FS-160/220/280 Stihl 09/010/011;Repuestos universales;;KITS DE JUNTAS Y DIAFRAGMAS;Stihl;;Stihl FS-160/220/280 Stihl 09/010/011;;;GND-07;2909007.jpg;muy_baja;2 Tiempos;Universales;Juntas de carburador;46;grilla;;;KITS DE JUNTAS Y DIAFRAGMAS
2909039;completo;Stihl BG55/65/85 Husqvarna 1216/1219;Stihl BG55/65/85 Husqvarna 1216/1219;Repuestos universales;;KITS DE JUNTAS Y DIAFRAGMAS;Husqvarna | Stihl;;Stihl BG55/65/85 Husqvarna 1216/1219;;;GND-39;2909039.jpg;muy_baja;2 Tiempos;Universales;Juntas de carburador;46;grilla;;;KITS DE JUNTAS Y DIAFRAGMAS
2909051;completo;Stihl FS-45/75/80/85 Stihl SH-55/BG-55;Stihl FS-45/75/80/85 Stihl SH-55/BG-55;Repuestos universales;;KITS DE JUNTAS Y DIAFRAGMAS;Stihl;;Stihl FS-45/75/80/85 Stihl SH-55/BG-55;;;GND-50/51;2909051.jpg;baja;2 Tiempos;Universales;Juntas de carburador;47;grilla;;;KITS DE JUNTAS Y DIAFRAGMAS
2909056;completo;Stihl FS-38/75/85/BG-55;Stihl FS-38/75/85/BG-55;Repuestos universales;;KITS DE JUNTAS Y DIAFRAGMAS;Stihl;;Stihl FS-38/75/85/BG-55;;;GND-56;2909056.jpg;baja;2 Tiempos;Universales;Juntas de carburador;47;grilla;;;KITS DE JUNTAS Y DIAFRAGMAS
2909066;completo;Echo SRM-230 / GT-225 PB-251/255;Echo SRM-230 / GT-225 PB-251/255;Repuestos universales;;KITS DE JUNTAS Y DIAFRAGMAS;Echo;;Echo SRM-230 / GT-225 PB-251/255;;;GND-66;2909066.jpg;baja;2 Tiempos;Universales;Juntas de carburador;47;grilla;;;KITS DE JUNTAS Y DIAFRAGMAS
2909072;completo;Stihl BR-500/550/600 Stihl 130R;Stihl BR-500/550/600 Stihl 130R;Repuestos universales;;KITS DE JUNTAS Y DIAFRAGMAS;Stihl;;Stihl BR-500/550/600 Stihl 130R;;;GND-72;2909072.jpg;baja;2 Tiempos;Universales;Juntas de carburador;47;grilla;;;KITS DE JUNTAS Y DIAFRAGMAS
2909097;completo;Homelite Poulan Mc Culloch;Homelite Poulan Mc Culloch;Repuestos universales;;KITS DE JUNTAS Y DIAFRAGMAS;Poulan | Homelite | McCulloch;;Homelite Poulan Mc Culloch;;;GND-97;2909097.jpg;baja;2 Tiempos;Universales;Juntas de carburador;47;grilla;;;KITS DE JUNTAS Y DIAFRAGMAS
2909100;completo;Stihl TS-410/420;Stihl TS-410/420;Repuestos universales;;KITS DE JUNTAS Y DIAFRAGMAS;Stihl;;Stihl TS-410/420;;;GND-100;2909100.jpg;baja;2 Tiempos;Universales;Juntas de carburador;47;grilla;;;KITS DE JUNTAS Y DIAFRAGMAS
2909106;completo;Echo GT200/202/225 Echo PB-251/252;Echo GT200/202/225 Echo PB-251/252;Repuestos universales;;KITS DE JUNTAS Y DIAFRAGMAS;Echo;;Echo GT200/202/225 Echo PB-251/252;;;GND-106;2909106.jpg;baja;2 Tiempos;Universales;Juntas de carburador;47;grilla;;;KITS DE JUNTAS Y DIAFRAGMAS
2909200;completo;Motosierras Chinas Echo. Stihl. HQV;Motosierras Chinas Echo. Stihl. HQV;Repuestos universales;;KITS DE JUNTAS Y DIAFRAGMAS;Husqvarna;;Motosierras Chinas Echo. Stihl. HQV;;;D26-WAT;;;2 Tiempos;Universales;Juntas de carburador;47;grilla;;;KITS DE JUNTAS Y DIAFRAGMAS
2909202;completo;Echo CS-3500/420/ SRM-3605. Oleo Mac 740/ 746/936 Sparta 44;Echo CS-3500/420/ SRM-3605. Oleo Mac 740/ 746/936 Sparta 44;Repuestos universales;;KITS DE JUNTAS Y DIAFRAGMAS;Echo | Oleo Mac;;Echo CS-3500/420/ SRM-3605. Oleo Mac 740/ 746/936 Sparta 44;;;D22-WAT;2909202.jpg;baja;2 Tiempos;Universales;Juntas de carburador;48;grilla;;;KITS DE JUNTAS Y DIAFRAGMAS
2909203;completo;"WYJ Desmalezadoras Chinas, HQV 143RII, Echo SRM-270";"WYJ Desmalezadoras Chinas, HQV 143RII, Echo SRM-270";Repuestos universales;;KITS DE JUNTAS Y DIAFRAGMAS;Husqvarna | Echo;;"WYJ Desmalezadoras Chinas, HQV 143RII, Echo SRM-270";;;;2909203.jpg;baja;2 Tiempos;Universales;Juntas de carburador;48;grilla;;;KITS DE JUNTAS Y DIAFRAGMAS
2909204;completo;"Desmalezadoras Chinas, HQV 142R Oleo Mac 725F";"Desmalezadoras Chinas, HQV 142R Oleo Mac 725F";Repuestos universales;;KITS DE JUNTAS Y DIAFRAGMAS;Husqvarna | Oleo Mac;;"Desmalezadoras Chinas, HQV 142R Oleo Mac 725F";;;D20-WYJ;2909204.jpg;baja;2 Tiempos;Universales;Juntas de carburador;48;grilla;;;KITS DE JUNTAS Y DIAFRAGMAS
2909217;completo;DG-1HK Jonsered 410/450/525/535 Walcker BH23;DG-1HK Jonsered 410/450/525/535 Walcker BH23;Repuestos universales;;KITS DE JUNTAS Y DIAFRAGMAS;Jonsered;;DG-1HK Jonsered 410/450/525/535 Walcker BH23;;;;2909217.jpg;baja;2 Tiempos;Universales;Juntas de carburador;48;grilla;;;KITS DE JUNTAS Y DIAFRAGMAS
2909220;falta_descripcion;Kits de juntas y diafragmas;;Repuestos universales;;KITS DE JUNTAS Y DIAFRAGMAS;;;;;;;;;2 Tiempos;Universales;Juntas de carburador;49;grilla;categoria;;KITS DE JUNTAS Y DIAFRAGMAS
2909225;sin_codigo;Solo diafragma Walbro 95-526 Código Logbelts: Mandril…;"Solo diafragma Walbro 95-526 Código Logbelts: Mandril portacuchilla 50"" 618P09256";Repuestos universales;;SIN FINES HUSQVARNA / OTROS;Walbro;;"Solo diafragma Walbro 95-526 Código Logbelts: Mandril portacuchilla 50"" 618P09256";;;;2909225.jpg;media;2 Tiempos;Universales;Juntas de carburador;107;grilla;;NUEVO | A ASIGNAR;SIN FINES HUSQVARNA / OTROS
2911001;falta_descripcion_con_foto;Bombines 2t;;Carburación;Carburación;BOMBINES 2T;;;;;;;2911001.jpg;muy_baja;2 Tiempos;Universales;Bombines;25;grilla;categoria;;CARBURACIÓN - BOMBINES 2T
2911002;falta_descripcion_con_foto;Bombines 2t;;Carburación;Carburación;BOMBINES 2T;;;;;;;2911002.jpg;muy_baja;2 Tiempos;Universales;Bombines;25;grilla;categoria;;CARBURACIÓN - BOMBINES 2T
2911003;falta_descripcion_con_foto;Bombines 2t;;Carburación;Carburación;BOMBINES 2T;;;;;;;2911003.jpg;muy_baja;2 Tiempos;Universales;Bombines;25;grilla;categoria;;CARBURACIÓN - BOMBINES 2T
2911004;falta_descripcion_con_foto;Bombines 2t;;Carburación;Carburación;BOMBINES 2T;;;;;;;2911004.jpg;muy_baja;2 Tiempos;Universales;Bombines;25;grilla;categoria;;CARBURACIÓN - BOMBINES 2T
2911005;falta_descripcion_con_foto;Bombines 2t;;Carburación;Carburación;BOMBINES 2T;;;;;;;2911005.jpg;muy_baja;2 Tiempos;Universales;Bombines;25;grilla;categoria;;CARBURACIÓN - BOMBINES 2T
2911006;falta_descripcion_con_foto;Bombines 2t;;Carburación;Carburación;BOMBINES 2T;;;;;;;2911006.jpg;muy_baja;2 Tiempos;Universales;Bombines;25;grilla;categoria;;CARBURACIÓN - BOMBINES 2T
2911007;falta_descripcion_con_foto;Bombines 2t;;Carburación;Carburación;BOMBINES 2T;;;;;;;2911007.jpg;muy_baja;2 Tiempos;Universales;Bombines;25;grilla;categoria;;CARBURACIÓN - BOMBINES 2T
2911008;falta_descripcion_con_foto;Bombines 2t;;Carburación;Carburación;BOMBINES 2T;;;;;;;2911008.jpg;muy_baja;2 Tiempos;Universales;Bombines;25;grilla;categoria;;CARBURACIÓN - BOMBINES 2T
2911009;falta_descripcion_con_foto;Bombines 2t;;Carburación;Carburación;BOMBINES 2T;;;;;;;2911009.jpg;muy_baja;2 Tiempos;Universales;Bombines;25;grilla;categoria;;CARBURACIÓN - BOMBINES 2T
2911010;falta_descripcion_con_foto;Bombines 2t;;Carburación;Carburación;BOMBINES 2T;;;;;;;2911010.jpg;muy_baja;2 Tiempos;Universales;Bombines;25;grilla;categoria;;CARBURACIÓN - BOMBINES 2T
2915009;falta_descripcion_con_foto;Repuestos;;Sistemas de arranque;Sistemas de arranque;REPUESTOS;;;;;;;2915009.jpg;baja;2 Tiempos;Universales;Tapas de arranque;91;grilla;categoria;;SISTEMA DE ARRANQUE - MOTOSIERRAS - REPUESTOS
2915010;falta_descripcion_con_foto;Repuestos;;Sistemas de arranque;Sistemas de arranque;REPUESTOS;;;;;;;2915010.jpg;baja;2 Tiempos;Universales;Tapas de arranque;91;grilla;categoria;;SISTEMA DE ARRANQUE - MOTOSIERRAS - REPUESTOS
2915012;falta_descripcion_con_foto;Repuestos;;Sistemas de arranque;Sistemas de arranque;REPUESTOS;;;;;;;2915012.jpg;baja;2 Tiempos;Universales;Tapas de arranque;91;grilla;categoria;;SISTEMA DE ARRANQUE - MOTOSIERRAS - REPUESTOS
2921010;falta_descripcion_con_foto;Mangueras;;Motosierras;Motosierras;Mangueras;;;;;;;2921010.jpg;media;2 Tiempos;Universales;Mangueras;116;grilla;categoria;;MOTOSIERRAS CHINAS 45CC / 52CC
2921011;falta_descripcion_con_foto;Mangueras;;Motosierras;Motosierras;Mangueras;;;;;;;2921011.jpg;media;2 Tiempos;Universales;Mangueras;116;grilla;categoria;;MOTOSIERRAS CHINAS 45CC / 52CC
2921012;completo;Motosierra Zenoah 6200;Motosierra Zenoah 6200;Carburación;Carburación;Mangueras;Zenoah;;Motosierra Zenoah 6200;;;;;;2 Tiempos;Universales;Mangueras;43;grilla;;;CARBURACION MANGUERA DE COMBUSTIBLE - MOTOSIERRAS - DESMALEZADORAS
2921015;falta_descripcion;Manguera de combustible;;Carburación;Carburación;MANGUERA DE COMBUSTIBLE;;;;;;;;;2 Tiempos;Universales;Mangueras;42;grilla;categoria;;CARBURACIÓN - MANGUERA DE COMBUSTIBLE - MOTOSIERRAS - DESMALEZADORAS
2921016;falta_descripcion;Manguera de combustible;;Carburación;Carburación;MANGUERA DE COMBUSTIBLE;;;;;;;;;2 Tiempos;Universales;Mangueras;42;grilla;categoria;;CARBURACIÓN - MANGUERA DE COMBUSTIBLE - MOTOSIERRAS - DESMALEZADORAS
2921017;completo;BRIDAS DE ADMISIÓN;BRIDAS DE ADMISIÓN;Carburación;Carburación;MANGUERA DE COMBUSTIBLE;;;BRIDAS DE ADMISIÓN;;;;;;2 Tiempos;Universales;Mangueras;42;grilla;;;CARBURACIÓN - MANGUERA DE COMBUSTIBLE - MOTOSIERRAS - DESMALEZADORAS
2921019;falta_descripcion;Mangueras de combustible;;Carburación;Carburación;MANGUERAS DE COMBUSTIBLE;;;;;;;;;2 Tiempos;Universales;Mangueras;40;grilla;categoria;;CARBURACIÓN - MANGUERAS DE COMBUSTIBLE
2921021;falta_descripcion;Mangueras de combustible;;Carburación;Carburación;MANGUERAS DE COMBUSTIBLE;;;;;;;;;2 Tiempos;Universales;Mangueras;40;grilla;categoria;;CARBURACIÓN - MANGUERAS DE COMBUSTIBLE
2921023;completo;MANGUERA DE ACEITE;MANGUERA DE ACEITE;Carburación;Carburación;MANGUERA DE COMBUSTIBLE;;;MANGUERA DE ACEITE;;;;;;2 Tiempos;Universales;Mangueras;42;grilla;;;CARBURACIÓN - MANGUERA DE COMBUSTIBLE - MOTOSIERRAS - DESMALEZADORAS
2921026;falta_descripcion;Manguera de combustible;;Carburación;Carburación;MANGUERA DE COMBUSTIBLE;;;;;;;;;2 Tiempos;Universales;Mangueras;42;grilla;categoria;;CARBURACIÓN - MANGUERA DE COMBUSTIBLE - MOTOSIERRAS - DESMALEZADORAS
2921028;falta_descripcion;Manguera de combustible;;Carburación;Carburación;MANGUERA DE COMBUSTIBLE;;;;;;;;;2 Tiempos;Universales;Mangueras;42;grilla;categoria;;CARBURACIÓN - MANGUERA DE COMBUSTIBLE - MOTOSIERRAS - DESMALEZADORAS
2921031;completo;Manguera de combustible negra 4 mm…;Manguera de combustible negra 4 mm…;Carburación;Carburación;MANGUERA DE COMBUSTIBLE;;;Manguera de combustible negra 4 mm…;;4 mm;;;;2 Tiempos;Universales;Mangueras;41;grilla;;;CARBURACION - MANGUERA DE COMBUSTIBLE
2921032;completo;Manguera de combustible negra 6 mm…;Manguera de combustible negra 6 mm…;Carburación;Carburación;MANGUERA DE COMBUSTIBLE;;;Manguera de combustible negra 6 mm…;;6 mm;;;;2 Tiempos;Universales;Mangueras;41;grilla;;;CARBURACION - MANGUERA DE COMBUSTIBLE
2921040;falta_descripcion;Mangueras de combustible;;Carburación;Carburación;MANGUERAS DE COMBUSTIBLE;;;;;;;;;2 Tiempos;Universales;Mangueras;40;grilla;categoria;;CARBURACIÓN - MANGUERAS DE COMBUSTIBLE
2921041;falta_descripcion;Mangueras de combustible;;Carburación;Carburación;MANGUERAS DE COMBUSTIBLE;;;;;;;;;2 Tiempos;Universales;Mangueras;40;grilla;categoria;;CARBURACIÓN - MANGUERAS DE COMBUSTIBLE
2921042;falta_descripcion;Mangueras de combustible;;Carburación;Carburación;MANGUERAS DE COMBUSTIBLE;;;;;;;;;2 Tiempos;Universales;Mangueras;40;grilla;categoria;;CARBURACIÓN - MANGUERAS DE COMBUSTIBLE
2921043;falta_descripcion;Mangueras de combustible;;Carburación;Carburación;MANGUERAS DE COMBUSTIBLE;;;;;;;;;2 Tiempos;Universales;Mangueras;40;grilla;categoria;;CARBURACIÓN - MANGUERAS DE COMBUSTIBLE
2921044;falta_descripcion;Mangueras de combustible;;Carburación;Carburación;MANGUERAS DE COMBUSTIBLE;;;;;;;;;2 Tiempos;Universales;Mangueras;40;grilla;categoria;;CARBURACIÓN - MANGUERAS DE COMBUSTIBLE
2921045;completo;MANGUERA DE;MANGUERA DE;Carburación;Carburación;MANGUERAS DE COMBUSTIBLE;;;MANGUERA DE;;;;;;2 Tiempos;Universales;Mangueras;40;grilla;;;CARBURACIÓN - MANGUERAS DE COMBUSTIBLE
2921051;falta_descripcion_con_foto;Mangueras;;Desmalezadoras;Desmalezadoras;Mangueras;;;;;;;2921051.jpg;baja;2 Tiempos;Universales;Mangueras;95;grilla;categoria;;PARTES DE DESMALEZADORAS CHINAS 43CC / 52CC
2921052;completo;"Pasamanguera Completo 21,5MM";"Pasamanguera Completo 21,5MM";Desmalezadoras;Desmalezadoras;Mangueras;;;"Pasamanguera Completo 21,5MM";;"21,5MM";;2921052.jpg;baja;2 Tiempos;Universales;Mangueras;95;grilla;;;PARTES DE DESMALEZADORAS CHINAS 43CC / 52CC
2921065;falta_descripcion_con_foto;Mangueras;;Desmalezadoras;Desmalezadoras;Mangueras;;;;;;;2921065.jpg;muy_baja;2 Tiempos;Universales;Mangueras;100;grilla;categoria;;PARTES DE DESMALEZADORAS REEMPLAZO ST FS38 / FS55
3101007;completo;Repl 742-0473A (2) Cuchillas MTD 38” Ø 6P Largo 490mm;Repl 742-0473A (2) Cuchillas MTD 38” Ø 6P Largo 490mm;Minitractores;Minitractores;CUCHILLAS REEMPLAZOS;MTD;742-0473A;Repl 742-0473A (2) Cuchillas MTD 38” Ø 6P Largo 490mm;;Ø 6 | 490mm;;;;Cortadora de césped;Minitractor;Cuchillas;14;grilla;;;MINITRACTORES - CUCHILLAS REEMPLAZOS - MTD / YARD MAN / CUB CADET
3101008;completo;Repl 742-0473 (2) Cuchillas MTD 38” Ø 6P Largo 490mm (X);Repl 742-0473 (2) Cuchillas MTD 38” Ø 6P Largo 490mm (X);Minitractores;Minitractores;CUCHILLAS REEMPLAZOS;MTD;742-0473;Repl 742-0473 (2) Cuchillas MTD 38” Ø 6P Largo 490mm (X);;Ø 6 | 490mm;;;;Cortadora de césped;Minitractor;Cuchillas;14;grilla;;;MINITRACTORES - CUCHILLAS REEMPLAZOS - MTD / YARD MAN / CUB CADET
3101009;completo;Repl 742-0616;Repl 742-0616 Repl 742-0616 Repl 742-0610 (2) Cuchillas MTD 42” (2) Cuchillas MTD 42” (2) Cuchillas MTD 38” Ø 6P Largo 535mm Ø 6P Largo 535mm (X) Ø 6P Largo 490mm (XX);Minitractores;Minitractores;CUCHILLAS REEMPLAZOS;MTD;742-0616 | 742-0610;Repl 742-0616 Repl 742-0616 Repl 742-0610 (2) Cuchillas MTD 42” (2) Cuchillas MTD 42” (2) Cuchillas MTD 38” Ø 6P Largo 535mm Ø 6P Largo 535mm (X) Ø 6P Largo 490mm (XX);;Ø 6 | 535mm | 490mm;;;;Cortadora de césped;Minitractor;Cuchillas;14;grilla;;;MINITRACTORES - CUCHILLAS REEMPLAZOS - MTD / YARD MAN / CUB CADET
3101017;falta_descripcion;Cuchillas reemplazos — MTD;;Minitractores;Minitractores;CUCHILLAS REEMPLAZOS;MTD | Cub Cadet;;;;;;;;Cortadora de césped;Minitractor;Cuchillas;14;grilla;categoria;;MINITRACTORES - CUCHILLAS REEMPLAZOS - MTD / YARD MAN / CUB CADET
3101018;falta_descripcion;Cuchillas reemplazos — MTD;;Minitractores;Minitractores;CUCHILLAS REEMPLAZOS;MTD | Cub Cadet;;;;;;;;Cortadora de césped;Minitractor;Cuchillas;14;grilla;categoria;;MINITRACTORES - CUCHILLAS REEMPLAZOS - MTD / YARD MAN / CUB CADET
3101019;completo;Repl 742-0616 (2) Cuchillas MTD 42” Ø 6P Largo 535mm (XX) X =…;Repl 742-0616 (2) Cuchillas MTD 42” Ø 6P Largo 535mm (XX) X = Trituradora XX= Trituradora Mulcher.;Minitractores;Minitractores;CUCHILLAS REEMPLAZOS;MTD;742-0616;Repl 742-0616 (2) Cuchillas MTD 42” Ø 6P Largo 535mm (XX) X = Trituradora XX= Trituradora Mulcher.;;Ø 6 | 535mm;;;;Cortadora de césped;Minitractor;Cuchillas;14;grilla;;;MINITRACTORES - CUCHILLAS REEMPLAZOS - MTD / YARD MAN / CUB CADET
3101026;completo;Repl 742-0542 (2) Cuchillas MTD 46” Ø 6P Largo 410mm Cantidad de…;Repl 742-0542 (2) Cuchillas MTD 46” Ø 6P Largo 410mm Cantidad de cuchillas por juego= (1)-(2)-(3).;Minitractores;Minitractores;CUCHILLAS REEMPLAZOS;MTD;742-0542;Repl 742-0542 (2) Cuchillas MTD 46” Ø 6P Largo 410mm Cantidad de cuchillas por juego= (1)-(2)-(3).;;Ø 6 | 410mm;;;;Cortadora de césped;Minitractor;Cuchillas;14;grilla;;;MINITRACTORES - CUCHILLAS REEMPLAZOS - MTD / YARD MAN / CUB CADET
3101027;completo;Repl 742-0543 (1) Cuchilla MTD 46” Ø 6P Largo 376mm;Repl 742-0543 (1) Cuchilla MTD 46” Ø 6P Largo 376mm;Minitractores;Minitractores;CUCHILLAS REEMPLAZOS;MTD;742-0543;Repl 742-0543 (1) Cuchilla MTD 46” Ø 6P Largo 376mm;;Ø 6 | 376mm;;;;Cortadora de césped;Minitractor;Cuchillas;14;grilla;;;MINITRACTORES - CUCHILLAS REEMPLAZOS - MTD / YARD MAN / CUB CADET
3101033;completo;Repl 742-04290 (2) Cuchillas MTD 46” Ø 6P Largo 578mm;Repl 742-04290 (2) Cuchillas MTD 46” Ø 6P Largo 578mm;Minitractores;Minitractores;CUCHILLAS REEMPLAZOS;MTD;742-04290;Repl 742-04290 (2) Cuchillas MTD 46” Ø 6P Largo 578mm;;Ø 6 | 578mm;;;;Cortadora de césped;Minitractor;Cuchillas;14;grilla;;;MINITRACTORES - CUCHILLAS REEMPLAZOS - MTD / YARD MAN / CUB CADET
3101047;completo;Cuchilla de cortacésped de…;Cuchilla de cortacésped de…;Minitractores;Minitractores;CUCHILLAS REEMPLAZOS;MTD | Cub Cadet;;Cuchilla de cortacésped de…;;;;;;Cortadora de césped;Minitractor;Cuchillas;15;grilla;;;MINITRACTORES - CUCHILLAS REEMPLAZOS - MTD / YARD MAN / CUB CADET
3101049;completo;Repl 742-04053A (3) Cuchillas MTD 50” Ø 6P Largo 456mm (XX);Repl 742-04053A (3) Cuchillas MTD 50” Ø 6P Largo 456mm (XX);Minitractores;Minitractores;CUCHILLAS REEMPLAZOS;MTD;742-04053A;Repl 742-04053A (3) Cuchillas MTD 50” Ø 6P Largo 456mm (XX);;Ø 6 | 456mm;;;;Cortadora de césped;Minitractor;Cuchillas;14;grilla;;;MINITRACTORES - CUCHILLAS REEMPLAZOS - MTD / YARD MAN / CUB CADET
3101051;falta_descripcion;Cuchillas reemplazos — MTD;;Minitractores;Minitractores;CUCHILLAS REEMPLAZOS;MTD | Cub Cadet;;;;;;;;Cortadora de césped;Minitractor;Cuchillas;15;grilla;categoria;;MINITRACTORES - CUCHILLAS REEMPLAZOS - MTD / YARD MAN / CUB CADET
3101053;falta_descripcion;Cuchillas reemplazos — MTD;;Minitractores;Minitractores;CUCHILLAS REEMPLAZOS;MTD | Cub Cadet;;;;;;;;Cortadora de césped;Minitractor;Cuchillas;15;grilla;categoria;;MINITRACTORES - CUCHILLAS REEMPLAZOS - MTD / YARD MAN / CUB CADET
3101054;falta_descripcion;Cuchillas reemplazos — MTD;;Minitractores;Minitractores;CUCHILLAS REEMPLAZOS;MTD | Cub Cadet;;;;;;;;Cortadora de césped;Minitractor;Cuchillas;15;grilla;categoria;;MINITRACTORES - CUCHILLAS REEMPLAZOS - MTD / YARD MAN / CUB CADET
3101056;falta_descripcion;Cuchillas reemplazos — MTD;;Minitractores;Minitractores;CUCHILLAS REEMPLAZOS;MTD | Cub Cadet;;;;;;;;Cortadora de césped;Minitractor;Cuchillas;15;grilla;categoria;;MINITRACTORES - CUCHILLAS REEMPLAZOS - MTD / YARD MAN / CUB CADET
3101059;falta_descripcion;Cuchillas reemplazos — MTD;;Minitractores;Minitractores;CUCHILLAS REEMPLAZOS;MTD | Cub Cadet;;;;;;;;Cortadora de césped;Minitractor;Cuchillas;15;grilla;categoria;;MINITRACTORES - CUCHILLAS REEMPLAZOS - MTD / YARD MAN / CUB CADET
3101061;falta_descripcion;Cuchillas reemplazos — MTD;;Minitractores;Minitractores;CUCHILLAS REEMPLAZOS;MTD | Cub Cadet;;;;;;;;Cortadora de césped;Minitractor;Cuchillas;15;grilla;categoria;;MINITRACTORES - CUCHILLAS REEMPLAZOS - MTD / YARD MAN / CUB CADET
3101090;completo;Repl 742-0256A (1) Cuchilla MTD 30” Ø 6P Largo 760mm;Repl 742-0256A (1) Cuchilla MTD 30” Ø 6P Largo 760mm;Minitractores;Minitractores;CUCHILLAS REEMPLAZOS;MTD;742-0256A;Repl 742-0256A (1) Cuchilla MTD 30” Ø 6P Largo 760mm;;Ø 6 | 760mm;;;;Cortadora de césped;Minitractor;Cuchillas;14;grilla;;;MINITRACTORES - CUCHILLAS REEMPLAZOS - MTD / YARD MAN / CUB CADET
3101143;falta_descripcion;Cuchillas reemplazos — MTD;;Minitractores;Minitractores;CUCHILLAS REEMPLAZOS;MTD | Cub Cadet;;;;;;;;Cortadora de césped;Minitractor;Cuchillas;15;grilla;categoria;;MINITRACTORES - CUCHILLAS REEMPLAZOS - MTD / YARD MAN / CUB CADET
3101147;falta_descripcion;Cuchillas reemplazos — MTD;;Minitractores;Minitractores;CUCHILLAS REEMPLAZOS;MTD | Cub Cadet;;;;;;;;Cortadora de césped;Minitractor;Cuchillas;15;grilla;categoria;;MINITRACTORES - CUCHILLAS REEMPLAZOS - MTD / YARD MAN / CUB CADET
3101152;falta_descripcion;Cuchillas reemplazos — MTD;;Minitractores;Minitractores;CUCHILLAS REEMPLAZOS;MTD | Cub Cadet;;;;;;;;Cortadora de césped;Minitractor;Cuchillas;15;grilla;categoria;;MINITRACTORES - CUCHILLAS REEMPLAZOS - MTD / YARD MAN / CUB CADET
3101162;falta_descripcion;Cuchillas reemplazos — MTD;;Minitractores;Minitractores;CUCHILLAS REEMPLAZOS;MTD | Cub Cadet;;;;;;;;Cortadora de césped;Minitractor;Cuchillas;15;grilla;categoria;;MINITRACTORES - CUCHILLAS REEMPLAZOS - MTD / YARD MAN / CUB CADET
3101163;falta_descripcion;Cuchillas reemplazos — AYP;;Minitractores;Minitractores;CUCHILLAS REEMPLAZOS;AYP | Poulan | Husqvarna;;;;;;;;Cortadora de césped;Minitractor;Cuchillas;16;grilla;categoria;;MINITRACTORES - CUCHILLAS REEMPLAZOS - HUSQVARNA / POULAN / AYP
3101164;falta_descripcion;Cuchillas reemplazos — AYP;;Minitractores;Minitractores;CUCHILLAS REEMPLAZOS;AYP | Poulan | Husqvarna;;;;;;;;Cortadora de césped;Minitractor;Cuchillas;16;grilla;categoria;;MINITRACTORES - CUCHILLAS REEMPLAZOS - HUSQVARNA / POULAN / AYP
3101170;falta_descripcion;Cuchillas reemplazos — AYP;;Minitractores;Minitractores;CUCHILLAS REEMPLAZOS;AYP | Poulan | Husqvarna;;;;;;;;Cortadora de césped;Minitractor;Cuchillas;16;grilla;categoria;;MINITRACTORES - CUCHILLAS REEMPLAZOS - HUSQVARNA / POULAN / AYP
3101171;falta_descripcion;Cuchillas reemplazos — AYP;;Minitractores;Minitractores;CUCHILLAS REEMPLAZOS;AYP | Poulan | Husqvarna;;;;;;;;Cortadora de césped;Minitractor;Cuchillas;16;grilla;categoria;;MINITRACTORES - CUCHILLAS REEMPLAZOS - HUSQVARNA / POULAN / AYP
3101173;falta_descripcion;Cuchillas reemplazos — AYP;;Minitractores;Minitractores;CUCHILLAS REEMPLAZOS;AYP | Poulan | Husqvarna;;;;;;;;Cortadora de césped;Minitractor;Cuchillas;16;grilla;categoria;;MINITRACTORES - CUCHILLAS REEMPLAZOS - HUSQVARNA / POULAN / AYP
3101181;falta_descripcion;Cuchillas reemplazos — AYP;;Minitractores;Minitractores;CUCHILLAS REEMPLAZOS;AYP | Poulan | Husqvarna;;;;;;;;Cortadora de césped;Minitractor;Cuchillas;16;grilla;categoria;;MINITRACTORES - CUCHILLAS REEMPLAZOS - HUSQVARNA / POULAN / AYP
3101183;falta_descripcion;Cuchillas reemplazos — AYP;;Minitractores;Minitractores;CUCHILLAS REEMPLAZOS;AYP | Poulan | Husqvarna;;;;;;;;Cortadora de césped;Minitractor;Cuchillas;16;grilla;categoria;;MINITRACTORES - CUCHILLAS REEMPLAZOS - HUSQVARNA / POULAN / AYP
3101185;falta_descripcion;Cuchillas reemplazos — AYP;;Minitractores;Minitractores;CUCHILLAS REEMPLAZOS;AYP | Poulan | Husqvarna;;;;;;;;Cortadora de césped;Minitractor;Cuchillas;16;grilla;categoria;;MINITRACTORES - CUCHILLAS REEMPLAZOS - HUSQVARNA / POULAN / AYP
3101187;falta_descripcion;Cuchillas reemplazos — AYP;;Minitractores;Minitractores;CUCHILLAS REEMPLAZOS;AYP | Poulan | Husqvarna;;;;;;;;Cortadora de césped;Minitractor;Cuchillas;16;grilla;categoria;;MINITRACTORES - CUCHILLAS REEMPLAZOS - HUSQVARNA / POULAN / AYP
3101188;falta_descripcion;Cuchillas reemplazos — AYP;;Minitractores;Minitractores;CUCHILLAS REEMPLAZOS;AYP | Poulan | Husqvarna;;;;;;;;Cortadora de césped;Minitractor;Cuchillas;16;grilla;categoria;;MINITRACTORES - CUCHILLAS REEMPLAZOS - HUSQVARNA / POULAN / AYP
3101189;falta_descripcion;Cuchillas reemplazos — AYP;;Minitractores;Minitractores;CUCHILLAS REEMPLAZOS;AYP | Poulan | Husqvarna;;;;;;;;Cortadora de césped;Minitractor;Cuchillas;16;grilla;categoria;NUEVO;MINITRACTORES - CUCHILLAS REEMPLAZOS - HUSQVARNA / POULAN / AYP
3101190;falta_descripcion;Cuchillas reemplazos — AYP;;Minitractores;Minitractores;CUCHILLAS REEMPLAZOS;AYP | Poulan | Husqvarna;;;;;;;;Cortadora de césped;Minitractor;Cuchillas;16;grilla;categoria;NUEVO;MINITRACTORES - CUCHILLAS REEMPLAZOS - HUSQVARNA / POULAN / AYP
3101193;falta_descripcion;Cuchillas reemplazos — AYP;;Minitractores;Minitractores;CUCHILLAS REEMPLAZOS;AYP | Poulan | Husqvarna;;;;;;;;Cortadora de césped;Minitractor;Cuchillas;16;grilla;categoria;;MINITRACTORES - CUCHILLAS REEMPLAZOS - HUSQVARNA / POULAN / AYP
3101194;falta_descripcion;Cuchillas reemplazos — AYP;;Minitractores;Minitractores;CUCHILLAS REEMPLAZOS;AYP | Poulan | Husqvarna;;;;;;;;Cortadora de césped;Minitractor;Cuchillas;16;grilla;categoria;;MINITRACTORES - CUCHILLAS REEMPLAZOS - HUSQVARNA / POULAN / AYP
3101235;falta_descripcion;Cuchillas reemplazos — MTD;;Minitractores;Minitractores;CUCHILLAS REEMPLAZOS;MTD | Cub Cadet;;;;;;;;Cortadora de césped;Minitractor;Cuchillas;15;grilla;categoria;;MINITRACTORES - CUCHILLAS REEMPLAZOS - MTD / YARD MAN / CUB CADET
3101260;completo;Repl 55793HT (1) Cuchilla 30” Ø 7/8” Largo 760mm;Repl 55793HT (1) Cuchilla 30” Ø 7/8” Largo 760mm;Minitractores;Minitractores;CUCHILLAS CONVENCIONALES Y TRITURADORAS;Murray;55793HT;Repl 55793HT (1) Cuchilla 30” Ø 7/8” Largo 760mm;;Ø 7 | 760mm;;;;Cortadora de césped;Minitractor;Cuchillas;18;grilla;;;MINITRACTORES - CUCHILLAS CONVENCIONALES Y TRITURADORAS - MURRAY
3101265;completo;Repl 92003HT (2) Cuchillas 38” Ø 7/8” Largo 495mm;Repl 92003HT (2) Cuchillas 38” Ø 7/8” Largo 495mm;Minitractores;Minitractores;CUCHILLAS CONVENCIONALES Y TRITURADORAS;Murray;92003HT;Repl 92003HT (2) Cuchillas 38” Ø 7/8” Largo 495mm;;Ø 7 | 495mm;;;;Cortadora de césped;Minitractor;Cuchillas;18;grilla;;;MINITRACTORES - CUCHILLAS CONVENCIONALES Y TRITURADORAS - MURRAY
3101270;completo;Repl 92002HT (2) Cuchillas 40” Ø 7/8” Largo 515mm;Repl 92002HT (2) Cuchillas 40” Ø 7/8” Largo 515mm;Minitractores;Minitractores;CUCHILLAS CONVENCIONALES Y TRITURADORAS;Murray;92002HT;Repl 92002HT (2) Cuchillas 40” Ø 7/8” Largo 515mm;;Ø 7 | 515mm;;;;Cortadora de césped;Minitractor;Cuchillas;18;grilla;;;MINITRACTORES - CUCHILLAS CONVENCIONALES Y TRITURADORAS - MURRAY
3101275;completo;Repl 92418 (2) Cuchillas 42” Ø 7/8” Largo 535mm;Repl 92418 (2) Cuchillas 42” Ø 7/8” Largo 535mm;Minitractores;Minitractores;CUCHILLAS CONVENCIONALES Y TRITURADORAS;Murray;92418;Repl 92418 (2) Cuchillas 42” Ø 7/8” Largo 535mm;;Ø 7 | 535mm;;;;Cortadora de césped;Minitractor;Cuchillas;18;grilla;;;MINITRACTORES - CUCHILLAS CONVENCIONALES Y TRITURADORAS - MURRAY
3101276;completo;Cuchilla de cortacésped 531148303;Cuchilla de cortacésped 531148303;Minitractores;Minitractores;CUCHILLAS REEMPLAZOS;AYP | Poulan | Husqvarna;;Cuchilla de cortacésped 531148303;;;;;;Cortadora de césped;Minitractor;Cuchillas;16;grilla;;;MINITRACTORES - CUCHILLAS REEMPLAZOS - HUSQVARNA / POULAN / AYP
3101277;completo;Repl 1731898ASM (2) Cuchillas EZM 2042 Ø 1” Largo 537mm;Repl 1731898ASM (2) Cuchillas EZM 2042 Ø 1” Largo 537mm;Minitractores;Minitractores;CUCHILLAS CONVENCIONALES Y TRITURADORAS;Murray;1731898ASM;Repl 1731898ASM (2) Cuchillas EZM 2042 Ø 1” Largo 537mm;;Ø 1” | 537mm;;;;Cortadora de césped;Minitractor;Cuchillas;18;grilla;;;MINITRACTORES - CUCHILLAS CONVENCIONALES Y TRITURADORAS - MURRAY
3101280;completo;Repl 92117E701 (3) Cuchillas 46” Ø 7/8” Largo 400mm (XX);Repl 92117E701 (3) Cuchillas 46” Ø 7/8” Largo 400mm (XX);Minitractores;Minitractores;CUCHILLAS CONVENCIONALES Y TRITURADORAS;Murray;92117E701;Repl 92117E701 (3) Cuchillas 46” Ø 7/8” Largo 400mm (XX);;Ø 7 | 400mm;;;;Cortadora de césped;Minitractor;Cuchillas;18;grilla;;;MINITRACTORES - CUCHILLAS CONVENCIONALES Y TRITURADORAS - MURRAY
3101285;completo;Repl 94692E701 (3) Cuchillas 50” Ø 7/8” Largo 450mm;Repl 94692E701 (3) Cuchillas 50” Ø 7/8” Largo 450mm;Minitractores;Minitractores;CUCHILLAS CONVENCIONALES Y TRITURADORAS;Murray;94692E701;Repl 94692E701 (3) Cuchillas 50” Ø 7/8” Largo 450mm;;Ø 7 | 450mm;;;;Cortadora de césped;Minitractor;Cuchillas;18;grilla;;;MINITRACTORES - CUCHILLAS CONVENCIONALES Y TRITURADORAS - MURRAY
3101290;completo;Repl 1737252BZYP (3) Cuchillas 52” Ø 7/8” Largo 465mm HUSTLER;Repl 1737252BZYP (3) Cuchillas 52” Ø 7/8” Largo 465mm HUSTLER;Minitractores;Minitractores;CUCHILLAS CONVENCIONALES Y TRITURADORAS;Hustler;1737252BZYP;Repl 1737252BZYP (3) Cuchillas 52” Ø 7/8” Largo 465mm HUSTLER;;Ø 7 | 465mm;;;;Cortadora de césped;Minitractor;Cuchillas;18;grilla;;;MINITRACTORES - CUCHILLAS CONVENCIONALES Y TRITURADORAS - MURRAY
3101296;falta_descripcion;Cuchillas reemplazos — AYP;;Minitractores;Minitractores;CUCHILLAS REEMPLAZOS;AYP | Poulan | Husqvarna;;;;;;;;Cortadora de césped;Minitractor;Cuchillas;16;grilla;categoria;;MINITRACTORES - CUCHILLAS REEMPLAZOS - HUSQVARNA / POULAN / AYP
3101297;falta_descripcion;Cuchillas reemplazos — AYP;;Minitractores;Minitractores;CUCHILLAS REEMPLAZOS;AYP | Poulan | Husqvarna;;;;;;;;Cortadora de césped;Minitractor;Cuchillas;16;grilla;categoria;;MINITRACTORES - CUCHILLAS REEMPLAZOS - HUSQVARNA / POULAN / AYP
3101298;completo;Cuchilla de cortacésped 5888110-02;Cuchilla de cortacésped 5888110-02;Minitractores;Minitractores;CUCHILLAS REEMPLAZOS;AYP | Poulan | Husqvarna;;Cuchilla de cortacésped 5888110-02;;;;;;Cortadora de césped;Minitractor;Cuchillas;16;grilla;;;MINITRACTORES - CUCHILLAS REEMPLAZOS - HUSQVARNA / POULAN / AYP
3101316;completo;"Repl 79-3061 (2) Cuchillas 38” Ø 16,00” Largo 490mm";"Repl 79-3061 (2) Cuchillas 38” Ø 16,00” Largo 490mm";Minitractores;Minitractores;CUCHILLAS REEMPLAZOS;John Deere;79-3061;"Repl 79-3061 (2) Cuchillas 38” Ø 16,00” Largo 490mm";;"Ø 16,00” | 490mm";;;;Cortadora de césped;Minitractor;Cuchillas;17;grilla;;;MINITRACTORES - CUCHILLAS REEMPLAZOS - JOHN DEERE
3101326;completo;"Repl 106636 (2) Cuchillas 42” Ø 19,00” Largo 533mm";"Repl 106636 (2) Cuchillas 42” Ø 19,00” Largo 533mm";Minitractores;Minitractores;CUCHILLAS REEMPLAZOS;John Deere;106636;"Repl 106636 (2) Cuchillas 42” Ø 19,00” Largo 533mm";;"Ø 19,00” | 533mm";;;;Cortadora de césped;Minitractor;Cuchillas;17;grilla;;;MINITRACTORES - CUCHILLAS REEMPLAZOS - JOHN DEERE
3101329;completo;"Repl 110-656803 (2) Cuchillas SS 4200 Ø 16,00” Largo 548mm";"Repl 110-656803 (2) Cuchillas SS 4200 Ø 16,00” Largo 548mm";Minitractores;Minitractores;CUCHILLAS REEMPLAZOS;John Deere;110-656803;"Repl 110-656803 (2) Cuchillas SS 4200 Ø 16,00” Largo 548mm";;"Ø 16,00” | 548mm";;;;Cortadora de césped;Minitractor;Cuchillas;17;grilla;;;MINITRACTORES - CUCHILLAS REEMPLAZOS - JOHN DEERE
3101338;completo;"Repl 115-5059-03 (3) Cuchillas SS 5000 Ø 16,00” Largo 442mm";"Repl 115-5059-03 (3) Cuchillas SS 5000 Ø 16,00” Largo 442mm";Minitractores;Minitractores;CUCHILLAS REEMPLAZOS;John Deere;115-5059-03;"Repl 115-5059-03 (3) Cuchillas SS 5000 Ø 16,00” Largo 442mm";;"Ø 16,00” | 442mm";;;;Cortadora de césped;Minitractor;Cuchillas;17;grilla;;;MINITRACTORES - CUCHILLAS REEMPLAZOS - JOHN DEERE
3101342;completo;Repl 115-9649-03 (3) Cuchillas Toro MX6050 Ø 11” Largo 525mm;Repl 115-9649-03 (3) Cuchillas Toro MX6050 Ø 11” Largo 525mm;Minitractores;Minitractores;CUCHILLAS REEMPLAZOS;Toro;115-9649-03;Repl 115-9649-03 (3) Cuchillas Toro MX6050 Ø 11” Largo 525mm;;Ø 11” | 525mm;;;;Cortadora de césped;Minitractor;Cuchillas;17;grilla;;;MINITRACTORES - CUCHILLAS REEMPLAZOS - JOHN DEERE
3101346;completo;Repl M84472 (2) Cuchillas 38” Ø 17.5 Largo 495mm;Repl M84472 (2) Cuchillas 38” Ø 17.5 Largo 495mm;Minitractores;Minitractores;CUCHILLAS REEMPLAZOS;John Deere;M84472;Repl M84472 (2) Cuchillas 38” Ø 17.5 Largo 495mm;;Ø 17.5 | 495mm;;3101346.jpg;muy_baja;Cortadora de césped;Minitractor;Cuchillas;17;grilla;;;MINITRACTORES - CUCHILLAS REEMPLAZOS - JOHN DEERE
3101350;completo;(2) Cuchillas 38” Ø 45/64” Largo 490mm (XX);(2) Cuchillas 38” Ø 45/64” Largo 490mm (XX);Minitractores;Minitractores;CUCHILLAS REEMPLAZOS;John Deere;;(2) Cuchillas 38” Ø 45/64” Largo 490mm (XX);;Ø 45 | 490mm;;3101350.jpg;muy_baja;Cortadora de césped;Minitractor;Cuchillas;17;grilla;;;MINITRACTORES - CUCHILLAS REEMPLAZOS - JOHN DEERE
3101356;completo;Repl GX 22151 (2) Cuchillas 42” Ø 7P Largo 533mm;Repl GX 22151 (2) Cuchillas 42” Ø 7P Largo 533mm;Minitractores;Minitractores;CUCHILLAS REEMPLAZOS;John Deere;;Repl GX 22151 (2) Cuchillas 42” Ø 7P Largo 533mm;;Ø 7 | 533mm;;;;Cortadora de césped;Minitractor;Cuchillas;17;grilla;;;MINITRACTORES - CUCHILLAS REEMPLAZOS - JOHN DEERE
3101360;completo;(2) Cuchillas 42” Ø 7P Largo 540mm (XX);(2) Cuchillas 42” Ø 7P Largo 540mm (XX);Minitractores;Minitractores;CUCHILLAS REEMPLAZOS;John Deere;;(2) Cuchillas 42” Ø 7P Largo 540mm (XX);;Ø 7 | 540mm;;;;Cortadora de césped;Minitractor;Cuchillas;17;grilla;;;MINITRACTORES - CUCHILLAS REEMPLAZOS - JOHN DEERE
3101366;completo;Repl M127500 (3) Cuchillas 48” Ø 20.6” Largo 432mm;Repl M127500 (3) Cuchillas 48” Ø 20.6” Largo 432mm;Minitractores;Minitractores;CUCHILLAS REEMPLAZOS;John Deere;M127500;Repl M127500 (3) Cuchillas 48” Ø 20.6” Largo 432mm;;Ø 20.6” | 432mm;;;;Cortadora de césped;Minitractor;Cuchillas;17;grilla;;;MINITRACTORES - CUCHILLAS REEMPLAZOS - JOHN DEERE
3101367;completo;Repl GX 21784 (3) Cuchillas 48” Ø 7P Largo 432mm (X);Repl GX 21784 (3) Cuchillas 48” Ø 7P Largo 432mm (X);Minitractores;Minitractores;CUCHILLAS REEMPLAZOS;John Deere;;Repl GX 21784 (3) Cuchillas 48” Ø 7P Largo 432mm (X);;Ø 7 | 432mm;;;;Cortadora de césped;Minitractor;Cuchillas;17;grilla;;;MINITRACTORES - CUCHILLAS REEMPLAZOS - JOHN DEERE
3101370;completo;(3) Cuchillas 48” Ø 7P Largo 432mm (XX) TORO;(3) Cuchillas 48” Ø 7P Largo 432mm (XX) TORO;Minitractores;Minitractores;CUCHILLAS REEMPLAZOS;Toro;;(3) Cuchillas 48” Ø 7P Largo 432mm (XX) TORO;;Ø 7 | 432mm;;;;Cortadora de césped;Minitractor;Cuchillas;17;grilla;;;MINITRACTORES - CUCHILLAS REEMPLAZOS - JOHN DEERE
3101376;completo;Repl M76467 (3) Cuchillas 54” Ø 20.6” Largo 473mm;Repl M76467 (3) Cuchillas 54” Ø 20.6” Largo 473mm;Minitractores;Minitractores;CUCHILLAS REEMPLAZOS;John Deere;M76467;Repl M76467 (3) Cuchillas 54” Ø 20.6” Largo 473mm;;Ø 20.6” | 473mm;;;;Cortadora de césped;Minitractor;Cuchillas;17;grilla;;;MINITRACTORES - CUCHILLAS REEMPLAZOS - JOHN DEERE
3101380;completo;(3) Cuchillas 54” Ø 51/64” Largo 474mm (XX);(3) Cuchillas 54” Ø 51/64” Largo 474mm (XX);Minitractores;Minitractores;CUCHILLAS REEMPLAZOS;John Deere;;(3) Cuchillas 54” Ø 51/64” Largo 474mm (XX);;Ø 51 | 474mm;;;;Cortadora de césped;Minitractor;Cuchillas;17;grilla;;;MINITRACTORES - CUCHILLAS REEMPLAZOS - JOHN DEERE
3101385;completo;Repl M41967 (3) Cuchillas Sabre 46” Ø 11/16” Largo 404mm;Repl M41967 (3) Cuchillas Sabre 46” Ø 11/16” Largo 404mm;Minitractores;Minitractores;CUCHILLAS REEMPLAZOS;John Deere;M41967;Repl M41967 (3) Cuchillas Sabre 46” Ø 11/16” Largo 404mm;;Ø 11 | 404mm;;;;Cortadora de césped;Minitractor;Cuchillas;17;grilla;;;MINITRACTORES - CUCHILLAS REEMPLAZOS - JOHN DEERE
3101448;completo;Repl 48007700 (3) TC 480 Ø 3/4” Largo 430mm;Repl 48007700 (3) TC 480 Ø 3/4” Largo 430mm;Minitractores;Minitractores;CUCHILLAS CARONI;Caroni;48007700;Repl 48007700 (3) TC 480 Ø 3/4” Largo 430mm;;Ø 3 | 430mm;;3101448.jpg;muy_baja;Cortadora de césped;Minitractor;Cuchillas;19;grilla;;;MINITRACTORES - CUCHILLAS CARONI
3101449;completo;Repl 59006200 (3) TC 590 Ø 3/4” Largo 510mm;Repl 59006200 (3) TC 590 Ø 3/4” Largo 510mm;Minitractores;Minitractores;CUCHILLAS CARONI;Caroni;59006200;Repl 59006200 (3) TC 590 Ø 3/4” Largo 510mm;;Ø 3 | 510mm;;;;Cortadora de césped;Minitractor;Cuchillas;19;grilla;;;MINITRACTORES - CUCHILLAS CARONI
3101450;completo;Repl 71001000 (3) TC 710 Ø 3/4” Largo 610mm;Repl 71001000 (3) TC 710 Ø 3/4” Largo 610mm;Minitractores;Minitractores;CUCHILLAS CARONI;Caroni;71001000;Repl 71001000 (3) TC 710 Ø 3/4” Largo 610mm;;Ø 3 | 610mm;;;;Cortadora de césped;Minitractor;Cuchillas;19;grilla;;;MINITRACTORES - CUCHILLAS CARONI
3101463;completo;Repl 793794X (2) Cuchillas 42” Ø 5/8” Largo 520mm X = Trituradora…;Repl 793794X (2) Cuchillas 42” Ø 5/8” Largo 520mm X = Trituradora XX= Trituradora Mulcher.;Minitractores;Minitractores;CUCHILLAS CONVENCIONALES Y TRITURADORAS;Murray;793794X;Repl 793794X (2) Cuchillas 42” Ø 5/8” Largo 520mm X = Trituradora XX= Trituradora Mulcher.;;Ø 5 | 520mm;;;;Cortadora de césped;Minitractor;Cuchillas;18;grilla;;;MINITRACTORES - CUCHILLAS CONVENCIONALES Y TRITURADORAS - MURRAY
3101464;completo;Repl 601123X (3) Cuchillas 48” Ø 5/8”Largo 419mm Cantidad de…;Repl 601123X (3) Cuchillas 48” Ø 5/8”Largo 419mm Cantidad de cuchillas por juego= (1)-(2)-(3).;Minitractores;Minitractores;CUCHILLAS CONVENCIONALES Y TRITURADORAS;Murray;601123X;Repl 601123X (3) Cuchillas 48” Ø 5/8”Largo 419mm Cantidad de cuchillas por juego= (1)-(2)-(3).;;Ø 5 | 419mm;;;;Cortadora de césped;Minitractor;Cuchillas;18;grilla;;;MINITRACTORES - CUCHILLAS CONVENCIONALES Y TRITURADORAS - MURRAY
3101465;completo;Repl 601124X (3) Cuchillas 54” Ø 5/8” Largo 470mm;Repl 601124X (3) Cuchillas 54” Ø 5/8” Largo 470mm;Minitractores;Minitractores;CUCHILLAS CONVENCIONALES Y TRITURADORAS;Murray;601124X;Repl 601124X (3) Cuchillas 54” Ø 5/8” Largo 470mm;;Ø 5 | 470mm;;;;Cortadora de césped;Minitractor;Cuchillas;18;grilla;;;MINITRACTORES - CUCHILLAS CONVENCIONALES Y TRITURADORAS - MURRAY
3101466;completo;Repl 600901X (3) Cuchillas 60” Ø 5/8” Largo 520mm;Repl 600901X (3) Cuchillas 60” Ø 5/8” Largo 520mm;Minitractores;Minitractores;CUCHILLAS CONVENCIONALES Y TRITURADORAS;Murray;600901X;Repl 600901X (3) Cuchillas 60” Ø 5/8” Largo 520mm;;Ø 5 | 520mm;;;;Cortadora de césped;Minitractor;Cuchillas;18;grilla;;;MINITRACTORES - CUCHILLAS CONVENCIONALES Y TRITURADORAS - MURRAY
3101467;completo;Repl 603995X (3) Cuchillas 52” Ø 5/8” Largo 453mm;Repl 603995X (3) Cuchillas 52” Ø 5/8” Largo 453mm;Minitractores;Minitractores;CUCHILLAS CONVENCIONALES Y TRITURADORAS;Murray;603995X;Repl 603995X (3) Cuchillas 52” Ø 5/8” Largo 453mm;;Ø 5 | 453mm;;;;Cortadora de césped;Minitractor;Cuchillas;18;grilla;;;MINITRACTORES - CUCHILLAS CONVENCIONALES Y TRITURADORAS - MURRAY
3102607;completo;Torreta Completa;Torreta Completa Repl- 618-04129 Polea 125mm;Máquinas de cortar césped;;TORRETAS CARCASAS EJES;MTD | Yard Machines | Cub Cadet;618-04129;Torreta Completa Repl- 618-04129 Polea 125mm;;125mm;;3102607.jpg;baja;Cortadora de césped;Minitractor;Torretas;144;grilla;;;TORRETAS CARCASAS EJES - MTD / CUB CADET / YARD MACHINES
3102610;completo;Torreta Completa 918-0138 38”/42”;Torreta Completa 918-0138 38”/42”;Máquinas de cortar césped;;TORRETAS CARCASAS EJES;MTD | Yard Machines | Cub Cadet;;Torreta Completa 918-0138 38”/42”;;;;3102610.jpg;baja;Cortadora de césped;Minitractor;Torretas;144;grilla;;;TORRETAS CARCASAS EJES - MTD / CUB CADET / YARD MACHINES
3102611;completo;Carcasa Torreta 618-0138 38”/42”;Carcasa Torreta 618-0138 38”/42”;Máquinas de cortar césped;;TORRETAS CARCASAS EJES;MTD | Yard Machines | Cub Cadet;;Carcasa Torreta 618-0138 38”/42”;;;;3102611.jpg;baja;Cortadora de césped;Minitractor;Torretas;144;grilla;;;TORRETAS CARCASAS EJES - MTD / CUB CADET / YARD MACHINES
3102612;falta_descripcion_con_foto;Torretas carcasas ejes — MTD;;Máquinas de cortar césped;;TORRETAS CARCASAS EJES;MTD | Yard Machines | Cub Cadet;;;;;;3102612.jpg;baja;Cortadora de césped;Minitractor;Torretas;144;grilla;categoria;;TORRETAS CARCASAS EJES - MTD / CUB CADET / YARD MACHINES
3102613;completo;Torreta Completa;Torreta Completa Repl-918-04825;Máquinas de cortar césped;;TORRETAS CARCASAS EJES;MTD | Yard Machines | Cub Cadet;918-04825;Torreta Completa Repl-918-04825;;;;3102613.jpg;baja;Cortadora de césped;Minitractor;Torretas;144;grilla;;;TORRETAS CARCASAS EJES - MTD / CUB CADET / YARD MACHINES
3102614;completo;Carcasa de Torreta;Carcasa de Torreta Repl 918-04825;Máquinas de cortar césped;;TORRETAS CARCASAS EJES;MTD | Yard Machines | Cub Cadet;918-04825;Carcasa de Torreta Repl 918-04825;;;;3102614.jpg;baja;Cortadora de césped;Minitractor;Torretas;144;grilla;;;TORRETAS CARCASAS EJES - MTD / CUB CADET / YARD MACHINES
3102615;falta_descripcion_con_foto;Torretas carcasas ejes — MTD;;Máquinas de cortar césped;;TORRETAS CARCASAS EJES;MTD | Yard Machines | Cub Cadet;;;;;;3102615.jpg;baja;Cortadora de césped;Minitractor;Torretas;144;grilla;categoria;;TORRETAS CARCASAS EJES - MTD / CUB CADET / YARD MACHINES
3102616;falta_descripcion_con_foto;Torretas carcasas ejes — MTD;;Máquinas de cortar césped;;TORRETAS CARCASAS EJES;MTD | Yard Machines | Cub Cadet;;;;;;3102616.jpg;baja;Cortadora de césped;Minitractor;Torretas;144;grilla;categoria;;TORRETAS CARCASAS EJES - MTD / CUB CADET / YARD MACHINES
3102617;falta_descripcion_con_foto;Torretas carcasas ejes — MTD;;Máquinas de cortar césped;;TORRETAS CARCASAS EJES;MTD | Yard Machines | Cub Cadet;;;;;;3102617.jpg;baja;Cortadora de césped;Minitractor;Torretas;144;grilla;categoria;;TORRETAS CARCASAS EJES - MTD / CUB CADET / YARD MACHINES
3102618;falta_descripcion_con_foto;Torretas carcasas ejes — MTD;;Máquinas de cortar césped;;TORRETAS CARCASAS EJES;MTD | Yard Machines | Cub Cadet;;;;;;3102618.jpg;baja;Cortadora de césped;Minitractor;Torretas;144;grilla;categoria;;TORRETAS CARCASAS EJES - MTD / CUB CADET / YARD MACHINES
3102619;completo;Torreta Completa 918-0574 42” Serie 600;Torreta Completa 918-0574 42” Serie 600;Máquinas de cortar césped;;TORRETAS CARCASAS EJES;MTD | Yard Machines | Cub Cadet;;Torreta Completa 918-0574 42” Serie 600;;;;3102619.jpg;baja;Cortadora de césped;Minitractor;Torretas;144;grilla;;;TORRETAS CARCASAS EJES - MTD / CUB CADET / YARD MACHINES
3102620;completo;Carcasa de Torreta;Carcasa de Torreta Repl-918-0574;Máquinas de cortar césped;;TORRETAS CARCASAS EJES;MTD | Yard Machines | Cub Cadet;918-0574;Carcasa de Torreta Repl-918-0574;;;;3102620.jpg;baja;Cortadora de césped;Minitractor;Torretas;144;grilla;;;TORRETAS CARCASAS EJES - MTD / CUB CADET / YARD MACHINES
3102621;falta_descripcion_con_foto;Torretas carcasas ejes — MTD;;Máquinas de cortar césped;;TORRETAS CARCASAS EJES;MTD | Yard Machines | Cub Cadet;;;;;;3102621.jpg;baja;Cortadora de césped;Minitractor;Torretas;144;grilla;categoria;;TORRETAS CARCASAS EJES - MTD / CUB CADET / YARD MACHINES
3102622;completo;Torreta Completa 918-0240 46” Eje Macho;Torreta Completa 918-0240 46” Eje Macho;Máquinas de cortar césped;;TORRETAS CARCASAS EJES;MTD | Yard Machines | Cub Cadet;;Torreta Completa 918-0240 46” Eje Macho;;;;3102622.jpg;baja;Cortadora de césped;Minitractor;Torretas;144;grilla;;;TORRETAS CARCASAS EJES - MTD / CUB CADET / YARD MACHINES
3102624;completo;Torreta Completa 918-0241 46” Eje Macho;Torreta Completa 918-0241 46” Eje Macho;Máquinas de cortar césped;;TORRETAS CARCASAS EJES;MTD | Yard Machines | Cub Cadet;;Torreta Completa 918-0241 46” Eje Macho;;;;3102624.jpg;baja;Cortadora de césped;Minitractor;Torretas;144;grilla;;;TORRETAS CARCASAS EJES - MTD / CUB CADET / YARD MACHINES
3102626;completo;Torreta Completa 918-0116 46” Eje Hembra;Torreta Completa 918-0116 46” Eje Hembra;Máquinas de cortar césped;;TORRETAS CARCASAS EJES;MTD | Yard Machines | Cub Cadet;;Torreta Completa 918-0116 46” Eje Hembra;;;;;;Cortadora de césped;Minitractor;Torretas;144;grilla;;;TORRETAS CARCASAS EJES - MTD / CUB CADET / YARD MACHINES
3102628;completo;Torreta Completa 918-0117 46” Eje Hembra;Torreta Completa 918-0117 46” Eje Hembra;Máquinas de cortar césped;;TORRETAS CARCASAS EJES;MTD | Yard Machines | Cub Cadet;;Torreta Completa 918-0117 46” Eje Hembra;;;;;;Cortadora de césped;Minitractor;Torretas;144;grilla;;;TORRETAS CARCASAS EJES - MTD / CUB CADET / YARD MACHINES
3102631;completo;Torreta Completa;"Torreta Completa Repl 918-04822 Rzt 42""-50""";Máquinas de cortar césped;;TORRETAS CARCASAS EJES;MTD | Yard Machines | Cub Cadet;918-04822;"Torreta Completa Repl 918-04822 Rzt 42""-50""";;;;3102631.jpg;baja;Cortadora de césped;Minitractor;Torretas;144;grilla;;;TORRETAS CARCASAS EJES - MTD / CUB CADET / YARD MACHINES
3102632;falta_descripcion_con_foto;Torretas carcasas ejes — MTD;;Máquinas de cortar césped;;TORRETAS CARCASAS EJES;MTD | Yard Machines | Cub Cadet;;;;;;3102632.jpg;baja;Cortadora de césped;Minitractor;Torretas;144;grilla;categoria;;TORRETAS CARCASAS EJES - MTD / CUB CADET / YARD MACHINES
3102633;falta_descripcion_con_foto;Torretas carcasas ejes — MTD;;Máquinas de cortar césped;;TORRETAS CARCASAS EJES;MTD | Yard Machines | Cub Cadet;;;;;;3102633.jpg;baja;Cortadora de césped;Minitractor;Torretas;144;grilla;categoria;;TORRETAS CARCASAS EJES - MTD / CUB CADET / YARD MACHINES
3102635;falta_descripcion_con_foto;Torretas carcasas ejes — MTD;;Máquinas de cortar césped;;TORRETAS CARCASAS EJES;MTD | Yard Machines | Cub Cadet;;;;;;3102635.jpg;baja;Cortadora de césped;Minitractor;Torretas;145;grilla;categoria;;TORRETAS CARCASAS EJES - MTD / CUB CADET / YARD MACHINES
3102636;falta_descripcion_con_foto;Torretas carcasas ejes — MTD;;Máquinas de cortar césped;;TORRETAS CARCASAS EJES;MTD | Yard Machines | Cub Cadet;;;;;;3102636.jpg;baja;Cortadora de césped;Minitractor;Torretas;145;grilla;categoria;;TORRETAS CARCASAS EJES - MTD / CUB CADET / YARD MACHINES
3102640;falta_descripcion_con_foto;Torretas carcasas ejes — AYP;;Máquinas de cortar césped;;TORRETAS CARCASAS EJES;AYP | Poulan | Husqvarna;;;;;;3102640.jpg;media;Cortadora de césped;Minitractor;Torretas;143;grilla;categoria;;TORRETAS CARCASAS EJES - AYP / HQV / POULAN
3102641;falta_descripcion_con_foto;Torretas carcasas ejes — AYP;;Máquinas de cortar césped;;TORRETAS CARCASAS EJES;AYP | Poulan | Husqvarna;;;;;;3102641.jpg;media;Cortadora de césped;Minitractor;Torretas;143;grilla;categoria;;TORRETAS CARCASAS EJES - AYP / HQV / POULAN
3102642;falta_descripcion_con_foto;Torretas carcasas ejes — AYP;;Máquinas de cortar césped;;TORRETAS CARCASAS EJES;AYP | Poulan | Husqvarna;;;;;;3102642.jpg;media;Cortadora de césped;Minitractor;Torretas;143;grilla;categoria;;TORRETAS CARCASAS EJES - AYP / HQV / POULAN
3102643;falta_descripcion_con_foto;Torretas carcasas ejes — AYP;;Máquinas de cortar césped;;TORRETAS CARCASAS EJES;AYP | Poulan | Husqvarna;;;;;;3102643.jpg;media;Cortadora de césped;Minitractor;Torretas;143;grilla;categoria;;TORRETAS CARCASAS EJES - AYP / HQV / POULAN
3102644;falta_descripcion_con_foto;Torretas carcasas ejes — AYP;;Máquinas de cortar césped;;TORRETAS CARCASAS EJES;AYP | Poulan | Husqvarna;;;;;;3102644.jpg;media;Cortadora de césped;Minitractor;Torretas;143;grilla;categoria;;TORRETAS CARCASAS EJES - AYP / HQV / POULAN
3102645;falta_descripcion_con_foto;Torretas carcasas ejes — AYP;;Máquinas de cortar césped;;TORRETAS CARCASAS EJES;AYP | Poulan | Husqvarna;;;;;;3102645.jpg;media;Cortadora de césped;Minitractor;Torretas;143;grilla;categoria;;TORRETAS CARCASAS EJES - AYP / HQV / POULAN
3102646;falta_descripcion_con_foto;Torretas carcasas ejes — AYP;;Máquinas de cortar césped;;TORRETAS CARCASAS EJES;AYP | Poulan | Husqvarna;;;;;;3102646.jpg;media;Cortadora de césped;Minitractor;Torretas;143;grilla;categoria;;TORRETAS CARCASAS EJES - AYP / HQV / POULAN
3102647;falta_descripcion_con_foto;Torretas carcasas ejes — AYP;;Máquinas de cortar césped;;TORRETAS CARCASAS EJES;AYP | Poulan | Husqvarna;;;;;;3102647.jpg;media;Cortadora de césped;Minitractor;Torretas;143;grilla;categoria;;TORRETAS CARCASAS EJES - AYP / HQV / POULAN
3102648;falta_descripcion_con_foto;Torretas carcasas ejes — AYP;;Máquinas de cortar césped;;TORRETAS CARCASAS EJES;AYP | Poulan | Husqvarna;;;;;;3102648.jpg;media;Cortadora de césped;Minitractor;Torretas;143;grilla;categoria;;TORRETAS CARCASAS EJES - AYP / HQV / POULAN
3102649;falta_descripcion_con_foto;Torretas carcasas ejes — AYP;;Máquinas de cortar césped;;TORRETAS CARCASAS EJES;AYP | Poulan | Husqvarna;;;;;;3102649.jpg;media;Cortadora de césped;Minitractor;Torretas;143;grilla;categoria;;TORRETAS CARCASAS EJES - AYP / HQV / POULAN
3102650;falta_descripcion_con_foto;Torretas carcasas ejes — AYP;;Máquinas de cortar césped;;TORRETAS CARCASAS EJES;AYP | Poulan | Husqvarna;;;;;;3102650.jpg;media;Cortadora de césped;Minitractor;Torretas;143;grilla;categoria;;TORRETAS CARCASAS EJES - AYP / HQV / POULAN
3102651;falta_descripcion_con_foto;Torretas carcasas ejes — AYP;;Máquinas de cortar césped;;TORRETAS CARCASAS EJES;AYP | Poulan | Husqvarna;;;;;;3102651.jpg;media;Cortadora de césped;Minitractor;Torretas;143;grilla;categoria;;TORRETAS CARCASAS EJES - AYP / HQV / POULAN
3102659;falta_descripcion_con_foto;Torretas carcasas ejes — AYP;;Máquinas de cortar césped;;TORRETAS CARCASAS EJES;AYP | Poulan | Husqvarna;;;;;;3102659.jpg;media;Cortadora de césped;Minitractor;Torretas;143;grilla;categoria;;TORRETAS CARCASAS EJES - AYP / HQV / POULAN
3102670;falta_descripcion_con_foto;Torretas carcasas ejes — MTD;;Máquinas de cortar césped;;TORRETAS CARCASAS EJES;MTD | Yard Machines | Cub Cadet;;;;;;3102670.jpg;baja;Cortadora de césped;Minitractor;Torretas;145;grilla;categoria;;TORRETAS CARCASAS EJES - MTD / CUB CADET / YARD MACHINES
3102671;falta_descripcion_con_foto;Torretas carcasas ejes — MTD;;Máquinas de cortar césped;;TORRETAS CARCASAS EJES;MTD | Yard Machines | Cub Cadet;;;;;;3102671.jpg;baja;Cortadora de césped;Minitractor;Torretas;145;grilla;categoria;;TORRETAS CARCASAS EJES - MTD / CUB CADET / YARD MACHINES
3102672;falta_descripcion_con_foto;Torretas carcasas ejes — MTD;;Máquinas de cortar césped;;TORRETAS CARCASAS EJES;MTD | Yard Machines | Cub Cadet;;;;;;3102672.jpg;baja;Cortadora de césped;Minitractor;Torretas;145;grilla;categoria;;TORRETAS CARCASAS EJES - MTD / CUB CADET / YARD MACHINES
3102673;falta_descripcion_con_foto;Torretas carcasas ejes — MTD;;Máquinas de cortar césped;;TORRETAS CARCASAS EJES;MTD | Yard Machines | Cub Cadet;;;;;;3102673.jpg;baja;Cortadora de césped;Minitractor;Torretas;145;grilla;categoria;;TORRETAS CARCASAS EJES - MTD / CUB CADET / YARD MACHINES
3102674;falta_descripcion_con_foto;Torretas carcasas ejes — MTD;;Máquinas de cortar césped;;TORRETAS CARCASAS EJES;MTD | Yard Machines | Cub Cadet;;;;;;3102674.jpg;baja;Cortadora de césped;Minitractor;Torretas;145;grilla;categoria;;TORRETAS CARCASAS EJES - MTD / CUB CADET / YARD MACHINES
3102676;falta_descripcion_con_foto;Torretas carcasas ejes — MTD;;Máquinas de cortar césped;;TORRETAS CARCASAS EJES;MTD | Yard Machines | Cub Cadet;;;;;;3102676.jpg;baja;Cortadora de césped;Minitractor;Torretas;145;grilla;categoria;;TORRETAS CARCASAS EJES - MTD / CUB CADET / YARD MACHINES
3102680;falta_descripcion_con_foto;Torretas carcasas ejes — MTD;;Máquinas de cortar césped;;TORRETAS CARCASAS EJES;MTD | Yard Machines | Cub Cadet;;;;;;3102680.jpg;baja;Cortadora de césped;Minitractor;Torretas;145;grilla;categoria;;TORRETAS CARCASAS EJES - MTD / CUB CADET / YARD MACHINES
3102683;falta_descripcion_con_foto;Torretas carcasas ejes — MTD;;Máquinas de cortar césped;;TORRETAS CARCASAS EJES;MTD | Yard Machines | Cub Cadet;;;;;;3102683.jpg;baja;Cortadora de césped;Minitractor;Torretas;145;grilla;categoria;;TORRETAS CARCASAS EJES - MTD / CUB CADET / YARD MACHINES
3102686;falta_descripcion_con_foto;Torretas carcasas ejes — MTD;;Máquinas de cortar césped;;TORRETAS CARCASAS EJES;MTD | Yard Machines | Cub Cadet;;;;;;3102686.jpg;baja;Cortadora de césped;Minitractor;Torretas;145;grilla;categoria;;TORRETAS CARCASAS EJES - MTD / CUB CADET / YARD MACHINES
3102690;falta_descripcion_con_foto;Torretas carcasas ejes — MTD;;Máquinas de cortar césped;;TORRETAS CARCASAS EJES;MTD | Yard Machines | Cub Cadet;;;;;;3102690.jpg;baja;Cortadora de césped;Minitractor;Torretas;145;grilla;categoria;;TORRETAS CARCASAS EJES - MTD / CUB CADET / YARD MACHINES
3102693;falta_descripcion;Torretas carcasas ejes — MTD;;Máquinas de cortar césped;;TORRETAS CARCASAS EJES;MTD | Yard Machines | Cub Cadet;;;;;;;;Cortadora de césped;Minitractor;Torretas;145;grilla;categoria;;TORRETAS CARCASAS EJES - MTD / CUB CADET / YARD MACHINES
3102701;falta_descripcion_con_foto;Torretas carcasas ejes — MTD;;Máquinas de cortar césped;;TORRETAS CARCASAS EJES;MTD | Yard Machines | Cub Cadet;;;;;;3102701.jpg;baja;Cortadora de césped;Minitractor;Torretas;145;grilla;categoria;;TORRETAS CARCASAS EJES - MTD / CUB CADET / YARD MACHINES
3102704;falta_descripcion_con_foto;Torretas carcasas ejes — MTD;;Máquinas de cortar césped;;TORRETAS CARCASAS EJES;MTD | Yard Machines | Cub Cadet;;;;;;3102704.jpg;baja;Cortadora de césped;Minitractor;Torretas;145;grilla;categoria;;TORRETAS CARCASAS EJES - MTD / CUB CADET / YARD MACHINES
3103011;falta_descripcion_con_foto;Poleas — AYP;;Máquinas de cortar césped;;POLEAS;AYP | Poulan | Husqvarna;;;;;;3103011.jpg;baja;Cortadora de césped;Minitractor;Poleas;146;grilla;categoria;;POLEAS - AYP / HQV / POULAN
3103012;falta_descripcion_con_foto;Poleas — AYP;;Máquinas de cortar césped;;POLEAS;AYP | Poulan | Husqvarna;;;;;;3103012.jpg;baja;Cortadora de césped;Minitractor;Poleas;146;grilla;categoria;;POLEAS - AYP / HQV / POULAN
3103013;falta_descripcion_con_foto;Poleas — AYP;;Máquinas de cortar césped;;POLEAS;AYP | Poulan | Husqvarna;;;;;;3103013.jpg;baja;Cortadora de césped;Minitractor;Poleas;146;grilla;categoria;;POLEAS - AYP / HQV / POULAN
3103014;falta_descripcion_con_foto;Poleas — AYP;;Máquinas de cortar césped;;POLEAS;AYP | Poulan | Husqvarna;;;;;;3103014.jpg;baja;Cortadora de césped;Minitractor;Poleas;146;grilla;categoria;;POLEAS - AYP / HQV / POULAN
3103015;falta_descripcion_con_foto;Poleas — AYP;;Máquinas de cortar césped;;POLEAS;AYP | Poulan | Husqvarna;;;;;;3103015.jpg;baja;Cortadora de césped;Minitractor;Poleas;146;grilla;categoria;;POLEAS - AYP / HQV / POULAN
3103016;falta_descripcion_con_foto;Poleas — AYP;;Máquinas de cortar césped;;POLEAS;AYP | Poulan | Husqvarna;;;;;;3103016.jpg;baja;Cortadora de césped;Minitractor;Poleas;146;grilla;categoria;;POLEAS - AYP / HQV / POULAN
3103017;falta_descripcion_con_foto;Poleas — AYP;;Máquinas de cortar césped;;POLEAS;AYP | Poulan | Husqvarna;;;;;;3103017.jpg;baja;Cortadora de césped;Minitractor;Poleas;146;grilla;categoria;;POLEAS - AYP / HQV / POULAN
3103018;falta_descripcion_con_foto;Poleas — AYP;;Máquinas de cortar césped;;POLEAS;AYP | Poulan | Husqvarna;;;;;;3103018.jpg;baja;Cortadora de césped;Minitractor;Poleas;146;grilla;categoria;;POLEAS - AYP / HQV / POULAN
3103019;falta_descripcion_con_foto;Poleas — AYP;;Máquinas de cortar césped;;POLEAS;AYP | Poulan | Husqvarna;;;;;;3103019.jpg;baja;Cortadora de césped;Minitractor;Poleas;146;grilla;categoria;;POLEAS - AYP / HQV / POULAN
3103020;falta_descripcion_con_foto;Poleas — AYP;;Máquinas de cortar césped;;POLEAS;AYP | Poulan | Husqvarna;;;;;;3103020.jpg;baja;Cortadora de césped;Minitractor;Poleas;146;grilla;categoria;;POLEAS - AYP / HQV / POULAN
3103021;falta_descripcion_con_foto;Poleas — AYP;;Máquinas de cortar césped;;POLEAS;AYP | Poulan | Husqvarna;;;;;;3103021.jpg;baja;Cortadora de césped;Minitractor;Poleas;146;grilla;categoria;;POLEAS - AYP / HQV / POULAN
3103022;falta_descripcion_con_foto;Poleas — AYP;;Máquinas de cortar césped;;POLEAS;AYP | Poulan | Husqvarna;;;;;;3103022.jpg;baja;Cortadora de césped;Minitractor;Poleas;146;grilla;categoria;;POLEAS - AYP / HQV / POULAN
3103023;falta_descripcion_con_foto;Poleas — AYP;;Máquinas de cortar césped;;POLEAS;AYP | Poulan | Husqvarna;;;;;;3103023.jpg;baja;Cortadora de césped;Minitractor;Poleas;146;grilla;categoria;;POLEAS - AYP / HQV / POULAN
3103024;falta_descripcion_con_foto;Poleas — AYP;;Máquinas de cortar césped;;POLEAS;AYP | Poulan | Husqvarna;;;;;;3103024.jpg;baja;Cortadora de césped;Minitractor;Poleas;146;grilla;categoria;;POLEAS - AYP / HQV / POULAN
3103025;falta_descripcion_con_foto;Poleas — AYP;;Máquinas de cortar césped;;POLEAS;AYP | Poulan | Husqvarna;;;;;;3103025.jpg;baja;Cortadora de césped;Minitractor;Poleas;146;grilla;categoria;;POLEAS - AYP / HQV / POULAN
3103026;falta_descripcion_con_foto;Poleas — AYP;;Máquinas de cortar césped;;POLEAS;AYP | Poulan | Husqvarna;;;;;;3103026.jpg;baja;Cortadora de césped;Minitractor;Poleas;146;grilla;categoria;;POLEAS - AYP / HQV / POULAN
3103027;falta_descripcion_con_foto;Poleas — AYP;;Máquinas de cortar césped;;POLEAS;AYP | Poulan | Husqvarna;;;;;;3103027.jpg;baja;Cortadora de césped;Minitractor;Poleas;146;grilla;categoria;;POLEAS - AYP / HQV / POULAN
3103031;falta_descripcion_con_foto;Poleas — Husqvarna;;Máquinas de cortar césped;;POLEAS;Husqvarna;;;;;;3103031.jpg;baja;Cortadora de césped;Minitractor;Poleas;147;grilla;categoria;;POLEAS - HUSQVARNA
3103032;completo;"POLEA EN ""V"" 539113962 Polea";"POLEA EN ""V"" 539113962 Polea REPL Polea REPL 532173434 532175820";Máquinas de cortar césped;;POLEAS;Husqvarna;532173434;"POLEA EN ""V"" 539113962 Polea REPL Polea REPL 532173434 532175820";;;;3103032.jpg;baja;Cortadora de césped;Minitractor;Poleas;147;grilla;;;POLEAS - HUSQVARNA
3103033;completo;Polea Tensora 532177968;Polea Tensora 532177968;Máquinas de cortar césped;;POLEAS;Husqvarna;;Polea Tensora 532177968;;;;3103033.jpg;baja;Cortadora de césped;Minitractor;Poleas;147;grilla;;;POLEAS - HUSQVARNA
3103034;completo;Polea Tensora;Polea Tensora REPL 539976688;Máquinas de cortar césped;;POLEAS;Husqvarna;539976688;Polea Tensora REPL 539976688;;;;3103034.jpg;baja;Cortadora de césped;Minitractor;Poleas;147;grilla;;;POLEAS - HUSQVARNA
3103035;completo;Polea Tensora 539110311;Polea Tensora 539110311;Máquinas de cortar césped;;POLEAS;Husqvarna;;Polea Tensora 539110311;;;;3103035.jpg;baja;Cortadora de césped;Minitractor;Poleas;147;grilla;;;POLEAS - HUSQVARNA
3103036;completo;"Polea en ""V"" 539113962 TORO";"Polea en ""V"" 539113962 TORO";Máquinas de cortar césped;;POLEAS;Toro;;"Polea en ""V"" 539113962 TORO";;;;3103036.jpg;baja;Cortadora de césped;Minitractor;Poleas;147;grilla;;;POLEAS - HUSQVARNA
3103111;falta_descripcion_con_foto;Poleas — MTD;;Máquinas de cortar césped;;POLEAS;MTD | Yard Machines | Cub Cadet;;;;;;3103111.jpg;baja;Cortadora de césped;Minitractor;Poleas;148;grilla;categoria;;POLEAS - MTD / CUB CADET / YARD MACHINES / CRAFTMAN
3103112;falta_descripcion_con_foto;Poleas — MTD;;Máquinas de cortar césped;;POLEAS;MTD | Yard Machines | Cub Cadet;;;;;;3103112.jpg;baja;Cortadora de césped;Minitractor;Poleas;148;grilla;categoria;;POLEAS - MTD / CUB CADET / YARD MACHINES / CRAFTMAN
3103113;falta_descripcion_con_foto;Poleas — MTD;;Máquinas de cortar césped;;POLEAS;MTD | Yard Machines | Cub Cadet;;;;;;3103113.jpg;baja;Cortadora de césped;Minitractor;Poleas;148;grilla;categoria;;POLEAS - MTD / CUB CADET / YARD MACHINES / CRAFTMAN
3103114;falta_descripcion_con_foto;Poleas — MTD;;Máquinas de cortar césped;;POLEAS;MTD | Yard Machines | Cub Cadet;;;;;;3103114.jpg;baja;Cortadora de césped;Minitractor;Poleas;148;grilla;categoria;;POLEAS - MTD / CUB CADET / YARD MACHINES / CRAFTMAN
3103115;falta_descripcion_con_foto;Poleas — MTD;;Máquinas de cortar césped;;POLEAS;MTD | Yard Machines | Cub Cadet;;;;;;3103115.jpg;baja;Cortadora de césped;Minitractor;Poleas;148;grilla;categoria;;POLEAS - MTD / CUB CADET / YARD MACHINES / CRAFTMAN
3103116;falta_descripcion_con_foto;Poleas — MTD;;Máquinas de cortar césped;;POLEAS;MTD | Yard Machines | Cub Cadet;;;;;;3103116.jpg;baja;Cortadora de césped;Minitractor;Poleas;148;grilla;categoria;;POLEAS - MTD / CUB CADET / YARD MACHINES / CRAFTMAN
3103117;falta_descripcion_con_foto;Poleas — MTD;;Máquinas de cortar césped;;POLEAS;MTD | Yard Machines | Cub Cadet;;;;;;3103117.jpg;baja;Cortadora de césped;Minitractor;Poleas;148;grilla;categoria;;POLEAS - MTD / CUB CADET / YARD MACHINES / CRAFTMAN
3103118;falta_descripcion_con_foto;Poleas — MTD;;Máquinas de cortar césped;;POLEAS;MTD | Yard Machines | Cub Cadet;;;;;;3103118.jpg;baja;Cortadora de césped;Minitractor;Poleas;148;grilla;categoria;;POLEAS - MTD / CUB CADET / YARD MACHINES / CRAFTMAN
3103119;falta_descripcion_con_foto;Poleas — MTD;;Máquinas de cortar césped;;POLEAS;MTD | Yard Machines | Cub Cadet;;;;;;3103119.jpg;baja;Cortadora de césped;Minitractor;Poleas;148;grilla;categoria;;POLEAS - MTD / CUB CADET / YARD MACHINES / CRAFTMAN
3103120;falta_descripcion_con_foto;Poleas — MTD;;Máquinas de cortar césped;;POLEAS;MTD | Yard Machines | Cub Cadet;;;;;;3103120.jpg;baja;Cortadora de césped;Minitractor;Poleas;148;grilla;categoria;;POLEAS - MTD / CUB CADET / YARD MACHINES / CRAFTMAN
3103121;falta_descripcion_con_foto;Poleas — MTD;;Máquinas de cortar césped;;POLEAS;MTD | Yard Machines | Cub Cadet;;;;;;3103121.jpg;baja;Cortadora de césped;Minitractor;Poleas;148;grilla;categoria;;POLEAS - MTD / CUB CADET / YARD MACHINES / CRAFTMAN
3103122;falta_descripcion_con_foto;Poleas — MTD;;Máquinas de cortar césped;;POLEAS;MTD | Yard Machines | Cub Cadet;;;;;;3103122.jpg;baja;Cortadora de césped;Minitractor;Poleas;148;grilla;categoria;;POLEAS - MTD / CUB CADET / YARD MACHINES / CRAFTMAN
3103123;completo;"Polea “V” Plataforma Polea en ""V"" Polea Tensora 756-05038…";"Polea “V” Plataforma Polea en ""V"" Polea Tensora 756-05038 756-04356 756-04511B 5,5"" Diam.";Máquinas de cortar césped;;POLEAS;MTD | Yard Machines | Cub Cadet;;"Polea “V” Plataforma Polea en ""V"" Polea Tensora 756-05038 756-04356 756-04511B 5,5"" Diam.";;;;;;Cortadora de césped;Minitractor;Poleas;148;grilla;;;POLEAS - MTD / CUB CADET / YARD MACHINES / CRAFTMAN
3103124;falta_descripcion_con_foto;Poleas — MTD;;Máquinas de cortar césped;;POLEAS;MTD | Yard Machines | Cub Cadet;;;;;;3103124.jpg;baja;Cortadora de césped;Minitractor;Poleas;148;grilla;categoria;;POLEAS - MTD / CUB CADET / YARD MACHINES / CRAFTMAN
3103125;falta_descripcion_con_foto;Poleas — MTD;;Máquinas de cortar césped;;POLEAS;MTD | Yard Machines | Cub Cadet;;;;;;3103125.jpg;baja;Cortadora de césped;Minitractor;Poleas;148;grilla;categoria;;POLEAS - MTD / CUB CADET / YARD MACHINES / CRAFTMAN
3103126;falta_descripcion_con_foto;Poleas — MTD;;Máquinas de cortar césped;;POLEAS;MTD | Yard Machines | Cub Cadet;;;;;;3103126.jpg;baja;Cortadora de césped;Minitractor;Poleas;148;grilla;categoria;;POLEAS - MTD / CUB CADET / YARD MACHINES / CRAFTMAN
3103127;falta_descripcion_con_foto;Poleas — MTD;;Máquinas de cortar césped;;POLEAS;MTD | Yard Machines | Cub Cadet;;;;;;3103127.jpg;baja;Cortadora de césped;Minitractor;Poleas;148;grilla;categoria;;POLEAS - MTD / CUB CADET / YARD MACHINES / CRAFTMAN
3103128;falta_descripcion_con_foto;Poleas — MTD;;Máquinas de cortar césped;;POLEAS;MTD | Yard Machines | Cub Cadet;;;;;;3103128.jpg;baja;Cortadora de césped;Minitractor;Poleas;148;grilla;categoria;;POLEAS - MTD / CUB CADET / YARD MACHINES / CRAFTMAN
3103129;completo;Variador Trans;Variador Trans Repl Mtd 956-04015;Máquinas de cortar césped;;POLEAS;MTD;;Variador Trans Repl Mtd 956-04015;;;;;;Cortadora de césped;Minitractor;Poleas;147;grilla;;;POLEAS - HUSQVARNA
3103132;falta_descripcion_con_foto;Poleas — MTD;;Máquinas de cortar césped;;POLEAS;MTD | Yard Machines | Cub Cadet;;;;;;3103132.jpg;baja;Cortadora de césped;Minitractor;Poleas;148;grilla;categoria;;POLEAS - MTD / CUB CADET / YARD MACHINES / CRAFTMAN
3103133;falta_descripcion_con_foto;Poleas — MTD;;Máquinas de cortar césped;;POLEAS;MTD | Yard Machines | Cub Cadet;;;;;;3103133.jpg;baja;Cortadora de césped;Minitractor;Poleas;148;grilla;categoria;;POLEAS - MTD / CUB CADET / YARD MACHINES / CRAFTMAN
3103200;completo;Polea Tensora 116-3626 1-603843;Polea Tensora 116-3626 1-603843;Máquinas de cortar césped;;POLEAS;Husqvarna;;Polea Tensora 116-3626 1-603843;;;;3103200.jpg;baja;Cortadora de césped;Minitractor;Poleas;147;grilla;;;POLEAS - HUSQVARNA
3103203;falta_descripcion_con_foto;Poleas — Husqvarna;;Máquinas de cortar césped;;POLEAS;Husqvarna;;;;;;3103203.jpg;baja;Cortadora de césped;Minitractor;Poleas;147;grilla;categoria;;POLEAS - HUSQVARNA
3103501;falta_descripcion_con_foto;Electroembragues — MTD;;Máquinas de cortar césped;;ELECTROEMBRAGUES;MTD | Cub Cadet | Toro;;;;;;3103501.jpg;media;Cortadora de césped;Minitractor;Poleas;149;grilla;categoria;;ELECTROEMBRAGUES - MTD / CUB CADET / TORO
3103502;completo;MTD / /;MTD / /;Máquinas de cortar césped;;ELECTROEMBRAGUES;MTD;;MTD / /;;;;3103502.jpg;media;Cortadora de césped;Minitractor;Poleas;149;grilla;;;ELECTROEMBRAGUES - MTD / CUB CADET / TORO
3103503;falta_descripcion_con_foto;Electroembragues — MTD;;Máquinas de cortar césped;;ELECTROEMBRAGUES;MTD | Cub Cadet | Toro;;;;;;3103503.jpg;media;Cortadora de césped;Minitractor;Poleas;149;grilla;categoria;;ELECTROEMBRAGUES - MTD / CUB CADET / TORO
3103504;falta_descripcion_con_foto;Electroembragues — MTD;;Máquinas de cortar césped;;ELECTROEMBRAGUES;MTD | Cub Cadet | Toro;;;;;;3103504.jpg;media;Cortadora de césped;Minitractor;Poleas;149;grilla;categoria;;ELECTROEMBRAGUES - MTD / CUB CADET / TORO
3103505;falta_descripcion_con_foto;Electroembragues — MTD;;Máquinas de cortar césped;;ELECTROEMBRAGUES;MTD | Cub Cadet | Toro;;;;;;3103505.jpg;media;Cortadora de césped;Minitractor;Poleas;149;grilla;categoria;;ELECTROEMBRAGUES - MTD / CUB CADET / TORO
3103506;falta_descripcion_con_foto;Electroembragues — MTD;;Máquinas de cortar césped;;ELECTROEMBRAGUES;MTD | Cub Cadet | Toro;;;;;;3103506.jpg;media;Cortadora de césped;Minitractor;Poleas;149;grilla;categoria;;ELECTROEMBRAGUES - MTD / CUB CADET / TORO
3103510;falta_descripcion_con_foto;Electroembragues — MTD;;Máquinas de cortar césped;;ELECTROEMBRAGUES;MTD | Cub Cadet | Toro;;;;;;3103510.jpg;media;Cortadora de césped;Minitractor;Poleas;149;grilla;categoria;;ELECTROEMBRAGUES - MTD / CUB CADET / TORO
3103511;falta_descripcion_con_foto;Electroembragues — MTD;;Máquinas de cortar césped;;ELECTROEMBRAGUES;MTD | Cub Cadet | Toro;;;;;;3103511.jpg;media;Cortadora de césped;Minitractor;Poleas;149;grilla;categoria;;ELECTROEMBRAGUES - MTD / CUB CADET / TORO
3103520;falta_descripcion_con_foto;Electroembragues — MTD;;Máquinas de cortar césped;;ELECTROEMBRAGUES;MTD | Cub Cadet | Toro;;;;;;3103520.jpg;media;Cortadora de césped;Minitractor;Poleas;149;grilla;categoria;;ELECTROEMBRAGUES - MTD / CUB CADET / TORO
3103521;falta_descripcion_con_foto;Electroembragues — MTD;;Máquinas de cortar césped;;ELECTROEMBRAGUES;MTD | Cub Cadet | Toro;;;;;;3103521.jpg;media;Cortadora de césped;Minitractor;Poleas;149;grilla;categoria;;ELECTROEMBRAGUES - MTD / CUB CADET / TORO
3103522;falta_descripcion_con_foto;Electroembragues — MTD;;Máquinas de cortar césped;;ELECTROEMBRAGUES;MTD | Cub Cadet | Toro;;;;;;3103522.jpg;media;Cortadora de césped;Minitractor;Poleas;149;grilla;categoria;;ELECTROEMBRAGUES - MTD / CUB CADET / TORO
3103523;falta_descripcion_con_foto;Electroembragues — MTD;;Máquinas de cortar césped;;ELECTROEMBRAGUES;MTD | Cub Cadet | Toro;;;;;;3103523.jpg;media;Cortadora de césped;Minitractor;Poleas;149;grilla;categoria;;ELECTROEMBRAGUES - MTD / CUB CADET / TORO
3103524;falta_descripcion_con_foto;Electroembragues — MTD;;Máquinas de cortar césped;;ELECTROEMBRAGUES;MTD | Cub Cadet | Toro;;;;;;3103524.jpg;media;Cortadora de césped;Minitractor;Poleas;149;grilla;categoria;;ELECTROEMBRAGUES - MTD / CUB CADET / TORO
3103525;falta_descripcion_con_foto;Electroembragues — MTD;;Máquinas de cortar césped;;ELECTROEMBRAGUES;MTD | Cub Cadet | Toro;;;;;;3103525.jpg;media;Cortadora de césped;Minitractor;Poleas;149;grilla;categoria;;ELECTROEMBRAGUES - MTD / CUB CADET / TORO
3103550;falta_descripcion_con_foto;Electroembragues — John Deere;;Máquinas de cortar césped;;ELECTROEMBRAGUES;John Deere;;;;;;3103550.jpg;baja;Cortadora de césped;Minitractor;Poleas;150;grilla;categoria;;ELECTROEMBRAGUES - JOHN DEERE
3103551;completo;INTERRUPTOR DE;INTERRUPTOR DE;Máquinas de cortar césped;;ELECTROEMBRAGUES;John Deere;;INTERRUPTOR DE;;;;3103551.jpg;baja;Cortadora de césped;Minitractor;Poleas;150;grilla;;;ELECTROEMBRAGUES - JOHN DEERE
3103552;falta_descripcion_con_foto;Electroembragues — John Deere;;Máquinas de cortar césped;;ELECTROEMBRAGUES;John Deere;;;;;;3103552.jpg;baja;Cortadora de césped;Minitractor;Poleas;150;grilla;categoria;;ELECTROEMBRAGUES - JOHN DEERE
3103553;falta_descripcion_con_foto;Electroembragues — John Deere;;Máquinas de cortar césped;;ELECTROEMBRAGUES;John Deere;;;;;;3103553.jpg;baja;Cortadora de césped;Minitractor;Poleas;150;grilla;categoria;;ELECTROEMBRAGUES - JOHN DEERE
3103570;falta_descripcion_con_foto;Electroembragues — MTD;;Máquinas de cortar césped;;ELECTROEMBRAGUES;MTD | Cub Cadet | Toro;;;;;;3103570.jpg;media;Cortadora de césped;Minitractor;Poleas;149;grilla;categoria;;ELECTROEMBRAGUES - MTD / CUB CADET / TORO
3103571;falta_descripcion_con_foto;Electroembragues — MTD;;Máquinas de cortar césped;;ELECTROEMBRAGUES;MTD | Cub Cadet | Toro;;;;;;3103571.jpg;media;Cortadora de césped;Minitractor;Poleas;149;grilla;categoria;;ELECTROEMBRAGUES - MTD / CUB CADET / TORO
3104001;falta_descripcion_con_foto;Cables de accionamiento;;Minitractores;Minitractores;CABLES DE ACCIONAMIENTO;;;;;;;3104001.jpg;baja;Cortadora de césped;Minitractor;Cables;151;grilla;categoria;;MINITRACTORES - CABLES DE ACCIONAMIENTO
3104002;falta_descripcion_con_foto;Cables de accionamiento;;Minitractores;Minitractores;CABLES DE ACCIONAMIENTO;;;;;;;3104002.jpg;baja;Cortadora de césped;Minitractor;Cables;151;grilla;categoria;;MINITRACTORES - CABLES DE ACCIONAMIENTO
3104005;completo;Cable Plataforma Acción de cuchillas Acción de cuchillas;Cable Plataforma Acción de cuchillas Acción de cuchillas REPL 532435110 MTD 946-04173 MTD 946-04092;Minitractores;Minitractores;CABLES DE ACCIONAMIENTO;MTD;532435110;Cable Plataforma Acción de cuchillas Acción de cuchillas REPL 532435110 MTD 946-04173 MTD 946-04092;;;;3104005.jpg;baja;Cortadora de césped;Minitractor;Cables;151;grilla;;;MINITRACTORES - CABLES DE ACCIONAMIENTO
3104111;falta_descripcion_con_foto;Cables de accionamiento;;Minitractores;Minitractores;CABLES DE ACCIONAMIENTO;;;;;;;3104111.jpg;baja;Cortadora de césped;Minitractor;Cables;151;grilla;categoria;;MINITRACTORES - CABLES DE ACCIONAMIENTO
3104112;falta_descripcion_con_foto;Cables de accionamiento;;Minitractores;Minitractores;CABLES DE ACCIONAMIENTO;;;;;;;3104112.jpg;baja;Cortadora de césped;Minitractor;Cables;151;grilla;categoria;;MINITRACTORES - CABLES DE ACCIONAMIENTO
3104113;falta_descripcion_con_foto;Cables de accionamiento;;Minitractores;Minitractores;CABLES DE ACCIONAMIENTO;;;;;;;3104113.jpg;baja;Cortadora de césped;Minitractor;Cables;151;grilla;categoria;;MINITRACTORES - CABLES DE ACCIONAMIENTO
3104114;falta_descripcion_con_foto;Cables de accionamiento;;Minitractores;Minitractores;CABLES DE ACCIONAMIENTO;;;;;;;3104114.jpg;baja;Cortadora de césped;Minitractor;Cables;151;grilla;categoria;;MINITRACTORES - CABLES DE ACCIONAMIENTO
3104115;falta_descripcion_con_foto;Cables de accionamiento;;Minitractores;Minitractores;CABLES DE ACCIONAMIENTO;;;;;;;3104115.jpg;baja;Cortadora de césped;Minitractor;Cables;151;grilla;categoria;;MINITRACTORES - CABLES DE ACCIONAMIENTO
3104117;falta_descripcion_con_foto;Cables de accionamiento;;Minitractores;Minitractores;CABLES DE ACCIONAMIENTO;;;;;;;3104117.jpg;baja;Cortadora de césped;Minitractor;Cables;151;grilla;categoria;;MINITRACTORES - CABLES DE ACCIONAMIENTO
3104201;completo;Acción de cuchillas Cable Acelerador Acción de cuchillas MTD…;Acción de cuchillas Cable Acelerador Acción de cuchillas MTD 946-05124A REPL 946-05098 John Deere GY21106 MAQUINAS DE;Minitractores;Minitractores;CABLES DE ACCIONAMIENTO;MTD | John Deere;946-05098;Acción de cuchillas Cable Acelerador Acción de cuchillas MTD 946-05124A REPL 946-05098 John Deere GY21106 MAQUINAS DE;;;;3104201.jpg;baja;Cortadora de césped;Minitractor;Cables;151;grilla;;;MINITRACTORES - CABLES DE ACCIONAMIENTO
3106011;falta_descripcion_con_foto;Ruedas de plataforma y bulones;;Máquinas de cortar césped;;RUEDAS DE PLATAFORMA Y BULONES;;;;;;;3106011.jpg;muy_baja;Cortadora de césped;Minitractor;Ruedas;153;grilla;categoria;;RUEDAS DE PLATAFORMA Y BULONES
3106012;falta_descripcion_con_foto;Ruedas de plataforma y bulones;;Máquinas de cortar césped;;RUEDAS DE PLATAFORMA Y BULONES;;;;;;;3106012.jpg;muy_baja;Cortadora de césped;Minitractor;Ruedas;153;grilla;categoria;;RUEDAS DE PLATAFORMA Y BULONES
3106013;falta_descripcion_con_foto;Ruedas de plataforma y bulones;;Máquinas de cortar césped;;RUEDAS DE PLATAFORMA Y BULONES;;;;;;;3106013.jpg;muy_baja;Cortadora de césped;Minitractor;Ruedas;153;grilla;categoria;;RUEDAS DE PLATAFORMA Y BULONES
3106014;falta_descripcion_con_foto;Ruedas de plataforma y bulones;;Máquinas de cortar césped;;RUEDAS DE PLATAFORMA Y BULONES;;;;;;;3106014.jpg;muy_baja;Cortadora de césped;Minitractor;Ruedas;153;grilla;categoria;;RUEDAS DE PLATAFORMA Y BULONES
3106015;falta_descripcion_con_foto;Ruedas de plataforma y bulones;;Máquinas de cortar césped;;RUEDAS DE PLATAFORMA Y BULONES;;;;;;;3106015.jpg;muy_baja;Cortadora de césped;Minitractor;Ruedas;153;grilla;categoria;;RUEDAS DE PLATAFORMA Y BULONES
3106016;falta_descripcion_con_foto;Ruedas de plataforma y bulones;;Máquinas de cortar césped;;RUEDAS DE PLATAFORMA Y BULONES;;;;;;;3106016.jpg;muy_baja;Cortadora de césped;Minitractor;Ruedas;153;grilla;categoria;;RUEDAS DE PLATAFORMA Y BULONES
3106017;falta_descripcion_con_foto;Ruedas de plataforma y bulones;;Máquinas de cortar césped;;RUEDAS DE PLATAFORMA Y BULONES;;;;;;;3106017.jpg;muy_baja;Cortadora de césped;Minitractor;Ruedas;153;grilla;categoria;;RUEDAS DE PLATAFORMA Y BULONES
3106018;completo;RESORTES DE PLATAFORMAS;RESORTES DE PLATAFORMAS;Máquinas de cortar césped;;RUEDAS DE PLATAFORMA Y BULONES;;;RESORTES DE PLATAFORMAS;;;;3106018.jpg;muy_baja;Cortadora de césped;Minitractor;Ruedas;153;grilla;;;RUEDAS DE PLATAFORMA Y BULONES
3106019;falta_descripcion_con_foto;Ruedas de plataforma y bulones;;Máquinas de cortar césped;;RUEDAS DE PLATAFORMA Y BULONES;;;;;;;3106019.jpg;muy_baja;Cortadora de césped;Minitractor;Ruedas;153;grilla;categoria;;RUEDAS DE PLATAFORMA Y BULONES
3106020;falta_descripcion_con_foto;Ruedas de plataforma y bulones;;Máquinas de cortar césped;;RUEDAS DE PLATAFORMA Y BULONES;;;;;;;3106020.jpg;muy_baja;Cortadora de césped;Minitractor;Ruedas;153;grilla;categoria;;RUEDAS DE PLATAFORMA Y BULONES
3106021;falta_descripcion_con_foto;Ruedas de plataforma y bulones;;Máquinas de cortar césped;;RUEDAS DE PLATAFORMA Y BULONES;;;;;;;3106021.jpg;muy_baja;Cortadora de césped;Minitractor;Ruedas;153;grilla;categoria;;RUEDAS DE PLATAFORMA Y BULONES
3106022;falta_descripcion_con_foto;Ruedas de plataforma y bulones;;Máquinas de cortar césped;;RUEDAS DE PLATAFORMA Y BULONES;;;;;;;3106022.jpg;muy_baja;Cortadora de césped;Minitractor;Ruedas;153;grilla;categoria;;RUEDAS DE PLATAFORMA Y BULONES
3106023;falta_descripcion_con_foto;Ruedas de plataforma y bulones;;Máquinas de cortar césped;;RUEDAS DE PLATAFORMA Y BULONES;;;;;;;3106023.jpg;muy_baja;Cortadora de césped;Minitractor;Ruedas;153;grilla;categoria;;RUEDAS DE PLATAFORMA Y BULONES
3106024;falta_descripcion_con_foto;Ruedas de plataforma y bulones;;Máquinas de cortar césped;;RUEDAS DE PLATAFORMA Y BULONES;;;;;;;3106024.jpg;muy_baja;Cortadora de césped;Minitractor;Ruedas;153;grilla;categoria;;RUEDAS DE PLATAFORMA Y BULONES
3106025;falta_descripcion_con_foto;Ruedas de plataforma y bulones;;Máquinas de cortar césped;;RUEDAS DE PLATAFORMA Y BULONES;;;;;;;3106025.jpg;muy_baja;Cortadora de césped;Minitractor;Ruedas;153;grilla;categoria;;RUEDAS DE PLATAFORMA Y BULONES
3106026;falta_descripcion_con_foto;Ruedas de plataforma y bulones;;Máquinas de cortar césped;;RUEDAS DE PLATAFORMA Y BULONES;;;;;;;3106026.jpg;muy_baja;Cortadora de césped;Minitractor;Ruedas;153;grilla;categoria;;RUEDAS DE PLATAFORMA Y BULONES
3106027;falta_descripcion_con_foto;Ruedas de plataforma y bulones;;Máquinas de cortar césped;;RUEDAS DE PLATAFORMA Y BULONES;;;;;;;3106027.jpg;muy_baja;Cortadora de césped;Minitractor;Ruedas;153;grilla;categoria;;RUEDAS DE PLATAFORMA Y BULONES
3106029;falta_descripcion;Ruedas de plataforma y bulones;;Máquinas de cortar césped;;RUEDAS DE PLATAFORMA Y BULONES;;;;;;;;;Cortadora de césped;Minitractor;Ruedas;153;grilla;categoria;;RUEDAS DE PLATAFORMA Y BULONES
3106034;falta_descripcion;Ruedas de plataforma y bulones;;Máquinas de cortar césped;;RUEDAS DE PLATAFORMA Y BULONES;;;;;;;;;Cortadora de césped;Minitractor;Ruedas;153;grilla;categoria;;RUEDAS DE PLATAFORMA Y BULONES
3106035;completo;Resorte De Resorte Plataforma 732-0626 732-04287;Resorte De Resorte Plataforma 732-0626 732-04287;Máquinas de cortar césped;;RUEDAS DE PLATAFORMA Y BULONES;;;Resorte De Resorte Plataforma 732-0626 732-04287;;;;;;Cortadora de césped;Minitractor;Ruedas;153;grilla;;;RUEDAS DE PLATAFORMA Y BULONES
3106036;completo;Resorte 932-0384;Resorte 932-0384;Máquinas de cortar césped;;RESORTES DE PLATAFORMAS;;;Resorte 932-0384;;;;3106036.jpg;media;Cortadora de césped;Minitractor;Ruedas;154;grilla;;;RESORTES DE PLATAFORMAS
3106037;completo;Resorte 169022;Resorte 169022;Máquinas de cortar césped;;RESORTES DE PLATAFORMAS;;;Resorte 169022;;;;3106037.jpg;media;Cortadora de césped;Minitractor;Ruedas;154;grilla;;;RESORTES DE PLATAFORMAS
3106038;completo;Resorte 732-0459;Resorte 732-0459;Máquinas de cortar césped;;RESORTES DE PLATAFORMAS;;;Resorte 732-0459;;;;3106038.jpg;media;Cortadora de césped;Minitractor;Ruedas;154;grilla;;;RESORTES DE PLATAFORMAS
3106050;completo;Neumático 13-5-6 4 telas;Neumático 13-5-6 4 telas para…;Máquinas de cortar césped;Máquinas de cortar césped;CABLES;;;Neumático 13-5-6 4 telas para…;;;;;;Cortadora de césped;Minitractor;Ruedas;156;grilla;;;MAQUINAS DE CORTAR CESPED - CABLES
3106052;completo;Neumatico 16*650-8;Neumatico 16*650-8;Máquinas de cortar césped;;CÁMARAS Y NEUMÁTICOS;;;Neumatico 16*650-8;;;;3106052.jpg;muy_baja;Cortadora de césped;Minitractor;Ruedas;155;grilla;;;CÁMARAS Y NEUMÁTICOS
3106053;completo;Neumatico 18*850-8;Neumatico 18*850-8;Máquinas de cortar césped;;CÁMARAS Y NEUMÁTICOS;;;Neumatico 18*850-8;;;;3106053.jpg;muy_baja;Cortadora de césped;Minitractor;Ruedas;155;grilla;;;CÁMARAS Y NEUMÁTICOS
3106054;completo;Neumatico 20*8-8;Neumatico 20*8-8;Máquinas de cortar césped;;CÁMARAS Y NEUMÁTICOS;;;Neumatico 20*8-8;;;;3106054.jpg;muy_baja;Cortadora de césped;Minitractor;Ruedas;155;grilla;;;CÁMARAS Y NEUMÁTICOS
3106055;completo;Neumatico 11*6*005;Neumatico 11*6*005;Máquinas de cortar césped;;CÁMARAS Y NEUMÁTICOS;;;Neumatico 11*6*005;;;;3106055.jpg;muy_baja;Cortadora de césped;Minitractor;Ruedas;155;grilla;;;CÁMARAS Y NEUMÁTICOS
3106056;completo;Neumatico 13*5*6;Neumatico 13*5*6;Máquinas de cortar césped;;CÁMARAS Y NEUMÁTICOS;;;Neumatico 13*5*6;;;;3106056.jpg;muy_baja;Cortadora de césped;Minitractor;Ruedas;155;grilla;;;CÁMARAS Y NEUMÁTICOS
3106057;completo;Neumatico 15*6*6;Neumatico 15*6*6;Máquinas de cortar césped;;CÁMARAS Y NEUMÁTICOS;;;Neumatico 15*6*6;;;;3106057.jpg;muy_baja;Cortadora de césped;Minitractor;Ruedas;155;grilla;;;CÁMARAS Y NEUMÁTICOS
3106058;completo;Neumatico 18*950*8;Neumatico 18*950*8;Máquinas de cortar césped;;CÁMARAS Y NEUMÁTICOS;;;Neumatico 18*950*8;;;;3106058.jpg;muy_baja;Cortadora de césped;Minitractor;Ruedas;155;grilla;;;CÁMARAS Y NEUMÁTICOS
3106059;completo;Neumatico 20*10*8;Neumatico 20*10*8;Máquinas de cortar césped;;CÁMARAS Y NEUMÁTICOS;;;Neumatico 20*10*8;;;;3106059.jpg;muy_baja;Cortadora de césped;Minitractor;Ruedas;155;grilla;;;CÁMARAS Y NEUMÁTICOS
3106060;completo;Neumático 11-4-5 4 telas Turf;Neumático 11-4-5 4 telas Turf;Máquinas de cortar césped;Máquinas de cortar césped;CABLES;;;Neumático 11-4-5 4 telas Turf;;;;;;Cortadora de césped;Minitractor;Ruedas;156;grilla;;;MAQUINAS DE CORTAR CESPED - CABLES
3106065;completo;Cámara 15*600-6;Cámara 15*600-6;Máquinas de cortar césped;;CÁMARAS Y NEUMÁTICOS;;;Cámara 15*600-6;;;;3106065.jpg;muy_baja;Cortadora de césped;Minitractor;Ruedas;155;grilla;;;CÁMARAS Y NEUMÁTICOS
3106066;completo;Cámara 16*650-8;Cámara 16*650-8;Máquinas de cortar césped;;CÁMARAS Y NEUMÁTICOS;;;Cámara 16*650-8;;;;3106066.jpg;muy_baja;Cortadora de césped;Minitractor;Ruedas;155;grilla;;;CÁMARAS Y NEUMÁTICOS
3106067;completo;Cámara 18*850-8;Cámara 18*850-8;Máquinas de cortar césped;;CÁMARAS Y NEUMÁTICOS;;;Cámara 18*850-8;;;;;;Cortadora de césped;Minitractor;Ruedas;155;grilla;;;CÁMARAS Y NEUMÁTICOS
3106068;completo;Cámara 20*8-8 DE EMPUJE;Cámara 20*8-8 DE EMPUJE;Máquinas de cortar césped;;CÁMARAS Y NEUMÁTICOS;;;Cámara 20*8-8 DE EMPUJE;;;;;;Cortadora de césped;Minitractor;Ruedas;155;grilla;;;CÁMARAS Y NEUMÁTICOS
3120964;falta_descripcion_con_foto;Torretas carcasas ejes — AYP;;Máquinas de cortar césped;;TORRETAS CARCASAS EJES;AYP | Poulan | Husqvarna;;;;;;3120964.jpg;media;Cortadora de césped;Minitractor;;143;grilla;categoria;;TORRETAS CARCASAS EJES - AYP / HQV / POULAN
3120965;completo;Kit De Tuerca Y Tuerca Torreta Bulones;Kit De Tuerca Y Tuerca Torreta Bulones Para Torreta REPL 918-04865 AYP O HUSQ;Máquinas de cortar césped;;TORRETAS CARCASAS EJES;AYP;918-04865;Kit De Tuerca Y Tuerca Torreta Bulones Para Torreta REPL 918-04865 AYP O HUSQ;;;;3120965.jpg;media;Cortadora de césped;Minitractor;;143;grilla;;;TORRETAS CARCASAS EJES - AYP / HQV / POULAN
3120966;completo;Extremos De Dirección;Extremos De Dirección REPL 597069702;Máquinas de cortar césped;;ELECTROEMBRAGUES;John Deere;597069702;Extremos De Dirección REPL 597069702;;;;3120966.jpg;baja;Cortadora de césped;Minitractor;;150;grilla;;;ELECTROEMBRAGUES - JOHN DEERE
3120967;completo;Rotula;Rotula REPL 723-0448A;Máquinas de cortar césped;;ELECTROEMBRAGUES;John Deere;723-0448A;Rotula REPL 723-0448A;;;;3120967.jpg;baja;Cortadora de césped;Minitractor;;150;grilla;;;ELECTROEMBRAGUES - JOHN DEERE
3120968;completo;Rotula;Rotula REPL 723-0156;Máquinas de cortar césped;;ELECTROEMBRAGUES;John Deere;723-0156;Rotula REPL 723-0156;;;;3120968.jpg;baja;Cortadora de césped;Minitractor;;150;grilla;;;ELECTROEMBRAGUES - JOHN DEERE
3120969;falta_descripcion_con_foto;Electroembragues — John Deere;;Máquinas de cortar césped;;ELECTROEMBRAGUES;John Deere;;;;;;3120969.jpg;baja;Cortadora de césped;Minitractor;;150;grilla;categoria;;ELECTROEMBRAGUES - JOHN DEERE
3120970;falta_descripcion_con_foto;Electroembragues — John Deere;;Máquinas de cortar césped;;ELECTROEMBRAGUES;John Deere;;;;;;3120970.jpg;baja;Cortadora de césped;Minitractor;;150;grilla;categoria;;ELECTROEMBRAGUES - JOHN DEERE
3120971;completo;Tuerca Ruleman Buje De Rueda;Tuerca Ruleman Buje De Rueda REPL 941-0656 REPL 941-0484 REPL 532009040;Máquinas de cortar césped;;ELECTROEMBRAGUES;John Deere;941-0656 | 941-0484 | 532009040;Tuerca Ruleman Buje De Rueda REPL 941-0656 REPL 941-0484 REPL 532009040;;;;;;Cortadora de césped;Minitractor;;150;grilla;;;ELECTROEMBRAGUES - JOHN DEERE
3120972;completo;Extremos De Dirección;Extremos De Dirección REPL 597069802;Máquinas de cortar césped;;ELECTROEMBRAGUES;John Deere;597069802;Extremos De Dirección REPL 597069802;;;;3120972.jpg;baja;Cortadora de césped;Minitractor;;150;grilla;;;ELECTROEMBRAGUES - JOHN DEERE
3120973;completo;Extremos De Dirección;Extremos De Dirección REPL 597069902;Máquinas de cortar césped;;ELECTROEMBRAGUES;John Deere;597069902;Extremos De Dirección REPL 597069902;;;;3120973.jpg;baja;Cortadora de césped;Minitractor;;150;grilla;;;ELECTROEMBRAGUES - JOHN DEERE
3120974;completo;Eje De Dirección;Eje De Dirección REPL 738-0919A;Máquinas de cortar césped;;ELECTROEMBRAGUES;John Deere;738-0919A;Eje De Dirección REPL 738-0919A;;;;;;Cortadora de césped;Minitractor;;150;grilla;;;ELECTROEMBRAGUES - JOHN DEERE
3120975;completo;Kit RS800;Kit RS800 REPL 587086703;Máquinas de cortar césped;;POLEAS;AYP | Poulan | Husqvarna;587086703;Kit RS800 REPL 587086703;;;;3120975.jpg;baja;Cortadora de césped;Minitractor;;146;grilla;;;POLEAS - AYP / HQV / POULAN
3120976;completo;Kit RS800;Kit RS800 REPL 587086701;Máquinas de cortar césped;;POLEAS;AYP | Poulan | Husqvarna;587086701;Kit RS800 REPL 587086701;;;;;;Cortadora de césped;Minitractor;;146;grilla;;;POLEAS - AYP / HQV / POULAN
3120977;completo;Extractor de cuchilla 2023;Extractor de cuchilla 2023;Motosierras;Motosierras;ACCESORIOS;;;Extractor de cuchilla 2023;;;;;;Cortadora de césped;Minitractor;;142;grilla;;;MOTOSIERRAS - ACCESORIOS
3201061;completo;Repl 742-0618 (1) Cuchilla MTD 18” Ø 21mm Largo 490mm;Repl 742-0618 (1) Cuchilla MTD 18” Ø 21mm Largo 490mm;Minitractores;Minitractores;CUCHILLAS REEMPLAZOS;MTD;742-0618;Repl 742-0618 (1) Cuchilla MTD 18” Ø 21mm Largo 490mm;;Ø 21mm | 490mm;;3201061.jpg;muy_baja;Cortadora de césped;Minitractor de empuje;Cuchillas;14;grilla;;;MINITRACTORES - CUCHILLAS REEMPLAZOS - MTD / YARD MAN / CUB CADET
3201065;completo;(1) Cuchilla MTD 18” Ø 21 Largo 490mm (XX);(1) Cuchilla MTD 18” Ø 21 Largo 490mm (XX);Minitractores;Minitractores;CUCHILLAS REEMPLAZOS;MTD;;(1) Cuchilla MTD 18” Ø 21 Largo 490mm (XX);;Ø 21 | 490mm;;;;Cortadora de césped;Minitractor de empuje;Cuchillas;14;grilla;;;MINITRACTORES - CUCHILLAS REEMPLAZOS - MTD / YARD MAN / CUB CADET
3201071;completo;Repl 742-0620 (1) Cuchilla MTD 20” Ø 21mm Largo 500mm;Repl 742-0620 (1) Cuchilla MTD 20” Ø 21mm Largo 500mm;Minitractores;Minitractores;CUCHILLAS REEMPLAZOS;MTD;742-0620;Repl 742-0620 (1) Cuchilla MTD 20” Ø 21mm Largo 500mm;;Ø 21mm | 500mm;;;;Cortadora de césped;Minitractor de empuje;Cuchillas;14;grilla;;;MINITRACTORES - CUCHILLAS REEMPLAZOS - MTD / YARD MAN / CUB CADET
3201075;completo;(1) Cuchilla MTD 20” Ø 21 Largo 500mm (XX);(1) Cuchilla MTD 20” Ø 21 Largo 500mm (XX);Minitractores;Minitractores;CUCHILLAS REEMPLAZOS;MTD;;(1) Cuchilla MTD 20” Ø 21 Largo 500mm (XX);;Ø 21 | 500mm;;;;Cortadora de césped;Minitractor de empuje;Cuchillas;14;grilla;;;MINITRACTORES - CUCHILLAS REEMPLAZOS - MTD / YARD MAN / CUB CADET
3201081;completo;Repl 742-0621 (1) Cuchilla MTD 21” Ø 21mm Largo 528mm;Repl 742-0621 (1) Cuchilla MTD 21” Ø 21mm Largo 528mm;Minitractores;Minitractores;CUCHILLAS REEMPLAZOS;MTD;742-0621;Repl 742-0621 (1) Cuchilla MTD 21” Ø 21mm Largo 528mm;;Ø 21mm | 528mm;;;;Cortadora de césped;Minitractor de empuje;Cuchillas;14;grilla;;;MINITRACTORES - CUCHILLAS REEMPLAZOS - MTD / YARD MAN / CUB CADET
3201087;completo;Repl 742-0622 (1) Cuchilla MTD 22” Ø 21mm Largo 555mm;Repl 742-0622 (1) Cuchilla MTD 22” Ø 21mm Largo 555mm;Minitractores;Minitractores;CUCHILLAS REEMPLAZOS;MTD;742-0622;Repl 742-0622 (1) Cuchilla MTD 22” Ø 21mm Largo 555mm;;Ø 21mm | 555mm;;;;Cortadora de césped;Minitractor de empuje;Cuchillas;14;grilla;;;MINITRACTORES - CUCHILLAS REEMPLAZOS - MTD / YARD MAN / CUB CADET
3201130;completo;Repl 742-0640 (1) Cuchilla 20” 4P Largo 505mm;Repl 742-0640 (1) Cuchilla 20” 4P Largo 505mm;Minitractores;Minitractores;CUCHILLAS REEMPLAZOS;MTD | Cub Cadet;742-0640;Repl 742-0640 (1) Cuchilla 20” 4P Largo 505mm;;505mm;;;;Cortadora de césped;Minitractor de empuje;Cuchillas;14;grilla;;;MINITRACTORES - CUCHILLAS REEMPLAZOS - MTD / YARD MAN / CUB CADET
3201135;completo;Repl 742-0641 (1) Cuchilla 21”de Corte 4P Largo 530mm;Repl 742-0641 (1) Cuchilla 21”de Corte 4P Largo 530mm;Minitractores;Minitractores;CUCHILLAS REEMPLAZOS;MTD | Cub Cadet;742-0641;Repl 742-0641 (1) Cuchilla 21”de Corte 4P Largo 530mm;;530mm;;;;Cortadora de césped;Minitractor de empuje;Cuchillas;14;grilla;;;MINITRACTORES - CUCHILLAS REEMPLAZOS - MTD / YARD MAN / CUB CADET
3201140;completo;Repl 742-0642 (1) Cuchilla 22” de Corte 4P”Largo 555mm;Repl 742-0642 (1) Cuchilla 22” de Corte 4P”Largo 555mm;Minitractores;Minitractores;CUCHILLAS REEMPLAZOS;MTD | Cub Cadet;742-0642;Repl 742-0642 (1) Cuchilla 22” de Corte 4P”Largo 555mm;;555mm;;;;Cortadora de césped;Minitractor de empuje;Cuchillas;14;grilla;;;MINITRACTORES - CUCHILLAS REEMPLAZOS - MTD / YARD MAN / CUB CADET
3201196;falta_descripcion;Cuchillas reemplazos — MTD;;Minitractores;Minitractores;CUCHILLAS REEMPLAZOS;MTD | Cub Cadet;;;;;;;;Cortadora de césped;Minitractor de empuje;Cuchillas;15;grilla;categoria;;MINITRACTORES - CUCHILLAS REEMPLAZOS - MTD / YARD MAN / CUB CADET
3201207;falta_descripcion;Cuchillas reemplazos — MTD;;Minitractores;Minitractores;CUCHILLAS REEMPLAZOS;MTD | Cub Cadet;;;;;;;;Cortadora de césped;Minitractor de empuje;Cuchillas;15;grilla;categoria;;MINITRACTORES - CUCHILLAS REEMPLAZOS - MTD / YARD MAN / CUB CADET
3201211;falta_descripcion;Cuchillas reemplazos — MTD;;Minitractores;Minitractores;CUCHILLAS REEMPLAZOS;MTD | Cub Cadet;;;;;;;;Cortadora de césped;Minitractor de empuje;Cuchillas;15;grilla;categoria;;MINITRACTORES - CUCHILLAS REEMPLAZOS - MTD / YARD MAN / CUB CADET
3201221;falta_descripcion;Cuchillas reemplazos — MTD;;Minitractores;Minitractores;CUCHILLAS REEMPLAZOS;MTD | Cub Cadet;;;;;;;;Cortadora de césped;Minitractor de empuje;Cuchillas;15;grilla;categoria;;MINITRACTORES - CUCHILLAS REEMPLAZOS - MTD / YARD MAN / CUB CADET
3201223;falta_descripcion;Cuchillas reemplazos — MTD;;Minitractores;Minitractores;CUCHILLAS REEMPLAZOS;MTD | Cub Cadet;;;;;;;;Cortadora de césped;Minitractor de empuje;Cuchillas;15;grilla;categoria;;MINITRACTORES - CUCHILLAS REEMPLAZOS - MTD / YARD MAN / CUB CADET
3201240;completo;Repl 42785HT (1) Cuchilla 20” Ø 3/8” Largo 500mm;Repl 42785HT (1) Cuchilla 20” Ø 3/8” Largo 500mm;Minitractores;Minitractores;CUCHILLAS CONVENCIONALES Y TRITURADORAS;Murray;42785HT;Repl 42785HT (1) Cuchilla 20” Ø 3/8” Largo 500mm;;Ø 3 | 500mm;;3201240.jpg;muy_baja;Cortadora de césped;Minitractor de empuje;Cuchillas;18;grilla;;;MINITRACTORES - CUCHILLAS CONVENCIONALES Y TRITURADORAS - MURRAY
3201245;completo;(1) Cuchilla 20” Ø 3/8” Largo 500mm (X);(1) Cuchilla 20” Ø 3/8” Largo 500mm (X);Minitractores;Minitractores;CUCHILLAS CONVENCIONALES Y TRITURADORAS;Murray;;(1) Cuchilla 20” Ø 3/8” Largo 500mm (X);;Ø 3 | 500mm;;;;Cortadora de césped;Minitractor de empuje;Cuchillas;18;grilla;;;MINITRACTORES - CUCHILLAS CONVENCIONALES Y TRITURADORAS - MURRAY
3201250;completo;Repl 43610HT (1) Cuchilla 21” Ø 3/8” Largo 530mm;Repl 43610HT (1) Cuchilla 21” Ø 3/8” Largo 530mm;Minitractores;Minitractores;CUCHILLAS CONVENCIONALES Y TRITURADORAS;Murray;43610HT;Repl 43610HT (1) Cuchilla 21” Ø 3/8” Largo 530mm;;Ø 3 | 530mm;;;;Cortadora de césped;Minitractor de empuje;Cuchillas;18;grilla;;;MINITRACTORES - CUCHILLAS CONVENCIONALES Y TRITURADORAS - MURRAY
3201255;completo;(1) Cuchilla 21” Ø 3/8” Largo 530mm (X);(1) Cuchilla 21” Ø 3/8” Largo 530mm (X);Minitractores;Minitractores;CUCHILLAS CONVENCIONALES Y TRITURADORAS;Murray;;(1) Cuchilla 21” Ø 3/8” Largo 530mm (X);;Ø 3 | 530mm;;;;Cortadora de césped;Minitractor de empuje;Cuchillas;18;grilla;;;MINITRACTORES - CUCHILLAS CONVENCIONALES Y TRITURADORAS - MURRAY
3201306;completo;Repl 93-4106 (1) Cuchilla 21” Ø 3/8” Largo 531mm;Repl 93-4106 (1) Cuchilla 21” Ø 3/8” Largo 531mm;Minitractores;Minitractores;CUCHILLAS REEMPLAZOS;John Deere;93-4106;Repl 93-4106 (1) Cuchilla 21” Ø 3/8” Largo 531mm;;Ø 3 | 531mm;;;;Cortadora de césped;Minitractor de empuje;Cuchillas;17;grilla;;;MINITRACTORES - CUCHILLAS REEMPLAZOS - JOHN DEERE
3201307;completo;Repl 108-9764-03 (1) Cuchilla 22” Ø 3/8” Largo 552mm;Repl 108-9764-03 (1) Cuchilla 22” Ø 3/8” Largo 552mm;Minitractores;Minitractores;CUCHILLAS REEMPLAZOS;John Deere;108-9764-03;Repl 108-9764-03 (1) Cuchilla 22” Ø 3/8” Largo 552mm;;Ø 3 | 552mm;;;;Cortadora de césped;Minitractor de empuje;Cuchillas;17;grilla;;;MINITRACTORES - CUCHILLAS REEMPLAZOS - JOHN DEERE
3201386;completo;(1) Cuchilla 18” Ø 3/8” Largo 460mm;(1) Cuchilla 18” Ø 3/8” Largo 460mm;Minitractores;Minitractores;CUCHILLAS CARONI;Caroni;;(1) Cuchilla 18” Ø 3/8” Largo 460mm;;Ø 3 | 460mm;;;;Cortadora de césped;Minitractor de empuje;Cuchillas;19;grilla;;;MINITRACTORES - CUCHILLAS CARONI
3201389;falta_descripcion;Cuchillas;;Minitractores;Minitractores;Cuchillas;;;;;;;;;Cortadora de césped;Minitractor de empuje;Cuchillas;20;grilla;categoria;;MINITRACTORES - CUCHILLAS UNIVERSALES Y OTROS REEMPLAZOS
3201390;falta_descripcion;Cuchillas;;Minitractores;Minitractores;Cuchillas;;;;;;;;;Cortadora de césped;Minitractor de empuje;Cuchillas;20;grilla;categoria;;MINITRACTORES - CUCHILLAS UNIVERSALES Y OTROS REEMPLAZOS
3201395;falta_descripcion;Cuchillas;;Minitractores;Minitractores;Cuchillas;;;;;;;;;Cortadora de césped;Minitractor de empuje;Cuchillas;20;grilla;categoria;;MINITRACTORES - CUCHILLAS UNIVERSALES Y OTROS REEMPLAZOS
3201397;completo;1) Cuchilla 20” Ø 3/8” Largo 505mm;1) Cuchilla 20” Ø 3/8” Largo 505mm;Minitractores;Minitractores;CUCHILLAS CARONI;Caroni;;1) Cuchilla 20” Ø 3/8” Largo 505mm;;Ø 3 | 505mm;;;;Cortadora de césped;Minitractor de empuje;Cuchillas;19;grilla;;;MINITRACTORES - CUCHILLAS CARONI
3201400;falta_descripcion;Cuchillas;;Minitractores;Minitractores;Cuchillas;;;;;;;;;Cortadora de césped;Minitractor de empuje;Cuchillas;20;grilla;categoria;;MINITRACTORES - CUCHILLAS UNIVERSALES Y OTROS REEMPLAZOS
3201406;completo;(1) Cuchilla 21” Ø 3/8” Largo 535mm;(1) Cuchilla 21” Ø 3/8” Largo 535mm;Minitractores;Minitractores;CUCHILLAS CARONI;Caroni;;(1) Cuchilla 21” Ø 3/8” Largo 535mm;;Ø 3 | 535mm;;;;Cortadora de césped;Minitractor de empuje;Cuchillas;19;grilla;;;MINITRACTORES - CUCHILLAS CARONI
3201408;falta_descripcion;Cuchillas;;Minitractores;Minitractores;Cuchillas;;;;;;;;;Cortadora de césped;Minitractor de empuje;Cuchillas;20;grilla;categoria;;MINITRACTORES - CUCHILLAS UNIVERSALES Y OTROS REEMPLAZOS
3201410;falta_descripcion;Cuchillas;;Minitractores;Minitractores;Cuchillas;;;;;;;;;Cortadora de césped;Minitractor de empuje;Cuchillas;20;grilla;categoria;;MINITRACTORES - CUCHILLAS UNIVERSALES Y OTROS REEMPLAZOS
3201415;falta_descripcion;Cuchillas;;Minitractores;Minitractores;Cuchillas;;;;;;;;;Cortadora de césped;Minitractor de empuje;Cuchillas;20;grilla;categoria;;MINITRACTORES - CUCHILLAS UNIVERSALES Y OTROS REEMPLAZOS
3201417;falta_descripcion;Cuchillas;;Minitractores;Minitractores;Cuchillas;;;;;;;;;Cortadora de césped;Minitractor de empuje;Cuchillas;20;grilla;categoria;;MINITRACTORES - CUCHILLAS UNIVERSALES Y OTROS REEMPLAZOS
3201418;falta_descripcion;Cuchillas;;Minitractores;Minitractores;Cuchillas;;;;;;;;;Cortadora de césped;Minitractor de empuje;Cuchillas;20;grilla;categoria;;MINITRACTORES - CUCHILLAS UNIVERSALES Y OTROS REEMPLAZOS
3201421;completo;(1) Cuchilla 22” Ø 3/8” Largo 555mm;(1) Cuchilla 22” Ø 3/8” Largo 555mm;Minitractores;Minitractores;CUCHILLAS CARONI;Caroni;;(1) Cuchilla 22” Ø 3/8” Largo 555mm;;Ø 3 | 555mm;;;;Cortadora de césped;Minitractor de empuje;Cuchillas;19;grilla;;;MINITRACTORES - CUCHILLAS CARONI
3201424;completo;Kit De Arandelas De Suplemento;Kit De Arandelas De Suplemento Para Cuchillas Universales;Minitractores;Minitractores;CUCHILLAS CARONI;Caroni;;Kit De Arandelas De Suplemento Para Cuchillas Universales;;;;;;Cortadora de césped;Minitractor de empuje;Cuchillas;19;grilla;;;MINITRACTORES - CUCHILLAS CARONI
3201425;falta_descripcion;Cuchillas;;Minitractores;Minitractores;Cuchillas;;;;;;;;;Cortadora de césped;Minitractor de empuje;Cuchillas;20;grilla;categoria;;MINITRACTORES - CUCHILLAS UNIVERSALES Y OTROS REEMPLAZOS
3201428;falta_descripcion;Cuchillas;;Minitractores;Minitractores;Cuchillas;;;;;;;;;Cortadora de césped;Minitractor de empuje;Cuchillas;20;grilla;categoria;;MINITRACTORES - CUCHILLAS UNIVERSALES Y OTROS REEMPLAZOS
3201430;falta_descripcion;Cuchillas;;Minitractores;Minitractores;Cuchillas;;;;;;;;;Cortadora de césped;Minitractor de empuje;Cuchillas;20;grilla;categoria;;MINITRACTORES - CUCHILLAS UNIVERSALES Y OTROS REEMPLAZOS
3201435;falta_descripcion;Cuchillas;;Minitractores;Minitractores;Cuchillas;;;;;;;;;Cortadora de césped;Minitractor de empuje;Cuchillas;20;grilla;categoria;;MINITRACTORES - CUCHILLAS UNIVERSALES Y OTROS REEMPLAZOS
3201440;falta_descripcion;Cuchillas;;Minitractores;Minitractores;Cuchillas;;;;;;;;;Cortadora de césped;Minitractor de empuje;Cuchillas;20;grilla;categoria;;MINITRACTORES - CUCHILLAS UNIVERSALES Y OTROS REEMPLAZOS
3201443;falta_descripcion;Cuchillas;;Minitractores;Minitractores;Cuchillas;;;;;;;;;Cortadora de césped;Minitractor de empuje;Cuchillas;20;grilla;categoria;NUEVO;MINITRACTORES - CUCHILLAS UNIVERSALES Y OTROS REEMPLAZOS
3201445;falta_descripcion;Cuchillas;;Minitractores;Minitractores;Cuchillas;;;;;;;;;Cortadora de césped;Minitractor de empuje;Cuchillas;20;grilla;categoria;;MINITRACTORES - CUCHILLAS UNIVERSALES Y OTROS REEMPLAZOS
3201446;falta_descripcion;Cuchillas;;Minitractores;Minitractores;Cuchillas;;;;;;;;;Cortadora de césped;Minitractor de empuje;Cuchillas;20;grilla;categoria;;MINITRACTORES - CUCHILLAS UNIVERSALES Y OTROS REEMPLAZOS
3201449;completo;Cuchilla de cortacésped 108.41.101…;Cuchilla de cortacésped 108.41.101…;Minitractores;Minitractores;Cuchillas;;;Cuchilla de cortacésped 108.41.101…;;;;;;Cortadora de césped;Minitractor de empuje;Cuchillas;20;grilla;;;MINITRACTORES - CUCHILLAS UNIVERSALES Y OTROS REEMPLAZOS
3201672;completo;Eje de reemplazo 91922 (compatible…;Eje de reemplazo 91922 (compatible…;Desmalezadoras;Desmalezadoras;CABLES ACELERADOR;;;Eje de reemplazo 91922 (compatible…;;;;;;Cortadora de césped;Minitractor de empuje;Cuchillas;114;grilla;;;DESMALEZADORAS - CABLES ACELERADOR - REEMPLAZOS
3204111;falta_descripcion_con_foto;Cables de accionamiento;;Minitractores;Minitractores;CABLES DE ACCIONAMIENTO;;;;;;;3204111.jpg;baja;Cortadora de césped;Minitractor de empuje;Cables;151;grilla;categoria;;MINITRACTORES - CABLES DE ACCIONAMIENTO
3204112;falta_descripcion_con_foto;Cables de accionamiento;;Minitractores;Minitractores;CABLES DE ACCIONAMIENTO;;;;;;;3204112.jpg;baja;Cortadora de césped;Minitractor de empuje;Cables;151;grilla;categoria;;MINITRACTORES - CABLES DE ACCIONAMIENTO
3204113;falta_descripcion_con_foto;Cables de accionamiento;;Minitractores;Minitractores;CABLES DE ACCIONAMIENTO;;;;;;;3204113.jpg;baja;Cortadora de césped;Minitractor de empuje;Cables;151;grilla;categoria;;MINITRACTORES - CABLES DE ACCIONAMIENTO
3204117;falta_descripcion_con_foto;Cables de accionamiento;;Minitractores;Minitractores;CABLES DE ACCIONAMIENTO;;;;;;;3204117.jpg;baja;Cortadora de césped;Minitractor de empuje;Cables;151;grilla;categoria;;MINITRACTORES - CABLES DE ACCIONAMIENTO
3204120;falta_descripcion_con_foto;Cables;;Máquinas de cortar césped;Máquinas de cortar césped;CABLES;;;;;;;3204120.jpg;baja;Cortadora de césped;Minitractor de empuje;Cables;152;grilla;categoria;;MAQUINAS CORTACESPED - CABLES
3204121;falta_descripcion;Cables;;Máquinas de cortar césped;Máquinas de cortar césped;CABLES;;;;;;;;;Cortadora de césped;Minitractor de empuje;Cables;152;grilla;categoria;;MAQUINAS CORTACESPED - CABLES
3204125;sin_codigo;Cable de reemplazo 532176556 Código Logbelts: Neumático 11-6.00-5…;Cable de reemplazo 532176556 Código Logbelts: Neumático 11-6.00-5 4 telas;Máquinas de cortar césped;Máquinas de cortar césped;CABLES;;;Cable de reemplazo 532176556 Código Logbelts: Neumático 11-6.00-5 4 telas;;;;3204125.jpg;muy_baja;Cortadora de césped;Minitractor de empuje;Cables;156;grilla;;A ASIGNAR;MAQUINAS DE CORTAR CESPED - CABLES
3204128;falta_descripcion_con_foto;Cables de accionamiento;;Minitractores;Minitractores;CABLES DE ACCIONAMIENTO;;;;;;;3204128.jpg;baja;Cortadora de césped;Minitractor de empuje;Cables;151;grilla;categoria;;MINITRACTORES - CABLES DE ACCIONAMIENTO
3204129;falta_descripcion_con_foto;Cables de accionamiento;;Minitractores;Minitractores;CABLES DE ACCIONAMIENTO;;;;;;;3204129.jpg;baja;Cortadora de césped;Minitractor de empuje;Cables;151;grilla;categoria;;MINITRACTORES - CABLES DE ACCIONAMIENTO
3204130;falta_descripcion_con_foto;Cables de accionamiento;;Minitractores;Minitractores;CABLES DE ACCIONAMIENTO;;;;;;;3204130.jpg;baja;Cortadora de césped;Minitractor de empuje;Cables;151;grilla;categoria;;MINITRACTORES - CABLES DE ACCIONAMIENTO
3204131;completo;Cable De Freno Cable De Freno Cable De Freno Cable De Freno HUSQ;Cable De Freno Cable De Freno Cable De Freno Cable De Freno HUSQ REPL-532183281 HUSQ REPL-532183567 HUSQ REPL-532194653 HUSQ REPL 532415350;Minitractores;Minitractores;CABLES DE ACCIONAMIENTO;;532183281 | 532183567 | 532194653 | 532415350;Cable De Freno Cable De Freno Cable De Freno Cable De Freno HUSQ REPL-532183281 HUSQ REPL-532183567 HUSQ REPL-532194653 HUSQ REPL 532415350;;;;;;Cortadora de césped;Minitractor de empuje;Cables;151;grilla;;;MINITRACTORES - CABLES DE ACCIONAMIENTO
3204132;falta_descripcion_con_foto;Cables;;Máquinas de cortar césped;Máquinas de cortar césped;CABLES;;;;;;;3204132.jpg;baja;Cortadora de césped;Minitractor de empuje;Cables;152;grilla;categoria;;MAQUINAS CORTACESPED - CABLES
3204135;falta_descripcion_con_foto;Cables;;Máquinas de cortar césped;Máquinas de cortar césped;CABLES;;;;;;;3204135.jpg;baja;Cortadora de césped;Minitractor de empuje;Cables;152;grilla;categoria;;MAQUINAS CORTACESPED - CABLES
3204136;falta_descripcion_con_foto;Cables;;Máquinas de cortar césped;Máquinas de cortar césped;CABLES;;;;;;;3204136.jpg;baja;Cortadora de césped;Minitractor de empuje;Cables;152;grilla;categoria;;MAQUINAS CORTACESPED - CABLES
3204137;completo;Cable De Freno Cable Acelerador Cable de Freno Cable de Freno HUSQ;Cable De Freno Cable Acelerador Cable de Freno Cable de Freno HUSQ REPL-532431649 HUSQ REPL-532440934 TORO REPL-104-8676 TORO REPL 104-8677;Máquinas de cortar césped;Máquinas de cortar césped;CABLES;Toro;532431649 | 532440934 | 104-8676 | 104-8677;Cable De Freno Cable Acelerador Cable de Freno Cable de Freno HUSQ REPL-532431649 HUSQ REPL-532440934 TORO REPL-104-8676 TORO REPL 104-8677;;;;3204137.jpg;baja;Cortadora de césped;Minitractor de empuje;Cables;152;grilla;;;MAQUINAS CORTACESPED - CABLES
3204138;completo;Cable Tracción;Cable Tracción REPL-105-1844;Máquinas de cortar césped;Máquinas de cortar césped;CABLES;;105-1844;Cable Tracción REPL-105-1844;;;;3204138.jpg;baja;Cortadora de césped;Minitractor de empuje;Cables;152;grilla;;;MAQUINAS CORTACESPED - CABLES
3204139;completo;Cable De Transmisión MTD;Cable De Transmisión MTD REPL 946-04728;Minitractores;Minitractores;CABLES DE ACCIONAMIENTO;MTD;946-04728;Cable De Transmisión MTD REPL 946-04728;;;;3204139.jpg;baja;Cortadora de césped;Minitractor de empuje;Cables;151;grilla;;;MINITRACTORES - CABLES DE ACCIONAMIENTO
3204140;completo;Cable MTD;Cable MTD REPL 946-0935;Minitractores;Minitractores;CABLES DE ACCIONAMIENTO;MTD;946-0935;Cable MTD REPL 946-0935;;;;3204140.jpg;baja;Cortadora de césped;Minitractor de empuje;Cables;151;grilla;;;MINITRACTORES - CABLES DE ACCIONAMIENTO
3204141;completo;Cable TORO;Cable TORO REPL 112-8818;Máquinas de cortar césped;Máquinas de cortar césped;CABLES;Toro;112-8818;Cable TORO REPL 112-8818;;;;3204141.jpg;baja;Cortadora de césped;Minitractor de empuje;Cables;152;grilla;;;MAQUINAS CORTACESPED - CABLES
3204142;completo;Cable TORO;Cable TORO REPL 108-8156;Máquinas de cortar césped;Máquinas de cortar césped;CABLES;Toro;108-8156;Cable TORO REPL 108-8156;;;;3204142.jpg;baja;Cortadora de césped;Minitractor de empuje;Cables;152;grilla;;;MAQUINAS CORTACESPED - CABLES
3204143;completo;Cable TORO;Cable TORO REPL 105-1845 STOP;Máquinas de cortar césped;Máquinas de cortar césped;CABLES;Toro;105-1845;Cable TORO REPL 105-1845 STOP;;;;3204143.jpg;baja;Cortadora de césped;Minitractor de empuje;Cables;152;grilla;;;MAQUINAS CORTACESPED - CABLES
3206125;completo;Rueda Cespera;Rueda Cespera Repl 7*1.75;Máquinas de cortar césped;;CÁMARAS Y NEUMÁTICOS;;;Rueda Cespera Repl 7*1.75;;;;;;Cortadora de césped;Minitractor de empuje;Ruedas;155;grilla;;;CÁMARAS Y NEUMÁTICOS
3206126;completo;Rueda Cespera;Rueda Cespera Repl 7*1.75 1/2;Máquinas de cortar césped;;CÁMARAS Y NEUMÁTICOS;;;Rueda Cespera Repl 7*1.75 1/2;;;;;;Cortadora de césped;Minitractor de empuje;Ruedas;155;grilla;;;CÁMARAS Y NEUMÁTICOS
3206128;completo;Rueda Cespera;Rueda Cespera Repl 7*1.75;Máquinas de cortar césped;;CÁMARAS Y NEUMÁTICOS;;;Rueda Cespera Repl 7*1.75;;;;;;Cortadora de césped;Minitractor de empuje;Ruedas;155;grilla;;;CÁMARAS Y NEUMÁTICOS
3206129;completo;Rueda Cespera;Rueda Cespera Repl 12*1.75;Máquinas de cortar césped;;CÁMARAS Y NEUMÁTICOS;;;Rueda Cespera Repl 12*1.75;;;;;;Cortadora de césped;Minitractor de empuje;Ruedas;155;grilla;;;CÁMARAS Y NEUMÁTICOS
3206130;completo;"Rueda 8"" X 1.75";"Rueda 8"" X 1.75";Máquinas de cortar césped;;CÁMARAS Y NEUMÁTICOS;;;"Rueda 8"" X 1.75";;;;;;Cortadora de césped;Minitractor de empuje;Ruedas;155;grilla;;;CÁMARAS Y NEUMÁTICOS
3206131;sin_codigo;Rueda Toro 115-4695 Código Logbelts: Código Logbelts: Código…;Rueda Toro 115-4695 Código Logbelts: Código Logbelts: Código Logbelts: Neumático 15-6-6 4 telas Neumático 18-950-8 4 Neumático 20-10-8 4 telas telas CAMARAS Y NEUMATICOS;Máquinas de cortar césped;Máquinas de cortar césped;CABLES;Toro;;Rueda Toro 115-4695 Código Logbelts: Código Logbelts: Código Logbelts: Neumático 15-6-6 4 telas Neumático 18-950-8 4 Neumático 20-10-8 4 telas telas CAMARAS Y NEUMATICOS;;;;;;Cortadora de césped;Minitractor de empuje;Ruedas;156;grilla;;NUEVO | A ASIGNAR;MAQUINAS DE CORTAR CESPED - CABLES
3206211;completo;Torreta Completa Reparacion de Ojales Plat. 918-04474B Mtd;Torreta Completa Reparacion de Ojales Plat. 918-04474B Mtd;Máquinas de cortar césped;;TORRETAS CARCASAS EJES;MTD;;Torreta Completa Reparacion de Ojales Plat. 918-04474B Mtd;;;;3206211.jpg;baja;Cortadora de césped;Minitractor de empuje;Ruedas;145;grilla;;;TORRETAS CARCASAS EJES - MTD / CUB CADET / YARD MACHINES
3206212;completo;Reparacion de Ojales Plat. JD;Reparacion de Ojales Plat. JD;Máquinas de cortar césped;;TORRETAS CARCASAS EJES;MTD | Yard Machines | Cub Cadet;;Reparacion de Ojales Plat. JD;;;;3206212.jpg;baja;Cortadora de césped;Minitractor de empuje;Ruedas;145;grilla;;;TORRETAS CARCASAS EJES - MTD / CUB CADET / YARD MACHINES
4102300;falta_descripcion_con_foto;Carburadores — Echo;;Desmalezadoras;Desmalezadoras;CARBURADORES;Echo;;;;;;4102300.jpg;media;4 Tiempos;Desmalezadora;Carburador;66;grilla;categoria;;CARBURADORES - 2 TIEMPOS -DESMALEZADORAS - ECHO - REEMPLAZOS
4102301;falta_descripcion_con_foto;Carburadores — Echo;;Desmalezadoras;Desmalezadoras;CARBURADORES;Echo;;;;;;4102301.jpg;media;4 Tiempos;Desmalezadora;Carburador;66;grilla;categoria;;CARBURADORES - 2 TIEMPOS -DESMALEZADORAS - ECHO - REEMPLAZOS
4102302;falta_descripcion_con_foto;Carburadores — Echo;;Desmalezadoras;Desmalezadoras;CARBURADORES;Echo;;;;;;4102302.jpg;media;4 Tiempos;Desmalezadora;Carburador;66;grilla;categoria;;CARBURADORES - 2 TIEMPOS -DESMALEZADORAS - ECHO - REEMPLAZOS
4301387;falta_descripcion;Kits de juntas y diafragmas;;Motores 4T y generadores;;KITS DE JUNTAS Y DIAFRAGMAS;;;;;;;;;4 Tiempos;Motor general;Partes de carburador;49;grilla;categoria;;KITS DE JUNTAS Y DIAFRAGMAS
4301388;falta_descripcion;Kits de juntas y diafragmas;;Motores 4T y generadores;;KITS DE JUNTAS Y DIAFRAGMAS;;;;;;;;;4 Tiempos;Motor general;Partes de carburador;49;grilla;categoria;;KITS DE JUNTAS Y DIAFRAGMAS
4301401;falta_descripcion;Kits de juntas y diafragmas;;Motores 4T y generadores;;KITS DE JUNTAS Y DIAFRAGMAS;;;;;;;;;4 Tiempos;Motor general;Partes de carburador;49;grilla;categoria;;KITS DE JUNTAS Y DIAFRAGMAS
4301402;completo;"Aro sellador de goma 45,5 x 1,5 mm B&S 693981";"Aro sellador de goma 45,5 x 1,5 mm B&S 693981";Motores 4T y generadores;;KIT DE O´RING;Briggs & Stratton;;"Aro sellador de goma 45,5 x 1,5 mm B&S 693981";;"1,5 mm";;4301402.jpg;media;4 Tiempos;Motor general;Partes de carburador;52;grilla;;;KIT DE O´RING
4301403;completo;"Aro sellador de goma 45,5 x 3,5 mm B&S 799866";"Aro sellador de goma 45,5 x 3,5 mm B&S 799866";Motores 4T y generadores;;KIT DE O´RING;Briggs & Stratton;;"Aro sellador de goma 45,5 x 3,5 mm B&S 799866";;"3,5 mm";;4301403.jpg;media;4 Tiempos;Motor general;Partes de carburador;52;grilla;;;KIT DE O´RING
4301404;completo;B&S 694920;B&S 694920;Motores 4T y generadores;;KIT DE O´RING;Briggs & Stratton;;B&S 694920;;;;4301404.jpg;media;4 Tiempos;Motor general;Partes de carburador;52;grilla;;;KIT DE O´RING
4301481;completo;4301842 — DATOS NO Código Logbelts: ENCONTRADOS 4301481 Reparación…;4301842 — DATOS NO Código Logbelts: ENCONTRADOS 4301481 Reparación de carburador Tecumseh 632347;Motores 4T y generadores;;CARBURADORES;Tecumseh;;4301842 — DATOS NO Código Logbelts: ENCONTRADOS 4301481 Reparación de carburador Tecumseh 632347;;;;;;4 Tiempos;Motor general;Partes de carburador;50;grilla;;;CARBURADORES - REPARACIONES DE CARBURADOR
4301482;completo;Kit de aguja de admisión Tecumseh 631021B 631021A;Kit de aguja de admisión Tecumseh 631021B 631021A;Motores 4T y generadores;;REPARACIONES DE CARBURADOR / KITS DE JUNTAS;Tecumseh;;Kit de aguja de admisión Tecumseh 631021B 631021A;;;;;;4 Tiempos;Motor general;Partes de carburador;28;grilla;;;REPARACIONES DE CARBURADOR / KITS DE JUNTAS
4301490;falta_descripcion;Carburadores;;Motores 4T y generadores;;CARBURADORES;;;;;;;;;4 Tiempos;Motor general;Partes de carburador;50;grilla;categoria;;CARBURADORES - REPARACIONES DE CARBURADOR
4301491;falta_descripcion;Carburadores;;Motores 4T y generadores;;CARBURADORES;;;;;;;;;4 Tiempos;Motor general;Partes de carburador;50;grilla;categoria;NUEVO;CARBURADORES - REPARACIONES DE CARBURADOR
4301492;falta_descripcion;Carburadores;;Motores 4T y generadores;;CARBURADORES;;;;;;;;;4 Tiempos;Motor general;Partes de carburador;50;grilla;categoria;;CARBURADORES - REPARACIONES DE CARBURADOR
4301493;falta_descripcion;Carburadores;;Motores 4T y generadores;;CARBURADORES;;;;;;;;;4 Tiempos;Motor general;Partes de carburador;50;grilla;categoria;NUEVO;CARBURADORES - REPARACIONES DE CARBURADOR
4301494;falta_descripcion;Carburadores;;Motores 4T y generadores;;CARBURADORES;;;;;;;;;4 Tiempos;Motor general;Partes de carburador;50;grilla;categoria;;CARBURADORES - REPARACIONES DE CARBURADOR
4301495;falta_descripcion_con_foto;Carburadores;;Motores 4T y generadores;;CARBURADORES;;;;;;;4301495.jpg;baja;4 Tiempos;Motor general;Partes de carburador;51;grilla;categoria;;CARBURADORES - REPARACIONES DE CARBURADOR
4301496;completo;DE MOTOR 4 TIEMPOS BRIGGS & STRATTON;DE MOTOR 4 TIEMPOS BRIGGS & STRATTON;Motores 4T y generadores;;CARBURADORES;Briggs & Stratton;;DE MOTOR 4 TIEMPOS BRIGGS & STRATTON;;;;4301496.jpg;baja;4 Tiempos;Motor general;Partes de carburador;51;grilla;;;CARBURADORES - REPARACIONES DE CARBURADOR
4301497;falta_descripcion_con_foto;Carburadores;;Motores 4T y generadores;;CARBURADORES;;;;;;;4301497.jpg;baja;4 Tiempos;Motor general;Partes de carburador;51;grilla;categoria;;CARBURADORES - REPARACIONES DE CARBURADOR
4301498;falta_descripcion_con_foto;Carburadores;;Motores 4T y generadores;;CARBURADORES;;;;;;;4301498.jpg;baja;4 Tiempos;Motor general;Partes de carburador;51;grilla;categoria;;CARBURADORES - REPARACIONES DE CARBURADOR
4301499;falta_descripcion_con_foto;Carburadores;;Motores 4T y generadores;;CARBURADORES;;;;;;;4301499.jpg;baja;4 Tiempos;Motor general;Partes de carburador;51;grilla;categoria;;CARBURADORES - REPARACIONES DE CARBURADOR
4301551;completo;Briggs & Stratton 394681 Briggs & Stratton 394681 18 hp vertical…;Briggs & Stratton 394681 Briggs & Stratton 394681 18 hp vertical horizontal 18 HP Vertical Horizontal;Carburación;Carburación;PUNZUARES DE CARBURADOR;Briggs & Stratton;;Briggs & Stratton 394681 Briggs & Stratton 394681 18 hp vertical horizontal 18 HP Vertical Horizontal;;;;4301551.jpg;muy_baja;4 Tiempos;Motor general;Partes de carburador;39;grilla;;;CARBURACIÓN - PUNZUARES DE CARBURADOR - 2 TIEMPOS
4301552;completo;"Briggs & Stratton 715075 Briggs & Stratton 715075 4,5/5,5/6 hp…";"Briggs & Stratton 715075 Briggs & Stratton 715075 4,5/5,5/6 hp 4,5/5,5/6 HP";Carburación;Carburación;PUNZUARES DE CARBURADOR;Briggs & Stratton;;"Briggs & Stratton 715075 Briggs & Stratton 715075 4,5/5,5/6 hp 4,5/5,5/6 HP";;;;4301552.jpg;muy_baja;4 Tiempos;Motor general;Partes de carburador;39;grilla;;;CARBURACIÓN - PUNZUARES DE CARBURADOR - 2 TIEMPOS
4301553;completo;Briggs & Stratton 715155 Briggs & Stratton 715155 18 hp horizontal…;Briggs & Stratton 715155 Briggs & Stratton 715155 18 hp horizontal 18 HP Horizontal;Carburación;Carburación;PUNZUARES DE CARBURADOR;Briggs & Stratton;;Briggs & Stratton 715155 Briggs & Stratton 715155 18 hp horizontal 18 HP Horizontal;;;;4301553.jpg;muy_baja;4 Tiempos;Motor general;Partes de carburador;39;grilla;;;CARBURACIÓN - PUNZUARES DE CARBURADOR - 2 TIEMPOS
4301554;completo;"Briggs & Stratton 398188 Briggs & Stratton 398188 3,5/5/6 hp…";"Briggs & Stratton 398188 Briggs & Stratton 398188 3,5/5/6 hp 3,5/5/6 HP";Carburación;Carburación;PUNZUARES DE CARBURADOR;Briggs & Stratton;;"Briggs & Stratton 398188 Briggs & Stratton 398188 3,5/5/6 hp 3,5/5/6 HP";;;;4301554.jpg;muy_baja;4 Tiempos;Motor general;Partes de carburador;39;grilla;;;CARBURACIÓN - PUNZUARES DE CARBURADOR - 2 TIEMPOS
4301555;completo;Briggs & Stratton 398188 Briggs & Stratton 398188 8/12 hp vertical…;Briggs & Stratton 398188 Briggs & Stratton 398188 8/12 hp vertical 8/12 HP Vertical;Carburación;Carburación;PUNZUARES DE CARBURADOR;Briggs & Stratton;;Briggs & Stratton 398188 Briggs & Stratton 398188 8/12 hp vertical 8/12 HP Vertical;;;;4301555.jpg;muy_baja;4 Tiempos;Motor general;Partes de carburador;39;grilla;;;CARBURACIÓN - PUNZUARES DE CARBURADOR - 2 TIEMPOS
4301556;completo;"Honda 16011-ZA0-931 GX340/390 (20,3 x 4,2 mm)";"Honda 16011-ZA0-931 GX340/390 (20,3 x 4,2 mm)";Carburación;Carburación;PUNZUARES DE CARBURADOR;Honda;;"Honda 16011-ZA0-931 GX340/390 (20,3 x 4,2 mm)";;"4,2 mm";;4301556.jpg;muy_baja;4 Tiempos;Motor general;Partes de carburador;39;grilla;;;CARBURACIÓN - PUNZUARES DE CARBURADOR - 2 TIEMPOS
4301557;completo;"Honda 16011-ZEO-005 G100/150/200 (12 x 3,5 mm)";"Honda 16011-ZEO-005 G100/150/200 (12 x 3,5 mm)";Carburación;Carburación;PUNZUARES DE CARBURADOR;Honda;;"Honda 16011-ZEO-005 G100/150/200 (12 x 3,5 mm)";;"3,5 mm";;4301557.jpg;muy_baja;4 Tiempos;Motor general;Partes de carburador;39;grilla;;;CARBURACIÓN - PUNZUARES DE CARBURADOR - 2 TIEMPOS
4301558;completo;"Honda 5,5/6hp GX110/120";"Honda 5,5/6hp GX110/120";Carburación;Carburación;PUNZUARES DE CARBURADOR;Honda;;"Honda 5,5/6hp GX110/120";;;;4301558.jpg;muy_baja;4 Tiempos;Motor general;Partes de carburador;39;grilla;;;CARBURACIÓN - PUNZUARES DE CARBURADOR - 2 TIEMPOS
4301559;completo;Honda 16155-883-005 Spring;Honda 16155-883-005 Spring;Motores 4T y generadores;;KIT DE O´RING;Honda;;Honda 16155-883-005 Spring;;;;4301559.jpg;media;4 Tiempos;Motor general;Partes de carburador;52;grilla;;;KIT DE O´RING
4301560;completo;"Honda Motores Chinos 13/15hp horizontal ET950/TG950 11,5 x 3 mm";"Honda Motores Chinos 13/15hp horizontal ET950/TG950 11,5 x 3 mm";Carburación;Carburación;PUNZUARES DE CARBURADOR;Honda;;"Honda Motores Chinos 13/15hp horizontal ET950/TG950 11,5 x 3 mm";;3 mm;;;;4 Tiempos;Motor general;Partes de carburador;39;grilla;;;CARBURACIÓN - PUNZUARES DE CARBURADOR - 2 TIEMPOS
4301561;completo;S018021 Honda GCV160;S018021 Honda GCV160;Carburación;Carburación;PUNZUARES DE CARBURADOR;Honda;;S018021 Honda GCV160;;;;;;4 Tiempos;Motor general;Partes de carburador;39;grilla;;;CARBURACIÓN - PUNZUARES DE CARBURADOR - 2 TIEMPOS
4301562;completo;Briggs & Stratton 594581;Briggs & Stratton 594581;Carburación;Carburación;PUNZUARES DE CARBURADOR;Briggs & Stratton;;Briggs & Stratton 594581;;;;;;4 Tiempos;Motor general;Partes de carburador;39;grilla;;;CARBURACIÓN - PUNZUARES DE CARBURADOR - 2 TIEMPOS
4302101;falta_descripcion;Reemplazos briggs & stratton — Briggs & Stratton;;Motores 4T y generadores;;REEMPLAZOS BRIGGS & STRATTON;Briggs & Stratton;;;;;;;;4 Tiempos;Motor general;Carburador;74;grilla;categoria;;REEMPLAZOS BRIGGS & STRATTON
4302102;falta_descripcion;Reemplazos briggs & stratton — Briggs & Stratton;;Motores 4T y generadores;;REEMPLAZOS BRIGGS & STRATTON;Briggs & Stratton;;;;;;;;4 Tiempos;Motor general;Carburador;74;grilla;categoria;;REEMPLAZOS BRIGGS & STRATTON
4302105;falta_descripcion_con_foto;Carburadores — Honda;;Motores 4T y generadores;;CARBURADORES;Honda | Ruixing;;;;;;4302105.jpg;media;4 Tiempos;Motor general;Carburador;71;grilla;categoria;;CARBURADORES - 4 TIEMPOS - TIPO RUIXING / HONDA - REEMPLAZOS
4302106;completo;BRIGGS & STRATTON;BRIGGS & STRATTON;Motores 4T y generadores;;CARBURADORES;Briggs & Stratton;;BRIGGS & STRATTON;;;;4302106.jpg;media;4 Tiempos;Motor general;Carburador;71;grilla;;;CARBURADORES - 4 TIEMPOS - TIPO RUIXING / HONDA - REEMPLAZOS
4302107;falta_descripcion_con_foto;Carburadores — Honda;;Motores 4T y generadores;;CARBURADORES;Honda | Ruixing;;;;;;4302107.jpg;media;4 Tiempos;Motor general;Carburador;71;grilla;categoria;;CARBURADORES - 4 TIEMPOS - TIPO RUIXING / HONDA - REEMPLAZOS
4302108;falta_descripcion_con_foto;Carburadores — Honda;;Motores 4T y generadores;;CARBURADORES;Honda | Ruixing;;;;;;4302108.jpg;media;4 Tiempos;Motor general;Carburador;71;grilla;categoria;;CARBURADORES - 4 TIEMPOS - TIPO RUIXING / HONDA - REEMPLAZOS
4302109;falta_descripcion_con_foto;Carburadores — Honda;;Motores 4T y generadores;;CARBURADORES;Honda | Ruixing;;;;;;4302109.jpg;media;4 Tiempos;Motor general;Carburador;71;grilla;categoria;;CARBURADORES - 4 TIEMPOS - TIPO RUIXING / HONDA - REEMPLAZOS
4302110;falta_descripcion_con_foto;Carburadores — Honda;;Motores 4T y generadores;;CARBURADORES;Honda | Ruixing;;;;;;4302110.jpg;media;4 Tiempos;Motor general;Carburador;71;grilla;categoria;;CARBURADORES - 4 TIEMPOS - TIPO RUIXING / HONDA - REEMPLAZOS
4302111;falta_descripcion_con_foto;Carburadores — Honda;;Motores 4T y generadores;;CARBURADORES;Honda | Ruixing;;;;;;4302111.jpg;media;4 Tiempos;Motor general;Carburador;71;grilla;categoria;;CARBURADORES - 4 TIEMPOS - TIPO RUIXING / HONDA - REEMPLAZOS
4302112;falta_descripcion_con_foto;Carburadores — Honda;;Motores 4T y generadores;;CARBURADORES;Honda | Ruixing;;;;;;4302112.jpg;media;4 Tiempos;Motor general;Carburador;71;grilla;categoria;;CARBURADORES - 4 TIEMPOS - TIPO RUIXING / HONDA - REEMPLAZOS
4302113;falta_descripcion_con_foto;Carburadores — Honda;;Motores 4T y generadores;;CARBURADORES;Honda | Ruixing;;;;;;4302113.jpg;media;4 Tiempos;Motor general;Carburador;71;grilla;categoria;;CARBURADORES - 4 TIEMPOS - TIPO RUIXING / HONDA - REEMPLAZOS
4302114;falta_descripcion_con_foto;Carburadores — Honda;;Motores 4T y generadores;;CARBURADORES;Honda | Ruixing;;;;;;4302114.jpg;media;4 Tiempos;Motor general;Carburador;71;grilla;categoria;;CARBURADORES - 4 TIEMPOS - TIPO RUIXING / HONDA - REEMPLAZOS
4302115;falta_descripcion;Carburadores — Briggs & Stratton;;Motores 4T y generadores;;CARBURADORES;Briggs & Stratton;;;;;;;;4 Tiempos;Motor general;Carburador;72;grilla;categoria;;CARBURADORES - 4 TIEMPOS - BRIGGS & STRATTON REEMPLAZOS
4302116;completo;KOHLER;KOHLER;Motores 4T y generadores;;CARBURADORES;Kohler;;KOHLER;;;;;;4 Tiempos;Motor general;Carburador;72;grilla;;;CARBURADORES - 4 TIEMPOS - BRIGGS & STRATTON REEMPLAZOS
4302117;falta_descripcion;Carburadores — Briggs & Stratton;;Motores 4T y generadores;;CARBURADORES;Briggs & Stratton;;;;;;;;4 Tiempos;Motor general;Carburador;72;grilla;categoria;;CARBURADORES - 4 TIEMPOS - BRIGGS & STRATTON REEMPLAZOS
4302118;falta_descripcion;Carburadores — Briggs & Stratton;;Motores 4T y generadores;;CARBURADORES;Briggs & Stratton;;;;;;;;4 Tiempos;Motor general;Carburador;72;grilla;categoria;;CARBURADORES - 4 TIEMPOS - BRIGGS & STRATTON REEMPLAZOS
4302120;falta_descripcion;Carburadores — Briggs & Stratton;;Motores 4T y generadores;;CARBURADORES;Briggs & Stratton;;;;;;;;4 Tiempos;Motor general;Carburador;72;grilla;categoria;;CARBURADORES - 4 TIEMPOS - BRIGGS & STRATTON REEMPLAZOS
4302129;completo;Solenoide de carburador;Solenoide de carburador para Briggs…;Motores 4T y generadores;;REEMPLAZO B&S;Briggs & Stratton;;Solenoide de carburador para Briggs…;;;;;;4 Tiempos;Motor general;Carburador;75;grilla;;;REEMPLAZO B&S
4302150;falta_descripcion;Carburadores — Briggs & Stratton;;Motores 4T y generadores;;CARBURADORES;Briggs & Stratton;;;;;;;;4 Tiempos;Motor general;Carburador;72;grilla;categoria;;CARBURADORES - 4 TIEMPOS - BRIGGS & STRATTON REEMPLAZOS
4302151;falta_descripcion;Carburadores — Briggs & Stratton;;Motores 4T y generadores;;CARBURADORES;Briggs & Stratton;;;;;;;;4 Tiempos;Motor general;Carburador;72;grilla;categoria;;CARBURADORES - 4 TIEMPOS - BRIGGS & STRATTON REEMPLAZOS
4302152;falta_descripcion;Carburadores — Briggs & Stratton;;Motores 4T y generadores;;CARBURADORES;Briggs & Stratton;;;;;;;;4 Tiempos;Motor general;Carburador;72;grilla;categoria;;CARBURADORES - 4 TIEMPOS - BRIGGS & STRATTON REEMPLAZOS
4302153;falta_descripcion;Carburadores — Briggs & Stratton;;Motores 4T y generadores;;CARBURADORES;Briggs & Stratton;;;;;;;;4 Tiempos;Motor general;Carburador;72;grilla;categoria;;CARBURADORES - 4 TIEMPOS - BRIGGS & STRATTON REEMPLAZOS
4302154;falta_descripcion;Carburadores — Briggs & Stratton;;Motores 4T y generadores;;CARBURADORES;Briggs & Stratton;;;;;;;;4 Tiempos;Motor general;Carburador;72;grilla;categoria;;CARBURADORES - 4 TIEMPOS - BRIGGS & STRATTON REEMPLAZOS
4302155;falta_descripcion;Carburadores — Briggs & Stratton;;Motores 4T y generadores;;CARBURADORES;Briggs & Stratton;;;;;;;;4 Tiempos;Motor general;Carburador;72;grilla;categoria;;CARBURADORES - 4 TIEMPOS - BRIGGS & STRATTON REEMPLAZOS
4302180;falta_descripcion;Carburadores — Briggs & Stratton;;Motores 4T y generadores;;CARBURADORES;Briggs & Stratton;;;;;;;;4 Tiempos;Motor general;Carburador;72;grilla;categoria;;CARBURADORES - 4 TIEMPOS - BRIGGS & STRATTON REEMPLAZOS
4302181;completo;Tecumseh 632795 632750 632772;Tecumseh 632795 632750 632772;Motores 4T y generadores;;CARBURADORES 4T OTROS REEMPLAZOS;Tecumseh;;Tecumseh 632795 632750 632772;;;;;;4 Tiempos;Motor general;Carburador;73;grilla;;;CARBURADORES 4T OTROS REEMPLAZOS
4302901;falta_descripcion;Carburadores — Stihl;;Motores 4T y generadores;;CARBURADORES;Stihl;;;;;;;;4 Tiempos;Motor general;Carburador;69;grilla;categoria;;CARBURADORES - 2 TIEMPOS - STIHL - OTROS - REEMPLAZOS
4302902;completo;Carburador GX160 GX200 GX210;Carburador GX160 GX200 GX210;Motores 4T y generadores;;PARTES DE MOTOR 5.5 HP 6.5 HP REEMPLAZO GX160 GX200;;;Carburador GX160 GX200 GX210;;;;4302902.jpg;muy_baja;4 Tiempos;Motor general;Carburador;164;grilla;;;PARTES DE MOTOR 5.5 HP 6.5 HP REEMPLAZO GX160 GX200
4302903;falta_descripcion;Carburadores — Stihl;;Motores 4T y generadores;;CARBURADORES;Stihl;;;;;;;;4 Tiempos;Motor general;Carburador;69;grilla;categoria;;CARBURADORES - 2 TIEMPOS - STIHL - OTROS - REEMPLAZOS
4302904;falta_descripcion;Carburadores — Stihl;;Motores 4T y generadores;;CARBURADORES;Stihl;;;;;;;;4 Tiempos;Motor general;Carburador;69;grilla;categoria;;CARBURADORES - 2 TIEMPOS - STIHL - OTROS - REEMPLAZOS
4302905;falta_descripcion_con_foto;Carburadores — Honda;;Motores 4T y generadores;;CARBURADORES;Honda | Ruixing;;;;;;4302905.jpg;media;4 Tiempos;Motor general;Carburador;71;grilla;categoria;;CARBURADORES - 4 TIEMPOS - TIPO RUIXING / HONDA - REEMPLAZOS
4302906;falta_descripcion;Carburadores — Stihl;;Motores 4T y generadores;;CARBURADORES;Stihl;;;;;;;;4 Tiempos;Motor general;Carburador;69;grilla;categoria;;CARBURADORES - 2 TIEMPOS - STIHL - OTROS - REEMPLAZOS
4302910;falta_descripcion;Carburadores — Stihl;;Motores 4T y generadores;;CARBURADORES;Stihl;;;;;;;;4 Tiempos;Motor general;Carburador;69;grilla;categoria;;CARBURADORES - 2 TIEMPOS - STIHL - OTROS - REEMPLAZOS
4302911;completo;Soporte Alternador Carburador a Gas Carburador con (LPGH)…;Soporte Alternador Carburador a Gas Carburador con (LPGH) Electroválvula GX390;Motores 4T y generadores;;PARTES DE MOTOR 4T 13 HP 15HP HP 16HP REEMPLAZO GX270 GX390 GX420 GX440;;;Soporte Alternador Carburador a Gas Carburador con (LPGH) Electroválvula GX390;;;;4302911.jpg;media;4 Tiempos;Motor general;Carburador;174;grilla;;;PARTES DE MOTOR 4T 13 HP 15HP HP 16HP REEMPLAZO GX270 GX390 GX420 GX440
4302912;falta_descripcion;Carburadores — Stihl;;Motores 4T y generadores;;CARBURADORES;Stihl;;;;;;;;4 Tiempos;Motor general;Carburador;69;grilla;categoria;;CARBURADORES - 2 TIEMPOS - STIHL - OTROS - REEMPLAZOS
4302913;falta_descripcion;Carburadores — Stihl;;Motores 4T y generadores;;CARBURADORES;Stihl;;;;;;;;4 Tiempos;Motor general;Carburador;69;grilla;categoria;;CARBURADORES - 2 TIEMPOS - STIHL - OTROS - REEMPLAZOS
4302914;falta_descripcion_con_foto;Carburadores — Honda;;Motores 4T y generadores;;CARBURADORES;Honda | Ruixing;;;;;;4302914.jpg;media;4 Tiempos;Motor general;Carburador;71;grilla;categoria;;CARBURADORES - 4 TIEMPOS - TIPO RUIXING / HONDA - REEMPLAZOS
4302915;falta_descripcion_con_foto;Carburadores — Honda;;Motores 4T y generadores;;CARBURADORES;Honda | Ruixing;;;;;;4302915.jpg;media;4 Tiempos;Motor general;Carburador;71;grilla;categoria;;CARBURADORES - 4 TIEMPOS - TIPO RUIXING / HONDA - REEMPLAZOS
4302916;completo;Carburador Carburador Carburador Carburador;Carburador Carburador Carburador Carburador REPL Honda REPL GX-390 Honda GX390 188F REPL Honda GX340/390 GEN GX140 160 18MM LPG/ /LONCIN;Motores 4T y generadores;;CARBURADORES;Honda | Loncin;GX-390;Carburador Carburador Carburador Carburador REPL Honda REPL GX-390 Honda GX390 188F REPL Honda GX340/390 GEN GX140 160 18MM LPG/ /LONCIN;;18MM;;4302916.jpg;media;4 Tiempos;Motor general;Carburador;71;grilla;;;CARBURADORES - 4 TIEMPOS - TIPO RUIXING / HONDA - REEMPLAZOS
4302917;falta_descripcion_con_foto;Carburadores — Honda;;Motores 4T y generadores;;CARBURADORES;Honda | Ruixing;;;;;;4302917.jpg;media;4 Tiempos;Motor general;Carburador;71;grilla;categoria;;CARBURADORES - 4 TIEMPOS - TIPO RUIXING / HONDA - REEMPLAZOS
4302918;falta_descripcion_con_foto;Carburadores — Honda;;Motores 4T y generadores;;CARBURADORES;Honda | Ruixing;;;;;;4302918.jpg;media;4 Tiempos;Motor general;Carburador;71;grilla;categoria;;CARBURADORES - 4 TIEMPOS - TIPO RUIXING / HONDA - REEMPLAZOS
4302919;falta_descripcion_con_foto;Carburadores — Honda;;Motores 4T y generadores;;CARBURADORES;Honda | Ruixing;;;;;;4302919.jpg;media;4 Tiempos;Motor general;Carburador;71;grilla;categoria;;CARBURADORES - 4 TIEMPOS - TIPO RUIXING / HONDA - REEMPLAZOS
4302926;falta_descripcion;Carburadores — Stihl;;Motores 4T y generadores;;CARBURADORES;Stihl;;;;;;;;4 Tiempos;Motor general;Carburador;69;grilla;categoria;;CARBURADORES - 2 TIEMPOS - STIHL - OTROS - REEMPLAZOS
4302930;falta_descripcion;Carburadores — Stihl;;Motores 4T y generadores;;CARBURADORES;Stihl;;;;;;;;4 Tiempos;Motor general;Carburador;69;grilla;categoria;;CARBURADORES - 2 TIEMPOS - STIHL - OTROS - REEMPLAZOS
4302936;completo;Huayi MC1619BE;Huayi MC1619BE para desmalezadoras…;Motores 4T y generadores;;CARBURADORES 2T OTROS REEMPLAZOS;;;Huayi MC1619BE para desmalezadoras…;;;;;;4 Tiempos;Motor general;Carburador;70;grilla;;;CARBURADORES 2T OTROS REEMPLAZOS
4302962;falta_descripcion_con_foto;Carburadores — Honda;;Motores 4T y generadores;;CARBURADORES;Honda | Ruixing;;;;;;4302962.jpg;media;4 Tiempos;Motor general;Carburador;71;grilla;categoria;;CARBURADORES - 4 TIEMPOS - TIPO RUIXING / HONDA - REEMPLAZOS
4302967;completo;BRIGGS & STRATTON;BRIGGS & STRATTON;Motores 4T y generadores;;CARBURADORES;Briggs & Stratton;;BRIGGS & STRATTON;;;;4302967.jpg;media;4 Tiempos;Motor general;Carburador;71;grilla;;;CARBURADORES - 4 TIEMPOS - TIPO RUIXING / HONDA - REEMPLAZOS
4303116;falta_descripcion_con_foto;Partes de motor 4t 13 hp 15hp hp 16hp reemplazo gx270 gx390 gx420 gx440;;Motores 4T y generadores;;PARTES DE MOTOR 4T 13 HP 15HP HP 16HP REEMPLAZO GX270 GX390 GX420 GX440;;;;;;;4303116.jpg;muy_baja;4 Tiempos;Motor general;Kit de cilindros;169;grilla;categoria;;PARTES DE MOTOR 4T 13 HP 15HP HP 16HP REEMPLAZO GX270 GX390 GX420 GX440
4303117;completo;Escape con Codo Escape con Codo Codo de Escape Conjunto Tapa…;Escape con Codo Escape con Codo Codo de Escape Conjunto Tapa Conjunto Tapa GX270 GX390 GX440 GX270 GX390 de Cilindro de Cilindro GX270 GX390;Motores 4T y generadores;;PARTES DE MOTOR 4T 13 HP 15HP HP 16HP REEMPLAZO GX270 GX390 GX420 GX440;;;Escape con Codo Escape con Codo Codo de Escape Conjunto Tapa Conjunto Tapa GX270 GX390 GX440 GX270 GX390 de Cilindro de Cilindro GX270 GX390;;;;4303117.jpg;muy_baja;4 Tiempos;Motor general;Kit de cilindros;169;grilla;;;PARTES DE MOTOR 4T 13 HP 15HP HP 16HP REEMPLAZO GX270 GX390 GX420 GX440
4303118;completo;Conjunto Tapa de Cilindro GX420;Conjunto Tapa de Cilindro GX420;Motores 4T y generadores;;PARTES DE MOTOR 4T 13 HP 15HP HP 16HP REEMPLAZO GX270 GX390 GX420 GX440;;;Conjunto Tapa de Cilindro GX420;;;;;;4 Tiempos;Motor general;Kit de cilindros;169;grilla;;;PARTES DE MOTOR 4T 13 HP 15HP HP 16HP REEMPLAZO GX270 GX390 GX420 GX440
4303119;completo;Conjunto Tapa de Cilindro GX440;Conjunto Tapa de Cilindro GX440;Motores 4T y generadores;;PARTES DE MOTOR 4T 13 HP 15HP HP 16HP REEMPLAZO GX270 GX390 GX420 GX440;;;Conjunto Tapa de Cilindro GX440;;;;;;4 Tiempos;Motor general;Kit de cilindros;169;grilla;;;PARTES DE MOTOR 4T 13 HP 15HP HP 16HP REEMPLAZO GX270 GX390 GX420 GX440
4303120;completo;Conjunto Tapa de Cilindro Completa GX160;Conjunto Tapa de Cilindro Completa GX160;Motores 4T y generadores;;PARTES DE MOTOR 5.5 HP 6.5 HP REEMPLAZO GX160 GX200;;;Conjunto Tapa de Cilindro Completa GX160;;;;;;4 Tiempos;Motor general;Kit de cilindros;162;grilla;;;PARTES DE MOTOR 5.5 HP 6.5 HP REEMPLAZO GX160 GX200
4303121;completo;Conjunto Tapa de Cilindro Completa GX200;Conjunto Tapa de Cilindro Completa GX200;Motores 4T y generadores;;PARTES DE MOTOR 5.5 HP 6.5 HP REEMPLAZO GX160 GX200;;;Conjunto Tapa de Cilindro Completa GX200;;;;;;4 Tiempos;Motor general;Kit de cilindros;162;grilla;;;PARTES DE MOTOR 5.5 HP 6.5 HP REEMPLAZO GX160 GX200
4303122;completo;Conjunto Tapa de Cilindro Completa GX210;Conjunto Tapa de Cilindro Completa GX210;Motores 4T y generadores;;PARTES DE MOTOR 5.5 HP 6.5 HP REEMPLAZO GX160 GX200;;;Conjunto Tapa de Cilindro Completa GX210;;;;;;4 Tiempos;Motor general;Kit de cilindros;162;grilla;;;PARTES DE MOTOR 5.5 HP 6.5 HP REEMPLAZO GX160 GX200
4304055;completo;Kit de Pistón GX160;Kit de Pistón GX160;Motores 4T y generadores;;PARTES DE MOTOR 5.5 HP 6.5 HP REEMPLAZO GX160 GX200;;;Kit de Pistón GX160;;;;4304055.jpg;muy_baja;4 Tiempos;Motor general;Kit de pistón;162;grilla;;;PARTES DE MOTOR 5.5 HP 6.5 HP REEMPLAZO GX160 GX200
4304056;completo;Kit Pistón y Aros Gx390;Kit Pistón y Aros Gx390;Motores 4T y generadores;;PARTES DE MOTOR 4T 13 HP 15HP HP 16HP REEMPLAZO GX270 GX390 GX420 GX440;;;Kit Pistón y Aros Gx390;;;;4304056.jpg;muy_baja;4 Tiempos;Motor general;Kit de pistón;168;grilla;;;PARTES DE MOTOR 4T 13 HP 15HP HP 16HP REEMPLAZO GX270 GX390 GX420 GX440
4304057;completo;Kit de Pistón GX200;Kit de Pistón GX200;Motores 4T y generadores;;PARTES DE MOTOR 5.5 HP 6.5 HP REEMPLAZO GX160 GX200;;;Kit de Pistón GX200;;;;4304057.jpg;muy_baja;4 Tiempos;Motor general;Kit de pistón;162;grilla;;;PARTES DE MOTOR 5.5 HP 6.5 HP REEMPLAZO GX160 GX200
4304058;completo;Kit Pistón y Aros GX420;Kit Pistón y Aros GX420;Motores 4T y generadores;;PARTES DE MOTOR 4T 13 HP 15HP HP 16HP REEMPLAZO GX270 GX390 GX420 GX440;;;Kit Pistón y Aros GX420;;;;4304058.jpg;muy_baja;4 Tiempos;Motor general;Kit de pistón;168;grilla;;;PARTES DE MOTOR 4T 13 HP 15HP HP 16HP REEMPLAZO GX270 GX390 GX420 GX440
4304059;completo;Kit Pistón y Aros GX440;Kit Pistón y Aros GX440;Motores 4T y generadores;;PARTES DE MOTOR 4T 13 HP 15HP HP 16HP REEMPLAZO GX270 GX390 GX420 GX440;;;Kit Pistón y Aros GX440;;;;4304059.jpg;muy_baja;4 Tiempos;Motor general;Kit de pistón;168;grilla;;;PARTES DE MOTOR 4T 13 HP 15HP HP 16HP REEMPLAZO GX270 GX390 GX420 GX440
4304060;completo;Block Kit Pistón y Aros GX390 GX270;Block Kit Pistón y Aros GX390 GX270;Motores 4T y generadores;;PARTES DE MOTOR 4T 13 HP 15HP HP 16HP REEMPLAZO GX270 GX390 GX420 GX440;;;Block Kit Pistón y Aros GX390 GX270;;;;4304060.jpg;muy_baja;4 Tiempos;Motor general;Kit de pistón;168;grilla;;;PARTES DE MOTOR 4T 13 HP 15HP HP 16HP REEMPLAZO GX270 GX390 GX420 GX440
4305040;completo;Aros de Pistón GX160;Aros de Pistón GX160;Motores 4T y generadores;;PARTES DE MOTOR 5.5 HP 6.5 HP REEMPLAZO GX160 GX200;;;Aros de Pistón GX160;;;;4305040.jpg;muy_baja;4 Tiempos;Motor general;Aros;162;grilla;;;PARTES DE MOTOR 5.5 HP 6.5 HP REEMPLAZO GX160 GX200
4305041;falta_descripcion_con_foto;Partes de motor 4t 13 hp 15hp hp 16hp reemplazo gx270 gx390 gx420 gx440;;Motores 4T y generadores;;PARTES DE MOTOR 4T 13 HP 15HP HP 16HP REEMPLAZO GX270 GX390 GX420 GX440;;;;;;;4305041.jpg;muy_baja;4 Tiempos;Motor general;Aros;168;grilla;categoria;;PARTES DE MOTOR 4T 13 HP 15HP HP 16HP REEMPLAZO GX270 GX390 GX420 GX440
4305042;falta_descripcion_con_foto;Partes de motor 4t 13 hp 15hp hp 16hp reemplazo gx270 gx390 gx420 gx440;;Motores 4T y generadores;;PARTES DE MOTOR 4T 13 HP 15HP HP 16HP REEMPLAZO GX270 GX390 GX420 GX440;;;;;;;4305042.jpg;muy_baja;4 Tiempos;Motor general;Aros;168;grilla;categoria;;PARTES DE MOTOR 4T 13 HP 15HP HP 16HP REEMPLAZO GX270 GX390 GX420 GX440
4305043;falta_descripcion_con_foto;Partes de motor 4t 13 hp 15hp hp 16hp reemplazo gx270 gx390 gx420 gx440;;Motores 4T y generadores;;PARTES DE MOTOR 4T 13 HP 15HP HP 16HP REEMPLAZO GX270 GX390 GX420 GX440;;;;;;;4305043.jpg;muy_baja;4 Tiempos;Motor general;Aros;168;grilla;categoria;;PARTES DE MOTOR 4T 13 HP 15HP HP 16HP REEMPLAZO GX270 GX390 GX420 GX440
4305044;falta_descripcion_con_foto;Partes de motor 4t 13 hp 15hp hp 16hp reemplazo gx270 gx390 gx420 gx440;;Motores 4T y generadores;;PARTES DE MOTOR 4T 13 HP 15HP HP 16HP REEMPLAZO GX270 GX390 GX420 GX440;;;;;;;4305044.jpg;muy_baja;4 Tiempos;Motor general;Aros;168;grilla;categoria;;PARTES DE MOTOR 4T 13 HP 15HP HP 16HP REEMPLAZO GX270 GX390 GX420 GX440
4305045;completo;Aros de Pistón GX200;Aros de Pistón GX200;Motores 4T y generadores;;PARTES DE MOTOR 5.5 HP 6.5 HP REEMPLAZO GX160 GX200;;;Aros de Pistón GX200;;;;4305045.jpg;muy_baja;4 Tiempos;Motor general;Aros;162;grilla;;;PARTES DE MOTOR 5.5 HP 6.5 HP REEMPLAZO GX160 GX200
4307220;completo;"Filtro De Aire Espuma B&S 4,5 hp";"Filtro De Aire Espuma B&S 4,5 hp";Motores 4T y generadores;;FILTROS DE AIRE REEMPLAZOS 4T;Briggs & Stratton;;"Filtro De Aire Espuma B&S 4,5 hp";;;;4307220.jpg;media;4 Tiempos;Motor general;Filtro de aire;29;grilla;;;FILTROS DE AIRE REEMPLAZOS 4T - B&S
4307221;completo;"Filtro De Aire Espuma B&S 3,5 hp";"Filtro De Aire Espuma B&S 3,5 hp";Motores 4T y generadores;;FILTROS DE AIRE REEMPLAZOS 4T;Briggs & Stratton;;"Filtro De Aire Espuma B&S 3,5 hp";;;;4307221.jpg;media;4 Tiempos;Motor general;Filtro de aire;29;grilla;;;FILTROS DE AIRE REEMPLAZOS 4T - B&S
4307222;completo;Filtro Aire de Esponja;Filtro Aire de Esponja;Motores 4T y generadores;Motores 4T y generadores;3500;;;Filtro Aire de Esponja;;;;4307222.jpg;muy_baja;4 Tiempos;Motor general;Filtro de aire;166;grilla;;;PARTES DE GENERADOR 2500 - 3500
4307223;falta_descripcion;Filtros de aire reemplazos 4t — Honda;;Motores 4T y generadores;;FILTROS DE AIRE REEMPLAZOS 4T;Honda;;;;;;;;4 Tiempos;Motor general;Filtro de aire;32;grilla;categoria;;FILTROS DE AIRE REEMPLAZOS 4T - HONDA
4307224;falta_descripcion;Filtros de aire reemplazos 4t — Honda;;Motores 4T y generadores;;FILTROS DE AIRE REEMPLAZOS 4T;Honda;;;;;;;;4 Tiempos;Motor general;Filtro de aire;32;grilla;categoria;;FILTROS DE AIRE REEMPLAZOS 4T - HONDA
4307226;completo;Caja Filtro de Aire Completa (papel);Caja Filtro de Aire Completa (papel);Motores 4T y generadores;;PARTES DE MOTOR 4T 13 HP 15HP HP 16HP REEMPLAZO GX270 GX390 GX420 GX440;;;Caja Filtro de Aire Completa (papel);;;;4307226.jpg;muy_baja;4 Tiempos;Motor general;Filtro de aire;170;grilla;;;PARTES DE MOTOR 4T 13 HP 15HP HP 16HP REEMPLAZO GX270 GX390 GX420 GX440
4307227;completo;Filtro de Aire Papel Caja Filtro de Aire Caja Filtro de Aire GX270…;Filtro de Aire Papel Caja Filtro de Aire Caja Filtro de Aire GX270 Completa (aceite) Completa (esponja);Motores 4T y generadores;;PARTES DE MOTOR 4T 13 HP 15HP HP 16HP REEMPLAZO GX270 GX390 GX420 GX440;;;Filtro de Aire Papel Caja Filtro de Aire Caja Filtro de Aire GX270 Completa (aceite) Completa (esponja);;;;4307227.jpg;muy_baja;4 Tiempos;Motor general;Filtro de aire;170;grilla;;;PARTES DE MOTOR 4T 13 HP 15HP HP 16HP REEMPLAZO GX270 GX390 GX420 GX440
4307228;completo;Caja Filtro de Aire Completa (esponja) GX160 GX200;Caja Filtro de Aire Completa (esponja) GX160 GX200;Motores 4T y generadores;;PARTES DE MOTOR 5.5 HP 6.5 HP REEMPLAZO GX160 GX200;;;Caja Filtro de Aire Completa (esponja) GX160 GX200;;;;4307228.jpg;muy_baja;4 Tiempos;Motor general;Filtro de aire;163;grilla;;;PARTES DE MOTOR 5.5 HP 6.5 HP REEMPLAZO GX160 GX200
4307229;completo;Caja Filtro de Aire Completa (papel) GX160 GX200;Caja Filtro de Aire Completa (papel) GX160 GX200;Motores 4T y generadores;;PARTES DE MOTOR 5.5 HP 6.5 HP REEMPLAZO GX160 GX200;;;Caja Filtro de Aire Completa (papel) GX160 GX200;;;;;;4 Tiempos;Motor general;Filtro de aire;163;grilla;;;PARTES DE MOTOR 5.5 HP 6.5 HP REEMPLAZO GX160 GX200
4307230;completo;Caja Filtro de Aire Completa (aceite) GX160 GX200;Caja Filtro de Aire Completa (aceite) GX160 GX200;Motores 4T y generadores;;PARTES DE MOTOR 5.5 HP 6.5 HP REEMPLAZO GX160 GX200;;;Caja Filtro de Aire Completa (aceite) GX160 GX200;;;;;;4 Tiempos;Motor general;Filtro de aire;163;grilla;;;PARTES DE MOTOR 5.5 HP 6.5 HP REEMPLAZO GX160 GX200
4307231;completo;Filtro de Aire (esponja) GX160 GX200;Filtro de Aire (esponja) GX160 GX200;Motores 4T y generadores;;PARTES DE MOTOR 5.5 HP 6.5 HP REEMPLAZO GX160 GX200;;;Filtro de Aire (esponja) GX160 GX200;;;;;;4 Tiempos;Motor general;Filtro de aire;163;grilla;;;PARTES DE MOTOR 5.5 HP 6.5 HP REEMPLAZO GX160 GX200
4307232;completo;Filtro de Combustible GX160 GX200;Filtro de Combustible GX160 GX200;Motores 4T y generadores;;PARTES DE MOTOR 5.5 HP 6.5 HP REEMPLAZO GX160 GX200;;;Filtro de Combustible GX160 GX200;;;;4307232.jpg;baja;4 Tiempos;Motor general;Filtro de aire;165;grilla;;;PARTES DE MOTOR 5.5 HP 6.5 HP REEMPLAZO GX160 GX200
4307233;falta_descripcion_con_foto;Partes de motor 4t 13 hp 15hp hp 16hp reemplazo gx270 gx390 gx420 gx440;;Motores 4T y generadores;;PARTES DE MOTOR 4T 13 HP 15HP HP 16HP REEMPLAZO GX270 GX390 GX420 GX440;;;;;;;4307233.jpg;muy_baja;4 Tiempos;Motor general;Filtro de aire;170;grilla;categoria;;PARTES DE MOTOR 4T 13 HP 15HP HP 16HP REEMPLAZO GX270 GX390 GX420 GX440
4307326;falta_descripcion_con_foto;Partes de motor 4t 13 hp 15hp hp 16hp reemplazo gx270 gx390 gx420 gx440;;Motores 4T y generadores;;PARTES DE MOTOR 4T 13 HP 15HP HP 16HP REEMPLAZO GX270 GX390 GX420 GX440;;;;;;;4307326.jpg;muy_baja;4 Tiempos;Motor general;Filtro de aire;170;grilla;categoria;;PARTES DE MOTOR 4T 13 HP 15HP HP 16HP REEMPLAZO GX270 GX390 GX420 GX440
4307327;completo;Filtro de Aire (papel) GX160 GX200;Filtro de Aire (papel) GX160 GX200;Motores 4T y generadores;;PARTES DE MOTOR 5.5 HP 6.5 HP REEMPLAZO GX160 GX200;;;Filtro de Aire (papel) GX160 GX200;;;;;;4 Tiempos;Motor general;Filtro de aire;163;grilla;;;PARTES DE MOTOR 5.5 HP 6.5 HP REEMPLAZO GX160 GX200
4307328;completo;Filtro de Aire Papel GX390;Filtro de Aire Papel GX390;Motores 4T y generadores;;PARTES DE MOTOR 4T 13 HP 15HP HP 16HP REEMPLAZO GX270 GX390 GX420 GX440;;;Filtro de Aire Papel GX390;;;;;;4 Tiempos;Motor general;Filtro de aire;170;grilla;;;PARTES DE MOTOR 4T 13 HP 15HP HP 16HP REEMPLAZO GX270 GX390 GX420 GX440
4307600;completo;Filtro De Aire Espuma B&S 5 / 6.5 hp 491588;Filtro De Aire Espuma B&S 5 / 6.5 hp 491588;Motores 4T y generadores;;FILTROS DE AIRE REEMPLAZOS 4T;Briggs & Stratton;;Filtro De Aire Espuma B&S 5 / 6.5 hp 491588;;;;4307600.jpg;media;4 Tiempos;Motor general;Filtro de aire;29;grilla;;;FILTROS DE AIRE REEMPLAZOS 4T - B&S
4307601;completo;Filtro De Aire B&S 6.5 hp;Filtro De Aire B&S 6.5 hp;Motores 4T y generadores;;FILTROS DE AIRE REEMPLAZOS 4T;Briggs & Stratton;;Filtro De Aire B&S 6.5 hp;;;;4307601.jpg;media;4 Tiempos;Motor general;Filtro de aire;29;grilla;;;FILTROS DE AIRE REEMPLAZOS 4T - B&S
4307602;falta_descripcion;Filtros de aire reemplazos 4t — Honda;;Motores 4T y generadores;;FILTROS DE AIRE REEMPLAZOS 4T;Honda;;;;;;;;4 Tiempos;Motor general;Filtro de aire;32;grilla;categoria;;FILTROS DE AIRE REEMPLAZOS 4T - HONDA
4307603;falta_descripcion;Filtros de aire reemplazos 4t — Briggs & Stratton;;Motores 4T y generadores;;FILTROS DE AIRE REEMPLAZOS 4T;Briggs & Stratton;;;;;;;;4 Tiempos;Motor general;Filtro de aire;30;grilla;categoria;;FILTROS DE AIRE REEMPLAZOS 4T - B&S
4307604;falta_descripcion;Filtros de aire reemplazos 4t — Briggs & Stratton;;Motores 4T y generadores;;FILTROS DE AIRE REEMPLAZOS 4T;Briggs & Stratton;;;;;;;;4 Tiempos;Motor general;Filtro de aire;30;grilla;categoria;;FILTROS DE AIRE REEMPLAZOS 4T - B&S
4307605;falta_descripcion;Filtros de aire reemplazos 4t — Briggs & Stratton;;Motores 4T y generadores;;FILTROS DE AIRE REEMPLAZOS 4T;Briggs & Stratton;;;;;;;;4 Tiempos;Motor general;Filtro de aire;30;grilla;categoria;;FILTROS DE AIRE REEMPLAZOS 4T - B&S
4307606;falta_descripcion;Filtros de aire reemplazos 4t — Briggs & Stratton;;Motores 4T y generadores;;FILTROS DE AIRE REEMPLAZOS 4T;Briggs & Stratton;;;;;;;;4 Tiempos;Motor general;Filtro de aire;30;grilla;categoria;;FILTROS DE AIRE REEMPLAZOS 4T - B&S
4307608;falta_descripcion;Filtros de aire reemplazos 4t — Briggs & Stratton;;Motores 4T y generadores;;FILTROS DE AIRE REEMPLAZOS 4T;Briggs & Stratton;;;;;;;;4 Tiempos;Motor general;Filtro de aire;30;grilla;categoria;;FILTROS DE AIRE REEMPLAZOS 4T - B&S
4307609;falta_descripcion;Filtros de aire reemplazos 4t — Briggs & Stratton;;Motores 4T y generadores;;FILTROS DE AIRE REEMPLAZOS 4T;Briggs & Stratton;;;;;;;;4 Tiempos;Motor general;Filtro de aire;30;grilla;categoria;;FILTROS DE AIRE REEMPLAZOS 4T - B&S
4307610;completo;DE AIRE 2T OLEO MAC;DE AIRE 2T OLEO MAC;Motores 4T y generadores;;FILTROS DE AIRE REEMPLAZOS 4T;Oleo Mac;;DE AIRE 2T OLEO MAC;;;;;;4 Tiempos;Motor general;Filtro de aire;30;grilla;;;FILTROS DE AIRE REEMPLAZOS 4T - B&S
4307611;completo;Filtro De Aire;Filtro De Aire REPL B&S 591334;Motores 4T y generadores;;FILTROS DE AIRE REEMPLAZOS 4T;Briggs & Stratton;;Filtro De Aire REPL B&S 591334;;;;4307611.jpg;media;4 Tiempos;Motor general;Filtro de aire;29;grilla;;;FILTROS DE AIRE REEMPLAZOS 4T - B&S
4307612;completo;Filtro De Aire Oregon;Filtro De Aire Oregon REPL B&S 394018;Motores 4T y generadores;;FILTROS DE AIRE REEMPLAZOS 4T;Briggs & Stratton;;Filtro De Aire Oregon REPL B&S 394018;;;;4307612.jpg;media;4 Tiempos;Motor general;Filtro de aire;29;grilla;;;FILTROS DE AIRE REEMPLAZOS 4T - B&S
4307613;completo;Filtro De Aire;Filtro De Aire REPL B&S 498596;Motores 4T y generadores;;FILTROS DE AIRE REEMPLAZOS 4T;Briggs & Stratton;;Filtro De Aire REPL B&S 498596;;;;4307613.jpg;media;4 Tiempos;Motor general;Filtro de aire;29;grilla;;;FILTROS DE AIRE REEMPLAZOS 4T - B&S
4307615;completo;Filtro De Aire;Filtro De Aire REPL B&S 793569;Motores 4T y generadores;;FILTROS DE AIRE REEMPLAZOS 4T;Briggs & Stratton;;Filtro De Aire REPL B&S 793569;;;;4307615.jpg;media;4 Tiempos;Motor general;Filtro de aire;29;grilla;;;FILTROS DE AIRE REEMPLAZOS 4T - B&S
4307616;completo;Filtro De Aire;Filtro De Aire REPL B&S 276890;Motores 4T y generadores;;FILTROS DE AIRE REEMPLAZOS 4T;Briggs & Stratton;;Filtro De Aire REPL B&S 276890;;;;4307616.jpg;media;4 Tiempos;Motor general;Filtro de aire;29;grilla;;;FILTROS DE AIRE REEMPLAZOS 4T - B&S
4307617;completo;Filtro De Aire;Filtro De Aire REPL B&S 272235;Motores 4T y generadores;;FILTROS DE AIRE REEMPLAZOS 4T;Briggs & Stratton;;Filtro De Aire REPL B&S 272235;;;;4307617.jpg;media;4 Tiempos;Motor general;Filtro de aire;29;grilla;;;FILTROS DE AIRE REEMPLAZOS 4T - B&S
4307618;completo;Filtro De Aire;Filtro De Aire REPL B&S 499486;Motores 4T y generadores;;FILTROS DE AIRE REEMPLAZOS 4T;Briggs & Stratton;;Filtro De Aire REPL B&S 499486;;;;4307618.jpg;media;4 Tiempos;Motor general;Filtro de aire;29;grilla;;;FILTROS DE AIRE REEMPLAZOS 4T - B&S
4307619;completo;Filtro De Aire;Filtro De Aire REPL B&S 591583;Motores 4T y generadores;;FILTROS DE AIRE REEMPLAZOS 4T;Briggs & Stratton;;Filtro De Aire REPL B&S 591583;;;;4307619.jpg;media;4 Tiempos;Motor general;Filtro de aire;29;grilla;;;FILTROS DE AIRE REEMPLAZOS 4T - B&S
4307621;completo;Filtro De Aire;Filtro De Aire REPL B&S 798897;Motores 4T y generadores;;FILTROS DE AIRE REEMPLAZOS 4T;Briggs & Stratton;;Filtro De Aire REPL B&S 798897;;;;4307621.jpg;media;4 Tiempos;Motor general;Filtro de aire;29;grilla;;;FILTROS DE AIRE REEMPLAZOS 4T - B&S
4307622;completo;Filtro De Aire;Filtro De Aire REPL B&S 792038;Motores 4T y generadores;;FILTROS DE AIRE REEMPLAZOS 4T;Briggs & Stratton;;Filtro De Aire REPL B&S 792038;;;;4307622.jpg;media;4 Tiempos;Motor general;Filtro de aire;29;grilla;;;FILTROS DE AIRE REEMPLAZOS 4T - B&S
4307623;completo;Filtro De Aire;Filtro De Aire REPL B&S 795066;Motores 4T y generadores;;FILTROS DE AIRE REEMPLAZOS 4T;Briggs & Stratton;;Filtro De Aire REPL B&S 795066;;;;4307623.jpg;media;4 Tiempos;Motor general;Filtro de aire;29;grilla;;;FILTROS DE AIRE REEMPLAZOS 4T - B&S
4307624;completo;Filtro De Aire;Filtro De Aire REPL B&S 697152;Motores 4T y generadores;;FILTROS DE AIRE REEMPLAZOS 4T;Briggs & Stratton;;Filtro De Aire REPL B&S 697152;;;;4307624.jpg;media;4 Tiempos;Motor general;Filtro de aire;29;grilla;;;FILTROS DE AIRE REEMPLAZOS 4T - B&S
4307625;completo;Filtro De Aire;Filtro De Aire REPL B&S 710266;Motores 4T y generadores;;FILTROS DE AIRE REEMPLAZOS 4T;Briggs & Stratton;;Filtro De Aire REPL B&S 710266;;;;4307625.jpg;media;4 Tiempos;Motor general;Filtro de aire;29;grilla;;;FILTROS DE AIRE REEMPLAZOS 4T - B&S
4307626;completo;Filtro De Aire;Filtro De Aire REPL B&S 697153;Motores 4T y generadores;;FILTROS DE AIRE REEMPLAZOS 4T;Briggs & Stratton;;Filtro De Aire REPL B&S 697153;;;;4307626.jpg;media;4 Tiempos;Motor general;Filtro de aire;29;grilla;;;FILTROS DE AIRE REEMPLAZOS 4T - B&S
4307627;completo;Filtro De Aire B&S 394018;Filtro De Aire B&S 394018;Motores 4T y generadores;;FILTROS DE AIRE REEMPLAZOS 4T;Briggs & Stratton;;Filtro De Aire B&S 394018;;;;4307627.jpg;media;4 Tiempos;Motor general;Filtro de aire;29;grilla;;;FILTROS DE AIRE REEMPLAZOS 4T - B&S
4307628;completo;Filtro De Aire;Filtro De Aire REPL B&S 493910;Motores 4T y generadores;;FILTROS DE AIRE REEMPLAZOS 4T;Briggs & Stratton;;Filtro De Aire REPL B&S 493910;;;;4307628.jpg;media;4 Tiempos;Motor general;Filtro de aire;29;grilla;;;FILTROS DE AIRE REEMPLAZOS 4T - B&S
4307630;falta_descripcion;Filtros de aire reemplazos 4t — Briggs & Stratton;;Motores 4T y generadores;;FILTROS DE AIRE REEMPLAZOS 4T;Briggs & Stratton;;;;;;;;4 Tiempos;Motor general;Filtro de aire;30;grilla;categoria;;FILTROS DE AIRE REEMPLAZOS 4T - B&S
4307631;falta_descripcion;Filtros de aire reemplazos 4t — Honda;;Motores 4T y generadores;;FILTROS DE AIRE REEMPLAZOS 4T;Honda;;;;;;;;4 Tiempos;Motor general;Filtro de aire;32;grilla;categoria;;FILTROS DE AIRE REEMPLAZOS 4T - HONDA
4307633;completo;KOHLER;KOHLER;Motores 4T y generadores;;FILTROS DE AIRE REEMPLAZOS 4T;Kohler;;KOHLER;;;;;;4 Tiempos;Motor general;Filtro de aire;30;grilla;;;FILTROS DE AIRE REEMPLAZOS 4T - B&S
4307634;falta_descripcion;Filtros de aire reemplazos 4t — Honda;;Motores 4T y generadores;;FILTROS DE AIRE REEMPLAZOS 4T;Honda;;;;;;;;4 Tiempos;Motor general;Filtro de aire;32;grilla;categoria;NUEVO;FILTROS DE AIRE REEMPLAZOS 4T - HONDA
4307635;falta_descripcion;Filtros de aire reemplazos 4t — Honda;;Motores 4T y generadores;;FILTROS DE AIRE REEMPLAZOS 4T;Honda;;;;;;;;4 Tiempos;Motor general;Filtro de aire;32;grilla;categoria;;FILTROS DE AIRE REEMPLAZOS 4T - HONDA
4307636;completo;TECUMSEH;TECUMSEH;Motores 4T y generadores;;FILTROS DE AIRE REEMPLAZOS 4T;Tecumseh;;TECUMSEH;;;;;;4 Tiempos;Motor general;Filtro de aire;32;grilla;;;FILTROS DE AIRE REEMPLAZOS 4T - HONDA
4307637;falta_descripcion;Filtros de aire reemplazos 4t — Honda;;Motores 4T y generadores;;FILTROS DE AIRE REEMPLAZOS 4T;Honda;;;;;;;;4 Tiempos;Motor general;Filtro de aire;32;grilla;categoria;;FILTROS DE AIRE REEMPLAZOS 4T - HONDA
4307638;falta_descripcion;Filtros de aire reemplazos 4t — Honda;;Motores 4T y generadores;;FILTROS DE AIRE REEMPLAZOS 4T;Honda;;;;;;;;4 Tiempos;Motor general;Filtro de aire;32;grilla;categoria;;FILTROS DE AIRE REEMPLAZOS 4T - HONDA
4307639;falta_descripcion;Filtros de aire reemplazos 4t — Honda;;Motores 4T y generadores;;FILTROS DE AIRE REEMPLAZOS 4T;Honda;;;;;;;;4 Tiempos;Motor general;Filtro de aire;32;grilla;categoria;;FILTROS DE AIRE REEMPLAZOS 4T - HONDA
4307640;falta_descripcion;Filtros de aire reemplazos 4t — Honda;;Motores 4T y generadores;;FILTROS DE AIRE REEMPLAZOS 4T;Honda;;;;;;;;4 Tiempos;Motor general;Filtro de aire;32;grilla;categoria;;FILTROS DE AIRE REEMPLAZOS 4T - HONDA
4307642;falta_descripcion;Filtros de aire reemplazos 4t — Honda;;Motores 4T y generadores;;FILTROS DE AIRE REEMPLAZOS 4T;Honda;;;;;;;;4 Tiempos;Motor general;Filtro de aire;32;grilla;categoria;;FILTROS DE AIRE REEMPLAZOS 4T - HONDA
4307643;falta_descripcion;Filtros de aire reemplazos 4t — Honda;;Motores 4T y generadores;;FILTROS DE AIRE REEMPLAZOS 4T;Honda;;;;;;;;4 Tiempos;Motor general;Filtro de aire;32;grilla;categoria;;FILTROS DE AIRE REEMPLAZOS 4T - HONDA
4307644;falta_descripcion;Filtros de aire reemplazos 4t — Honda;;Motores 4T y generadores;;FILTROS DE AIRE REEMPLAZOS 4T;Honda;;;;;;;;4 Tiempos;Motor general;Filtro de aire;32;grilla;categoria;;FILTROS DE AIRE REEMPLAZOS 4T - HONDA
4307645;falta_descripcion;Filtros de aire reemplazos 4t — Briggs & Stratton;;Motores 4T y generadores;;FILTROS DE AIRE REEMPLAZOS 4T;Briggs & Stratton;;;;;;;;4 Tiempos;Motor general;Filtro de aire;30;grilla;categoria;;FILTROS DE AIRE REEMPLAZOS 4T - B&S
4307646;falta_descripcion;Filtros de aire reemplazos 4t — Briggs & Stratton;;Motores 4T y generadores;;FILTROS DE AIRE REEMPLAZOS 4T;Briggs & Stratton;;;;;;;;4 Tiempos;Motor general;Filtro de aire;30;grilla;categoria;;FILTROS DE AIRE REEMPLAZOS 4T - B&S
4307647;falta_descripcion;Filtros de aire reemplazos 4t — Honda;;Motores 4T y generadores;;FILTROS DE AIRE REEMPLAZOS 4T;Honda;;;;;;;;4 Tiempos;Motor general;Filtro de aire;32;grilla;categoria;;FILTROS DE AIRE REEMPLAZOS 4T - HONDA
4307648;falta_descripcion;Filtros de aire reemplazos 4t — Honda;;Motores 4T y generadores;;FILTROS DE AIRE REEMPLAZOS 4T;Honda;;;;;;;;4 Tiempos;Motor general;Filtro de aire;32;grilla;categoria;;FILTROS DE AIRE REEMPLAZOS 4T - HONDA
4307649;falta_descripcion;Filtros de aire reemplazos 4t — Honda;;Motores 4T y generadores;;FILTROS DE AIRE REEMPLAZOS 4T;Honda;;;;;;;;4 Tiempos;Motor general;Filtro de aire;32;grilla;categoria;;FILTROS DE AIRE REEMPLAZOS 4T - HONDA
4307650;falta_descripcion;Filtros de aire reemplazos 4t — Briggs & Stratton;;Motores 4T y generadores;;FILTROS DE AIRE REEMPLAZOS 4T;Briggs & Stratton;;;;;;;;4 Tiempos;Motor general;Filtro de aire;30;grilla;categoria;;FILTROS DE AIRE REEMPLAZOS 4T - B&S
4307653;completo;Oem 4238 141 0300 / 4238 140 1800 /… Stihl TS410 TS420 TS500i;Oem 4238 141 0300 / 4238 140 1800 /… Stihl TS410 TS420 TS500i;Motores 4T y generadores;;FILTROS DE AIRE REEMPLAZOS 2T;Stihl;4238;Oem 4238 141 0300 / 4238 140 1800 /… Stihl TS410 TS420 TS500i;;;;;;4 Tiempos;Motor general;Filtro de aire;34;grilla;;;FILTROS DE AIRE REEMPLAZOS 2T - STIHL
4307654;completo;Oem 4147 141 0300 Stihl FS460;Oem 4147 141 0300 Stihl FS460;Motores 4T y generadores;;FILTROS DE AIRE REEMPLAZOS 2T;Stihl;4147;Oem 4147 141 0300 Stihl FS460;;;;;;4 Tiempos;Motor general;Filtro de aire;34;grilla;;;FILTROS DE AIRE REEMPLAZOS 2T - STIHL
4307655;completo;Oem 4137-124-2800 Stihl FS85;Oem 4137-124-2800 Stihl FS85;Motores 4T y generadores;;FILTROS DE AIRE REEMPLAZOS 2T;Stihl;4137-124-2800;Oem 4137-124-2800 Stihl FS85;;;;;;4 Tiempos;Motor general;Filtro de aire;34;grilla;;;FILTROS DE AIRE REEMPLAZOS 2T - STIHL
4307656;completo;Filtro de aire;Filtro de aire para sopladoras… DE AIRE;Motores 4T y generadores;;FILTROS DE AIRE SOPLADORAS 2T;;;Filtro de aire para sopladoras… DE AIRE;;;;4307656.jpg;baja;4 Tiempos;Motor general;Filtro de aire;37;grilla;;NUEVO;FILTROS DE AIRE SOPLADORAS 2T
4307658;falta_descripcion;Filtros de aire reemplazos 2t — Husqvarna;;Motores 4T y generadores;;FILTROS DE AIRE REEMPLAZOS 2T;Husqvarna;;;;;;;;4 Tiempos;Motor general;Filtro de aire;33;grilla;categoria;;FILTROS DE AIRE REEMPLAZOS 2T - HUSQVARNA
4307659;completo;Filtro De Aire;Filtro De Aire Repl Hus-143R;Desmalezadoras;Desmalezadoras;Filtro de aire;Husqvarna;Hus-143R;Filtro De Aire Repl Hus-143R;;;;4307659.jpg;media;4 Tiempos;Motor general;Filtro de aire;97;grilla;;;PARTES DE DESMALEZADORAS REEMPLAZO HUSQVARNA 143R
4307660;falta_descripcion;Filtros de aire reemplazos 2t — Husqvarna;;Motores 4T y generadores;;FILTROS DE AIRE REEMPLAZOS 2T;Husqvarna;;;;;;;;4 Tiempos;Motor general;Filtro de aire;33;grilla;categoria;;FILTROS DE AIRE REEMPLAZOS 2T - HUSQVARNA
4307661;falta_descripcion;Filtros de aire reemplazos 2t — Husqvarna;;Motores 4T y generadores;;FILTROS DE AIRE REEMPLAZOS 2T;Husqvarna;;;;;;;;4 Tiempos;Motor general;Filtro de aire;33;grilla;categoria;;FILTROS DE AIRE REEMPLAZOS 2T - HUSQVARNA
4307662;falta_descripcion;Filtros de aire reemplazos 2t — Husqvarna;;Motores 4T y generadores;;FILTROS DE AIRE REEMPLAZOS 2T;Husqvarna;;;;;;;;4 Tiempos;Motor general;Filtro de aire;33;grilla;categoria;;FILTROS DE AIRE REEMPLAZOS 2T - HUSQVARNA
4307663;falta_descripcion;Filtros de aire reemplazos 2t — Husqvarna;;Motores 4T y generadores;;FILTROS DE AIRE REEMPLAZOS 2T;Husqvarna;;;;;;;;4 Tiempos;Motor general;Filtro de aire;33;grilla;categoria;;FILTROS DE AIRE REEMPLAZOS 2T - HUSQVARNA
4307664;falta_descripcion;Filtros de aire reemplazos 2t — Husqvarna;;Motores 4T y generadores;;FILTROS DE AIRE REEMPLAZOS 2T;Husqvarna;;;;;;;;4 Tiempos;Motor general;Filtro de aire;33;grilla;categoria;;FILTROS DE AIRE REEMPLAZOS 2T - HUSQVARNA
4307665;falta_descripcion;Filtros de aire reemplazos 2t — Husqvarna;;Motores 4T y generadores;;FILTROS DE AIRE REEMPLAZOS 2T;Husqvarna;;;;;;;;4 Tiempos;Motor general;Filtro de aire;33;grilla;categoria;;FILTROS DE AIRE REEMPLAZOS 2T - HUSQVARNA
4307666;falta_descripcion;Filtros de aire reemplazos 2t — Husqvarna;;Motores 4T y generadores;;FILTROS DE AIRE REEMPLAZOS 2T;Husqvarna;;;;;;;;4 Tiempos;Motor general;Filtro de aire;33;grilla;categoria;;FILTROS DE AIRE REEMPLAZOS 2T - HUSQVARNA
4307667;falta_descripcion;Filtros de aire reemplazos 2t — Husqvarna;;Motores 4T y generadores;;FILTROS DE AIRE REEMPLAZOS 2T;Husqvarna;;;;;;;;4 Tiempos;Motor general;Filtro de aire;33;grilla;categoria;;FILTROS DE AIRE REEMPLAZOS 2T - HUSQVARNA
4307668;falta_descripcion;Filtros de aire reemplazos 2t — Husqvarna;;Motores 4T y generadores;;FILTROS DE AIRE REEMPLAZOS 2T;Husqvarna;;;;;;;;4 Tiempos;Motor general;Filtro de aire;33;grilla;categoria;;FILTROS DE AIRE REEMPLAZOS 2T - HUSQVARNA
4307669;falta_descripcion;Filtros de aire reemplazos 2t — Husqvarna;;Motores 4T y generadores;;FILTROS DE AIRE REEMPLAZOS 2T;Husqvarna;;;;;;;;4 Tiempos;Motor general;Filtro de aire;33;grilla;categoria;;FILTROS DE AIRE REEMPLAZOS 2T - HUSQVARNA
4307670;completo;Filtro De Aire;Filtro De Aire Repl Hus-143R;Desmalezadoras;Desmalezadoras;Filtro de aire;Husqvarna;Hus-143R;Filtro De Aire Repl Hus-143R;;;;4307670.jpg;media;4 Tiempos;Motor general;Filtro de aire;97;grilla;;;PARTES DE DESMALEZADORAS REEMPLAZO HUSQVARNA 143R
4307671;falta_descripcion;Filtros de aire reemplazos 2t — Echo;;Motores 4T y generadores;;FILTROS DE AIRE REEMPLAZOS 2T;Echo;;;;;;;;4 Tiempos;Motor general;Filtro de aire;35;grilla;categoria;;FILTROS DE AIRE REEMPLAZOS 2T - ECHO
4307672;falta_descripcion;Filtros de aire reemplazos 2t — Echo;;Motores 4T y generadores;;FILTROS DE AIRE REEMPLAZOS 2T;Echo;;;;;;;;4 Tiempos;Motor general;Filtro de aire;35;grilla;categoria;;FILTROS DE AIRE REEMPLAZOS 2T - ECHO
4307673;falta_descripcion;Filtros de aire reemplazos 2t — Echo;;Motores 4T y generadores;;FILTROS DE AIRE REEMPLAZOS 2T;Echo;;;;;;;;4 Tiempos;Motor general;Filtro de aire;35;grilla;categoria;NUEVO;FILTROS DE AIRE REEMPLAZOS 2T - ECHO
4307674;falta_descripcion;Filtros de aire reemplazos 2t — Echo;;Motores 4T y generadores;;FILTROS DE AIRE REEMPLAZOS 2T;Echo;;;;;;;;4 Tiempos;Motor general;Filtro de aire;35;grilla;categoria;NUEVO;FILTROS DE AIRE REEMPLAZOS 2T - ECHO
4307675;completo;STIHL;STIHL;Motores 4T y generadores;;FILTROS DE AIRE REEMPLAZOS 2T;Stihl;;STIHL;;;;;;4 Tiempos;Motor general;Filtro de aire;35;grilla;;;FILTROS DE AIRE REEMPLAZOS 2T - ECHO
4307678;falta_descripcion;Filtros de aire reemplazos 4t — Briggs & Stratton;;Motores 4T y generadores;;FILTROS DE AIRE REEMPLAZOS 4T;Briggs & Stratton;;;;;;;;4 Tiempos;Motor general;Filtro de aire;30;grilla;categoria;;FILTROS DE AIRE REEMPLAZOS 4T - B&S
4307679;completo;Stihl FS38 FS45 FS46 FS55;Stihl FS38 FS45 FS46 FS55;Motores 4T y generadores;;FILTROS DE AIRE REEMPLAZOS 2T;Stihl;;Stihl FS38 FS45 FS46 FS55;;;;;;4 Tiempos;Motor general;Filtro de aire;34;grilla;;;FILTROS DE AIRE REEMPLAZOS 2T - STIHL
4307680;completo;Stihl FS75 FS80 FS85;Stihl FS75 FS80 FS85;Motores 4T y generadores;;FILTROS DE AIRE SOPLADORAS 2T;Stihl;;Stihl FS75 FS80 FS85;;;;;;4 Tiempos;Motor general;Filtro de aire;37;grilla;;;FILTROS DE AIRE SOPLADORAS 2T
4307685;completo;Filtro de aire con pre fi ltro GXV160…;Filtro de aire con pre fi ltro GXV160…;Motores 4T y generadores;;FILTROS DE AIRE REEMPLAZOS 4T;Honda;;Filtro de aire con pre fi ltro GXV160…;;;;;;4 Tiempos;Motor general;Filtro de aire;32;grilla;;;FILTROS DE AIRE REEMPLAZOS 4T - HONDA
4308141;completo;Filtro De Aceite Motor Chino 23hp;Filtro De Aceite Motor Chino 23hp;Minitractores;Minitractores;Filtro de aceite;;;Filtro De Aceite Motor Chino 23hp;;;;4308141.jpg;media;4 Tiempos;Motor general;Filtro de aceite;157;grilla;;;MINITRACTORES - TAMBOR DE ARRANQUE
4308142;completo;Filtro De Aceite Kohler 1205001-s;Filtro De Aceite Kohler 1205001-s;Minitractores;Minitractores;Filtro de aceite;Kohler;;Filtro De Aceite Kohler 1205001-s;;;;4308142.jpg;media;4 Tiempos;Motor general;Filtro de aceite;157;grilla;;;MINITRACTORES - TAMBOR DE ARRANQUE
4308143;completo;Filtro De Aceite;Filtro De Aceite Repl Briggs & Stratton 491056;Minitractores;Minitractores;Filtro de aceite;Briggs & Stratton;;Filtro De Aceite Repl Briggs & Stratton 491056;;;;4308143.jpg;media;4 Tiempos;Motor general;Filtro de aceite;157;grilla;;;MINITRACTORES - TAMBOR DE ARRANQUE
4308144;completo;Filtro De Aceite;Filtro De Aceite Repl Briggs & Stratton 492932;Minitractores;Minitractores;Filtro de aceite;Briggs & Stratton;;Filtro De Aceite Repl Briggs & Stratton 492932;;;;4308144.jpg;media;4 Tiempos;Motor general;Filtro de aceite;157;grilla;;;MINITRACTORES - TAMBOR DE ARRANQUE
4308145;completo;Filtro De Aceite;Filtro De Aceite Repl Toro 24hp 136-17848;Minitractores;Minitractores;Filtro de aceite;Toro;;Filtro De Aceite Repl Toro 24hp 136-17848;;;;4308145.jpg;media;4 Tiempos;Motor general;Filtro de aceite;157;grilla;;;MINITRACTORES - TAMBOR DE ARRANQUE
4309381;falta_descripcion;Kits de juntas y diafragmas;;Motores 4T y generadores;;KITS DE JUNTAS Y DIAFRAGMAS;;;;;;;;;4 Tiempos;Motor general;Juntas de carburador;49;grilla;categoria;;KITS DE JUNTAS Y DIAFRAGMAS
4309384;falta_descripcion;Kits de juntas y diafragmas;;Motores 4T y generadores;;KITS DE JUNTAS Y DIAFRAGMAS;;;;;;;;;4 Tiempos;Motor general;Juntas de carburador;49;grilla;categoria;;KITS DE JUNTAS Y DIAFRAGMAS
4309385;completo;Junta de cuba de carburador B&S 695426;Junta de cuba de carburador B&S 695426;Motores 4T y generadores;;CARBURADORES;Briggs & Stratton;;Junta de cuba de carburador B&S 695426;;;;;;4 Tiempos;Motor general;Juntas de carburador;50;grilla;;;CARBURADORES - REPARACIONES DE CARBURADOR
4310391;falta_descripcion_con_foto;Carburadores;;Motores 4T y generadores;;CARBURADORES;;;;;;;4310391.jpg;baja;4 Tiempos;Motor general;Juntas de motor;51;grilla;categoria;;CARBURADORES - REPARACIONES DE CARBURADOR
4310392;falta_descripcion_con_foto;Carburadores;;Motores 4T y generadores;;CARBURADORES;;;;;;;4310392.jpg;baja;4 Tiempos;Motor general;Juntas de motor;51;grilla;categoria;;CARBURADORES - REPARACIONES DE CARBURADOR
4310393;falta_descripcion_con_foto;Carburadores;;Motores 4T y generadores;;CARBURADORES;;;;;;;4310393.jpg;baja;4 Tiempos;Motor general;Juntas de motor;51;grilla;categoria;;CARBURADORES - REPARACIONES DE CARBURADOR
4310394;falta_descripcion_con_foto;Carburadores;;Motores 4T y generadores;;CARBURADORES;;;;;;;4310394.jpg;baja;4 Tiempos;Motor general;Juntas de motor;51;grilla;categoria;;CARBURADORES - REPARACIONES DE CARBURADOR
4310395;falta_descripcion_con_foto;Carburadores;;Motores 4T y generadores;;CARBURADORES;;;;;;;4310395.jpg;baja;4 Tiempos;Motor general;Juntas de motor;51;grilla;categoria;;CARBURADORES - REPARACIONES DE CARBURADOR
4310396;falta_descripcion_con_foto;Carburadores — Briggs & Stratton;;Motores 4T y generadores;;CARBURADORES;Briggs & Stratton;;;;;;4310396.jpg;baja;4 Tiempos;Motor general;Juntas de motor;51;grilla;categoria;;CARBURADORES - REPARACIONES DE CARBURADOR
4310397;falta_descripcion_con_foto;Carburadores — Briggs & Stratton;;Motores 4T y generadores;;CARBURADORES;Briggs & Stratton;;;;;;4310397.jpg;baja;4 Tiempos;Motor general;Juntas de motor;51;grilla;categoria;;CARBURADORES - REPARACIONES DE CARBURADOR
4310398;falta_descripcion_con_foto;Carburadores — Briggs & Stratton;;Motores 4T y generadores;;CARBURADORES;Briggs & Stratton;;;;;;4310398.jpg;baja;4 Tiempos;Motor general;Juntas de motor;51;grilla;categoria;;CARBURADORES - REPARACIONES DE CARBURADOR
4310399;falta_descripcion_con_foto;Carburadores — Briggs & Stratton;;Motores 4T y generadores;;CARBURADORES;Briggs & Stratton;;;;;;4310399.jpg;baja;4 Tiempos;Motor general;Juntas de motor;51;grilla;categoria;;CARBURADORES - REPARACIONES DE CARBURADOR
4310400;falta_descripcion_con_foto;Carburadores — Briggs & Stratton;;Motores 4T y generadores;;CARBURADORES;Briggs & Stratton;;;;;;4310400.jpg;baja;4 Tiempos;Motor general;Juntas de motor;51;grilla;categoria;;CARBURADORES - REPARACIONES DE CARBURADOR
4310401;falta_descripcion_con_foto;Carburadores — Briggs & Stratton;;Motores 4T y generadores;;CARBURADORES;Briggs & Stratton;;;;;;4310401.jpg;baja;4 Tiempos;Motor general;Juntas de motor;51;grilla;categoria;;CARBURADORES - REPARACIONES DE CARBURADOR
4310402;falta_descripcion_con_foto;Kohler — Kohler;;Juntas de motor;Juntas de motor;KOHLER;Kohler;;;;;;4310402.jpg;media;4 Tiempos;Motor general;Juntas de motor;53;grilla;categoria;;JUNTAS DE MOTOR 4 TIEMPOS - KOHLER
4310403;falta_descripcion_con_foto;Kohler — Kohler;;Juntas de motor;Juntas de motor;KOHLER;Kohler;;;;;;4310403.jpg;media;4 Tiempos;Motor general;Juntas de motor;53;grilla;categoria;;JUNTAS DE MOTOR 4 TIEMPOS - KOHLER
4310404;falta_descripcion_con_foto;Kohler — Kohler;;Juntas de motor;Juntas de motor;KOHLER;Kohler;;;;;;4310404.jpg;media;4 Tiempos;Motor general;Juntas de motor;53;grilla;categoria;;JUNTAS DE MOTOR 4 TIEMPOS - KOHLER
4310405;completo;Junta de Carburador GX160 GX200;Junta de Carburador GX160 GX200;Motores 4T y generadores;;PARTES DE MOTOR 5.5 HP 6.5 HP REEMPLAZO GX160 GX200;;;Junta de Carburador GX160 GX200;;;;4310405.jpg;media;4 Tiempos;Motor general;Juntas de motor;164;grilla;;;PARTES DE MOTOR 5.5 HP 6.5 HP REEMPLAZO GX160 GX200
4310406;completo;Junta Filtro de Aire GX160 GX200;Junta Filtro de Aire GX160 GX200;Motores 4T y generadores;;PARTES DE MOTOR 5.5 HP 6.5 HP REEMPLAZO GX160 GX200;;;Junta Filtro de Aire GX160 GX200;;;;4310406.jpg;media;4 Tiempos;Motor general;Juntas de motor;164;grilla;;;PARTES DE MOTOR 5.5 HP 6.5 HP REEMPLAZO GX160 GX200
4310407;completo;Junta Filtro de Aire GX160 GX200;Junta Filtro de Aire GX160 GX200;Motores 4T y generadores;;PARTES DE MOTOR 5.5 HP 6.5 HP REEMPLAZO GX160 GX200;;;Junta Filtro de Aire GX160 GX200;;;;4310407.jpg;media;4 Tiempos;Motor general;Juntas de motor;164;grilla;;;PARTES DE MOTOR 5.5 HP 6.5 HP REEMPLAZO GX160 GX200
4310408;falta_descripcion_con_foto;Kohler — Kohler;;Juntas de motor;Juntas de motor;KOHLER;Kohler;;;;;;4310408.jpg;media;4 Tiempos;Motor general;Juntas de motor;53;grilla;categoria;;JUNTAS DE MOTOR 4 TIEMPOS - KOHLER
4310409;completo;Junta Tapa de Válvulas GX160 GX200;Junta Tapa de Válvulas GX160 GX200;Motores 4T y generadores;;PARTES DE MOTOR 5.5 HP 6.5 HP REEMPLAZO GX160 GX200;;;Junta Tapa de Válvulas GX160 GX200;;;;4310409.jpg;media;4 Tiempos;Motor general;Juntas de motor;164;grilla;;;PARTES DE MOTOR 5.5 HP 6.5 HP REEMPLAZO GX160 GX200
4310410;completo;Junta de Carburador GX390;Junta de Carburador GX390;Motores 4T y generadores;;PARTES DE MOTOR 4T 13 HP 15HP HP 16HP REEMPLAZO GX270 GX390 GX420 GX440;;;Junta de Carburador GX390;;;;4310410.jpg;media;4 Tiempos;Motor general;Juntas de motor;172;grilla;;;PARTES DE MOTOR 4T 13 HP 15HP HP 16HP REEMPLAZO GX270 GX390 GX420 GX440
4310411;completo;Junta de Filtro de Aire Junta de Filtro de Aire GX270 GX390;Junta de Filtro de Aire Junta de Filtro de Aire GX270 GX390;Motores 4T y generadores;;PARTES DE MOTOR 4T 13 HP 15HP HP 16HP REEMPLAZO GX270 GX390 GX420 GX440;;;Junta de Filtro de Aire Junta de Filtro de Aire GX270 GX390;;;;4310411.jpg;media;4 Tiempos;Motor general;Juntas de motor;172;grilla;;;PARTES DE MOTOR 4T 13 HP 15HP HP 16HP REEMPLAZO GX270 GX390 GX420 GX440
4310412;falta_descripcion_con_foto;Kohler — Kohler;;Juntas de motor;Juntas de motor;KOHLER;Kohler;;;;;;4310412.jpg;media;4 Tiempos;Motor general;Juntas de motor;53;grilla;categoria;;JUNTAS DE MOTOR 4 TIEMPOS - KOHLER
4310413;falta_descripcion_con_foto;Kohler — Kohler;;Juntas de motor;Juntas de motor;KOHLER;Kohler;;;;;;4310413.jpg;media;4 Tiempos;Motor general;Juntas de motor;53;grilla;categoria;;JUNTAS DE MOTOR 4 TIEMPOS - KOHLER
4310414;falta_descripcion_con_foto;Kohler — Kohler;;Juntas de motor;Juntas de motor;KOHLER;Kohler;;;;;;4310414.jpg;media;4 Tiempos;Motor general;Juntas de motor;53;grilla;categoria;;JUNTAS DE MOTOR 4 TIEMPOS - KOHLER
4310415;falta_descripcion_con_foto;Kohler — Kohler;;Juntas de motor;Juntas de motor;KOHLER;Kohler;;;;;;4310415.jpg;media;4 Tiempos;Motor general;Juntas de motor;53;grilla;categoria;;JUNTAS DE MOTOR 4 TIEMPOS - KOHLER
4310416;falta_descripcion_con_foto;Kohler — Kohler;;Juntas de motor;Juntas de motor;KOHLER;Kohler;;;;;;4310416.jpg;media;4 Tiempos;Motor general;Juntas de motor;53;grilla;categoria;;JUNTAS DE MOTOR 4 TIEMPOS - KOHLER
4310417;falta_descripcion_con_foto;Kohler — Kohler;;Juntas de motor;Juntas de motor;KOHLER;Kohler;;;;;;4310417.jpg;media;4 Tiempos;Motor general;Juntas de motor;53;grilla;categoria;;JUNTAS DE MOTOR 4 TIEMPOS - KOHLER
4310418;completo;Junta de Carter GX160;Junta de Carter GX160;Motores 4T y generadores;;PARTES DE MOTOR 5.5 HP 6.5 HP REEMPLAZO GX160 GX200;;;Junta de Carter GX160;;;;4310418.jpg;media;4 Tiempos;Motor general;Juntas de motor;164;grilla;;;PARTES DE MOTOR 5.5 HP 6.5 HP REEMPLAZO GX160 GX200
4310419;falta_descripcion_con_foto;Kohler — Kohler;;Juntas de motor;Juntas de motor;KOHLER;Kohler;;;;;;4310419.jpg;media;4 Tiempos;Motor general;Juntas de motor;53;grilla;categoria;;JUNTAS DE MOTOR 4 TIEMPOS - KOHLER
4310421;falta_descripcion;Tapas de cilindro;;Juntas de motor;Juntas de motor;TAPAS DE CILINDRO;;;;;;;;;4 Tiempos;Motor general;Juntas de motor;55;grilla;categoria;;JUNTAS DE MOTOR 4 TIEMPOS - TAPAS DE CILINDRO - REEMPLAZOS
4310422;falta_descripcion;Tapas de cilindro;;Juntas de motor;Juntas de motor;TAPAS DE CILINDRO;;;;;;;;;4 Tiempos;Motor general;Juntas de motor;55;grilla;categoria;;JUNTAS DE MOTOR 4 TIEMPOS - TAPAS DE CILINDRO - REEMPLAZOS
4310424;falta_descripcion;Tapas de cilindro;;Juntas de motor;Juntas de motor;TAPAS DE CILINDRO;;;;;;;;;4 Tiempos;Motor general;Juntas de motor;55;grilla;categoria;;JUNTAS DE MOTOR 4 TIEMPOS - TAPAS DE CILINDRO - REEMPLAZOS
4310425;falta_descripcion;Tapas de cilindro;;Juntas de motor;Juntas de motor;TAPAS DE CILINDRO;;;;;;;;;4 Tiempos;Motor general;Juntas de motor;55;grilla;categoria;;JUNTAS DE MOTOR 4 TIEMPOS - TAPAS DE CILINDRO - REEMPLAZOS
4310426;falta_descripcion_con_foto;Partes de motor 4t 13 hp 15hp hp 16hp reemplazo gx270 gx390 gx420 gx440;;Motores 4T y generadores;;PARTES DE MOTOR 4T 13 HP 15HP HP 16HP REEMPLAZO GX270 GX390 GX420 GX440;;;;;;;4310426.jpg;muy_baja;4 Tiempos;Motor general;Juntas de motor;169;grilla;categoria;;PARTES DE MOTOR 4T 13 HP 15HP HP 16HP REEMPLAZO GX270 GX390 GX420 GX440
4310427;completo;Junta de Escape Junta de Escape Triangular GX390 GX440 GX390 GX440;Junta de Escape Junta de Escape Triangular GX390 GX440 GX390 GX440;Motores 4T y generadores;;PARTES DE MOTOR 4T 13 HP 15HP HP 16HP REEMPLAZO GX270 GX390 GX420 GX440;;;Junta de Escape Junta de Escape Triangular GX390 GX440 GX390 GX440;;;;;;4 Tiempos;Motor general;Juntas de motor;171;grilla;;;PARTES DE MOTOR 4T 13 HP 15HP HP 16HP REEMPLAZO GX270 GX390 GX420 GX440
4310428;falta_descripcion;Partes de motor 4t 13 hp 15hp hp 16hp reemplazo gx270 gx390 gx420 gx440;;Motores 4T y generadores;;PARTES DE MOTOR 4T 13 HP 15HP HP 16HP REEMPLAZO GX270 GX390 GX420 GX440;;;;;;;;;4 Tiempos;Motor general;Juntas de motor;171;grilla;categoria;;PARTES DE MOTOR 4T 13 HP 15HP HP 16HP REEMPLAZO GX270 GX390 GX420 GX440
4310429;completo;Junta Tapa Junta Tapa Junta Tapa de Cilindro de Cilindro de…;Junta Tapa Junta Tapa Junta Tapa de Cilindro de Cilindro de Cilindro GX420 GX390 GX270;Motores 4T y generadores;;PARTES DE MOTOR 4T 13 HP 15HP HP 16HP REEMPLAZO GX270 GX390 GX420 GX440;;;Junta Tapa Junta Tapa Junta Tapa de Cilindro de Cilindro de Cilindro GX420 GX390 GX270;;;;;;4 Tiempos;Motor general;Juntas de motor;171;grilla;;;PARTES DE MOTOR 4T 13 HP 15HP HP 16HP REEMPLAZO GX270 GX390 GX420 GX440
4310431;falta_descripcion;Tapas de cilindro;;Juntas de motor;Juntas de motor;TAPAS DE CILINDRO;;;;;;;;;4 Tiempos;Motor general;Juntas de motor;55;grilla;categoria;;JUNTAS DE MOTOR 4 TIEMPOS - TAPAS DE CILINDRO - REEMPLAZOS
4310432;falta_descripcion_con_foto;Partes de motor 4t 13 hp 15hp hp 16hp reemplazo gx270 gx390 gx420 gx440;;Motores 4T y generadores;;PARTES DE MOTOR 4T 13 HP 15HP HP 16HP REEMPLAZO GX270 GX390 GX420 GX440;;;;;;;4310432.jpg;muy_baja;4 Tiempos;Motor general;Juntas de motor;171;grilla;categoria;;PARTES DE MOTOR 4T 13 HP 15HP HP 16HP REEMPLAZO GX270 GX390 GX420 GX440
4310433;completo;Junta Tapa de Cilindro GX440;Junta Tapa de Cilindro GX440;Motores 4T y generadores;;PARTES DE MOTOR 4T 13 HP 15HP HP 16HP REEMPLAZO GX270 GX390 GX420 GX440;;;Junta Tapa de Cilindro GX440;;;;;;4 Tiempos;Motor general;Juntas de motor;171;grilla;;;PARTES DE MOTOR 4T 13 HP 15HP HP 16HP REEMPLAZO GX270 GX390 GX420 GX440
4310434;completo;Kit Juntas de Motor Kit Juntas de Motor Kit Juntas de Motor Kit…;Kit Juntas de Motor Kit Juntas de Motor Kit Juntas de Motor Kit Juntas de Motor Junta de Carter GX270 GX390 GX420 GX440 GX270;Motores 4T y generadores;;PARTES DE MOTOR 4T 13 HP 15HP HP 16HP REEMPLAZO GX270 GX390 GX420 GX440;;;Kit Juntas de Motor Kit Juntas de Motor Kit Juntas de Motor Kit Juntas de Motor Junta de Carter GX270 GX390 GX420 GX440 GX270;;;;4310434.jpg;muy_baja;4 Tiempos;Motor general;Juntas de motor;171;grilla;;;PARTES DE MOTOR 4T 13 HP 15HP HP 16HP REEMPLAZO GX270 GX390 GX420 GX440
4310435;completo;Junta de Carter GX390 GX420;Junta de Carter GX390 GX420;Motores 4T y generadores;;PARTES DE MOTOR 4T 13 HP 15HP HP 16HP REEMPLAZO GX270 GX390 GX420 GX440;;;Junta de Carter GX390 GX420;;;;;;4 Tiempos;Motor general;Juntas de motor;171;grilla;;;PARTES DE MOTOR 4T 13 HP 15HP HP 16HP REEMPLAZO GX270 GX390 GX420 GX440
4310436;completo;Junta de Carter GX440;Junta de Carter GX440;Motores 4T y generadores;;PARTES DE MOTOR 4T 13 HP 15HP HP 16HP REEMPLAZO GX270 GX390 GX420 GX440;;;Junta de Carter GX440;;;;;;4 Tiempos;Motor general;Juntas de motor;171;grilla;;;PARTES DE MOTOR 4T 13 HP 15HP HP 16HP REEMPLAZO GX270 GX390 GX420 GX440
4310437;completo;Junta de Carburador GX270;Junta de Carburador GX270;Motores 4T y generadores;;PARTES DE MOTOR 4T 13 HP 15HP HP 16HP REEMPLAZO GX270 GX390 GX420 GX440;;;Junta de Carburador GX270;;;;4310437.jpg;muy_baja;4 Tiempos;Motor general;Juntas de motor;172;grilla;;;PARTES DE MOTOR 4T 13 HP 15HP HP 16HP REEMPLAZO GX270 GX390 GX420 GX440
4310438;completo;Kit Juntas Completo GX160;Kit Juntas Completo GX160;Motores 4T y generadores;;PARTES DE MOTOR 5.5 HP 6.5 HP REEMPLAZO GX160 GX200;;;Kit Juntas Completo GX160;;;;4310438.jpg;muy_baja;4 Tiempos;Motor general;Juntas de motor;164;grilla;;;PARTES DE MOTOR 5.5 HP 6.5 HP REEMPLAZO GX160 GX200
4310439;completo;Kit Juntas Completo GX200;Kit Juntas Completo GX200;Motores 4T y generadores;;PARTES DE MOTOR 5.5 HP 6.5 HP REEMPLAZO GX160 GX200;;;Kit Juntas Completo GX200;;;;4310439.jpg;muy_baja;4 Tiempos;Motor general;Juntas de motor;164;grilla;;;PARTES DE MOTOR 5.5 HP 6.5 HP REEMPLAZO GX160 GX200
4310442;falta_descripcion;Tapas de cilindro;;Juntas de motor;Juntas de motor;TAPAS DE CILINDRO;;;;;;;;;4 Tiempos;Motor general;Juntas de motor;55;grilla;categoria;;JUNTAS DE MOTOR 4 TIEMPOS - TAPAS DE CILINDRO - REEMPLAZOS
4310443;completo;Junta Tapa de Cilindro GX160;Junta Tapa de Cilindro GX160;Motores 4T y generadores;;PARTES DE MOTOR 5.5 HP 6.5 HP REEMPLAZO GX160 GX200;;;Junta Tapa de Cilindro GX160;;;;4310443.jpg;muy_baja;4 Tiempos;Motor general;Juntas de motor;164;grilla;;;PARTES DE MOTOR 5.5 HP 6.5 HP REEMPLAZO GX160 GX200
4310444;falta_descripcion_con_foto;Tapas de cilindro;;Juntas de motor;Juntas de motor;TAPAS DE CILINDRO;;;;;;;4310444.jpg;muy_baja;4 Tiempos;Motor general;Juntas de motor;55;grilla;categoria;;JUNTAS DE MOTOR 4 TIEMPOS - TAPAS DE CILINDRO - REEMPLAZOS
4310445;completo;Junta de Filtro de Aire Junta de Filtro de Aire GX270 GX390;Junta de Filtro de Aire Junta de Filtro de Aire GX270 GX390;Motores 4T y generadores;;PARTES DE MOTOR 4T 13 HP 15HP HP 16HP REEMPLAZO GX270 GX390 GX420 GX440;;;Junta de Filtro de Aire Junta de Filtro de Aire GX270 GX390;;;;;;4 Tiempos;Motor general;Juntas de motor;171;grilla;;;PARTES DE MOTOR 4T 13 HP 15HP HP 16HP REEMPLAZO GX270 GX390 GX420 GX440
4310446;falta_descripcion_con_foto;Partes de motor 4t 13 hp 15hp hp 16hp reemplazo gx270 gx390 gx420 gx440;;Motores 4T y generadores;;PARTES DE MOTOR 4T 13 HP 15HP HP 16HP REEMPLAZO GX270 GX390 GX420 GX440;;;;;;;4310446.jpg;muy_baja;4 Tiempos;Motor general;Juntas de motor;171;grilla;categoria;;PARTES DE MOTOR 4T 13 HP 15HP HP 16HP REEMPLAZO GX270 GX390 GX420 GX440
4310447;falta_descripcion_con_foto;Partes de motor 4t 13 hp 15hp hp 16hp reemplazo gx270 gx390 gx420 gx440;;Motores 4T y generadores;;PARTES DE MOTOR 4T 13 HP 15HP HP 16HP REEMPLAZO GX270 GX390 GX420 GX440;;;;;;;4310447.jpg;muy_baja;4 Tiempos;Motor general;Juntas de motor;171;grilla;categoria;;PARTES DE MOTOR 4T 13 HP 15HP HP 16HP REEMPLAZO GX270 GX390 GX420 GX440
4310448;falta_descripcion_con_foto;Partes de motor 4t 13 hp 15hp hp 16hp reemplazo gx270 gx390 gx420 gx440;;Motores 4T y generadores;;PARTES DE MOTOR 4T 13 HP 15HP HP 16HP REEMPLAZO GX270 GX390 GX420 GX440;;;;;;;4310448.jpg;muy_baja;4 Tiempos;Motor general;Juntas de motor;171;grilla;categoria;;PARTES DE MOTOR 4T 13 HP 15HP HP 16HP REEMPLAZO GX270 GX390 GX420 GX440
4310449;falta_descripcion_con_foto;Partes de motor 4t 13 hp 15hp hp 16hp reemplazo gx270 gx390 gx420 gx440;;Motores 4T y generadores;;PARTES DE MOTOR 4T 13 HP 15HP HP 16HP REEMPLAZO GX270 GX390 GX420 GX440;;;;;;;4310449.jpg;muy_baja;4 Tiempos;Motor general;Juntas de motor;171;grilla;categoria;;PARTES DE MOTOR 4T 13 HP 15HP HP 16HP REEMPLAZO GX270 GX390 GX420 GX440
4310450;falta_descripcion_con_foto;Partes de motor 4t 13 hp 15hp hp 16hp reemplazo gx270 gx390 gx420 gx440;;Motores 4T y generadores;;PARTES DE MOTOR 4T 13 HP 15HP HP 16HP REEMPLAZO GX270 GX390 GX420 GX440;;;;;;;4310450.jpg;muy_baja;4 Tiempos;Motor general;Juntas de motor;172;grilla;categoria;;PARTES DE MOTOR 4T 13 HP 15HP HP 16HP REEMPLAZO GX270 GX390 GX420 GX440
4310451;falta_descripcion;Tapas de cilindro;;Juntas de motor;Juntas de motor;TAPAS DE CILINDRO;;;;;;;;;4 Tiempos;Motor general;Juntas de motor;55;grilla;categoria;;JUNTAS DE MOTOR 4 TIEMPOS - TAPAS DE CILINDRO - REEMPLAZOS
4310452;completo;Junta de Escape GX160 GX200;Junta de Escape GX160 GX200;Motores 4T y generadores;;PARTES DE MOTOR 5.5 HP 6.5 HP REEMPLAZO GX160 GX200;;;Junta de Escape GX160 GX200;;;;;;4 Tiempos;Motor general;Juntas de motor;164;grilla;;;PARTES DE MOTOR 5.5 HP 6.5 HP REEMPLAZO GX160 GX200
4310453;completo;Junta Tapa de Cilindro GX200;Junta Tapa de Cilindro GX200;Motores 4T y generadores;;PARTES DE MOTOR 5.5 HP 6.5 HP REEMPLAZO GX160 GX200;;;Junta Tapa de Cilindro GX200;;;;4310453.jpg;muy_baja;4 Tiempos;Motor general;Juntas de motor;164;grilla;;;PARTES DE MOTOR 5.5 HP 6.5 HP REEMPLAZO GX160 GX200
4310454;completo;Junta de Carter GX200;Junta de Carter GX200;Motores 4T y generadores;;PARTES DE MOTOR 5.5 HP 6.5 HP REEMPLAZO GX160 GX200;;;Junta de Carter GX200;;;;4310454.jpg;muy_baja;4 Tiempos;Motor general;Juntas de motor;164;grilla;;;PARTES DE MOTOR 5.5 HP 6.5 HP REEMPLAZO GX160 GX200
4310455;falta_descripcion;Reemplazos;;Juntas de motor;Juntas de motor;REEMPLAZOS;;;;;;;;;4 Tiempos;Motor general;Juntas de motor;54;grilla;categoria;;JUNTAS DE MOTOR 4 TIEMPOS - REEMPLAZOS
4310471;falta_descripcion;Tapas de cilindro;;Juntas de motor;Juntas de motor;TAPAS DE CILINDRO;;;;;;;;;4 Tiempos;Motor general;Juntas de motor;55;grilla;categoria;NUEVO;JUNTAS DE MOTOR 4 TIEMPOS - TAPAS DE CILINDRO - REEMPLAZOS
4310476;falta_descripcion;Tapas de cilindro;;Juntas de motor;Juntas de motor;TAPAS DE CILINDRO;;;;;;;;;4 Tiempos;Motor general;Juntas de motor;55;grilla;categoria;;JUNTAS DE MOTOR 4 TIEMPOS - TAPAS DE CILINDRO - REEMPLAZOS
4310480;falta_descripcion;Tapas de cilindro;;Juntas de motor;Juntas de motor;TAPAS DE CILINDRO;;;;;;;;;4 Tiempos;Motor general;Juntas de motor;55;grilla;categoria;NUEVO;JUNTAS DE MOTOR 4 TIEMPOS - TAPAS DE CILINDRO - REEMPLAZOS
4310483;falta_descripcion;Tapas de cilindro;;Juntas de motor;Juntas de motor;TAPAS DE CILINDRO;;;;;;;;;4 Tiempos;Motor general;Juntas de motor;55;grilla;categoria;NUEVO;JUNTAS DE MOTOR 4 TIEMPOS - TAPAS DE CILINDRO - REEMPLAZOS
4310485;completo;"Junta de tapa de cilindro,… Rotary 16465";"Junta de tapa de cilindro,… Rotary 16465";Juntas de motor;Juntas de motor;TAPAS DE CILINDRO;;;"Junta de tapa de cilindro,… Rotary 16465";;;;;;4 Tiempos;Motor general;Juntas de motor;55;grilla;;NUEVO;JUNTAS DE MOTOR 4 TIEMPOS - TAPAS DE CILINDRO - REEMPLAZOS
4310486;completo;Briggs & Stratton 799587;Briggs & Stratton 799587;Juntas de motor;Juntas de motor;TAPAS DE CILINDRO;Briggs & Stratton;;Briggs & Stratton 799587;;;;;;4 Tiempos;Motor general;Juntas de motor;55;grilla;;;JUNTAS DE MOTOR 4 TIEMPOS - TAPAS DE CILINDRO - REEMPLAZOS
4310487;completo;Briggs & Stratton 692218;Briggs & Stratton 692218;Juntas de motor;Juntas de motor;TAPAS DE CILINDRO;Briggs & Stratton;;Briggs & Stratton 692218;;;;;;4 Tiempos;Motor general;Juntas de motor;55;grilla;;;JUNTAS DE MOTOR 4 TIEMPOS - TAPAS DE CILINDRO - REEMPLAZOS
4310488;completo;Kohler 20-041-13-S;Kohler 20-041-13-S;Juntas de motor;Juntas de motor;TAPAS DE CILINDRO;Kohler;;Kohler 20-041-13-S;;;;;;4 Tiempos;Motor general;Juntas de motor;55;grilla;;;JUNTAS DE MOTOR 4 TIEMPOS - TAPAS DE CILINDRO - REEMPLAZOS
4310489;completo;Kit De Juntas;Kit De Juntas REPL-B&S 697110;Motores 4T y generadores;;CARBURADORES;;;Kit De Juntas REPL-B&S 697110;;;;4310489.jpg;baja;4 Tiempos;Motor general;Juntas de motor;51;grilla;;;CARBURADORES - REPARACIONES DE CARBURADOR
4310490;completo;B&S Kit De Juntas;B&S Kit De Juntas REPL B&S 693997;Motores 4T y generadores;;CARBURADORES;Briggs & Stratton;;B&S Kit De Juntas REPL B&S 693997;;;;4310490.jpg;baja;4 Tiempos;Motor general;Juntas de motor;51;grilla;;;CARBURADORES - REPARACIONES DE CARBURADOR
4310491;completo;B&S Kit De Juntas;B&S Kit De Juntas REPL B&S 694012;Motores 4T y generadores;;CARBURADORES;Briggs & Stratton;;B&S Kit De Juntas REPL B&S 694012;;;;4310491.jpg;baja;4 Tiempos;Motor general;Juntas de motor;51;grilla;;;CARBURADORES - REPARACIONES DE CARBURADOR
4310492;completo;B&S Kit De Juntas;B&S Kit De Juntas REPL-B&S 690190;Motores 4T y generadores;;CARBURADORES;Briggs & Stratton;;B&S Kit De Juntas REPL-B&S 690190;;;;;;4 Tiempos;Motor general;Juntas de motor;51;grilla;;;CARBURADORES - REPARACIONES DE CARBURADOR
4310493;falta_descripcion;Tapas de cilindro;;Juntas de motor;Juntas de motor;TAPAS DE CILINDRO;;;;;;;;;4 Tiempos;Motor general;Juntas de motor;55;grilla;categoria;;JUNTAS DE MOTOR 4 TIEMPOS - TAPAS DE CILINDRO - REEMPLAZOS
4310494;completo;Kit De Juntas;Kit De Juntas REPL 24/841/01S;Juntas de motor;Juntas de motor;KOHLER;Kohler;;Kit De Juntas REPL 24/841/01S;;;;4310494.jpg;media;4 Tiempos;Motor general;Juntas de motor;53;grilla;;;JUNTAS DE MOTOR 4 TIEMPOS - KOHLER
4311520;falta_descripcion_con_foto;Bombines 2t;;Carburación;Carburación;BOMBINES 2T;;;;;;;4311520.jpg;muy_baja;4 Tiempos;Motor general;Bombines;25;grilla;categoria;;CARBURACIÓN - BOMBINES 2T
4311521;falta_descripcion_con_foto;Bombines 2t;;Carburación;Carburación;BOMBINES 2T;;;;;;;4311521.jpg;muy_baja;4 Tiempos;Motor general;Bombines;25;grilla;categoria;;CARBURACIÓN - BOMBINES 2T
4311522;falta_descripcion_con_foto;Bombines 2t;;Carburación;Carburación;BOMBINES 2T;;;;;;;4311522.jpg;muy_baja;4 Tiempos;Motor general;Bombines;25;grilla;categoria;;CARBURACIÓN - BOMBINES 2T
4311523;falta_descripcion_con_foto;Bombines 2t;;Carburación;Carburación;BOMBINES 2T;;;;;;;4311523.jpg;muy_baja;4 Tiempos;Motor general;Bombines;25;grilla;categoria;;CARBURACIÓN - BOMBINES 2T
4311524;falta_descripcion_con_foto;Bombines 2t;;Carburación;Carburación;BOMBINES 2T;;;;;;;4311524.jpg;muy_baja;4 Tiempos;Motor general;Bombines;25;grilla;categoria;;CARBURACIÓN - BOMBINES 2T
4311526;falta_descripcion;Bombines 2t;;Carburación;Carburación;BOMBINES 2T;;;;;;;;;4 Tiempos;Motor general;Bombines;25;grilla;categoria;;CARBURACIÓN - BOMBINES 2T
4311527;falta_descripcion;Bombines 2t;;Carburación;Carburación;BOMBINES 2T;;;;;;;;;4 Tiempos;Motor general;Bombines;25;grilla;categoria;;CARBURACIÓN - BOMBINES 2T
4311528;falta_descripcion;Bombines 2t;;Carburación;Carburación;BOMBINES 2T;;;;;;;;;4 Tiempos;Motor general;Bombines;25;grilla;categoria;;CARBURACIÓN - BOMBINES 2T
4313767;completo;Engranaje Gobernador GX160 GX200;Engranaje Gobernador GX160 GX200;Motores 4T y generadores;;PARTES DE MOTOR 5.5 HP 6.5 HP REEMPLAZO GX160 GX200;;;Engranaje Gobernador GX160 GX200;;;;4313767.jpg;muy_baja;4 Tiempos;Motor general;Caja de engranaje;162;grilla;;;PARTES DE MOTOR 5.5 HP 6.5 HP REEMPLAZO GX160 GX200
4314335;completo;Cortacorriente Estator Rotor Interruptor Tanque de (Alambre de…;Cortacorriente Estator Rotor Interruptor Tanque de (Alambre de Cobre) (Alambre de Cobre) Combustible;Motores 4T y generadores;Motores 4T y generadores;6500;;;Cortacorriente Estator Rotor Interruptor Tanque de (Alambre de Cobre) (Alambre de Cobre) Combustible;;;;4314335.jpg;muy_baja;4 Tiempos;Motor general;Tanque de combustible / tapa;175;grilla;;;PARTES DE GENERADOR 5500 - 6500 - 7500
4314800;completo;Tanque Combustible GX160 GX200;Tanque Combustible GX160 GX200;Motores 4T y generadores;;PARTES DE MOTOR 5.5 HP 6.5 HP REEMPLAZO GX160 GX200;;;Tanque Combustible GX160 GX200;;;;4314800.jpg;baja;4 Tiempos;Motor general;Tanque de combustible / tapa;165;grilla;;;PARTES DE MOTOR 5.5 HP 6.5 HP REEMPLAZO GX160 GX200
4314801;completo;Tanque Combustible Motor 13 hp;Tanque Combustible Motor 13 hp;Motores 4T y generadores;;PARTES DE MOTOR 4T 13 HP 15HP HP 16HP REEMPLAZO GX270 GX390 GX420 GX440;;;Tanque Combustible Motor 13 hp;;;;4314801.jpg;media;4 Tiempos;Motor general;Tanque de combustible / tapa;174;grilla;;;PARTES DE MOTOR 4T 13 HP 15HP HP 16HP REEMPLAZO GX270 GX390 GX420 GX440
4314802;completo;Tapa de Tanque Motores OHV GX160 GX200;Tapa de Tanque Motores OHV GX160 GX200;Motores 4T y generadores;;PARTES DE MOTOR 5.5 HP 6.5 HP REEMPLAZO GX160 GX200;;;Tapa de Tanque Motores OHV GX160 GX200;;;;4314802.jpg;baja;4 Tiempos;Motor general;Tanque de combustible / tapa;165;grilla;;;PARTES DE MOTOR 5.5 HP 6.5 HP REEMPLAZO GX160 GX200
4314803;completo;Tapa de Combustible (plástica);Tapa de Combustible (plástica);Motores 4T y generadores;;PARTES DE MOTOR 4T 13 HP 15HP HP 16HP REEMPLAZO GX270 GX390 GX420 GX440;;;Tapa de Combustible (plástica);;;;4314803.jpg;media;4 Tiempos;Motor general;Tanque de combustible / tapa;174;grilla;;;PARTES DE MOTOR 4T 13 HP 15HP HP 16HP REEMPLAZO GX270 GX390 GX420 GX440
4314804;completo;Tapa de Combustible (plástica);Tapa de Combustible (plástica);Motores 4T y generadores;;PARTES DE MOTOR 4T 13 HP 15HP HP 16HP REEMPLAZO GX270 GX390 GX420 GX440;;;Tapa de Combustible (plástica);;;;4314804.jpg;media;4 Tiempos;Motor general;Tanque de combustible / tapa;174;grilla;;;PARTES DE MOTOR 4T 13 HP 15HP HP 16HP REEMPLAZO GX270 GX390 GX420 GX440
4315221;falta_descripcion;Tapas de arranque;;Sistemas de arranque;Sistemas de arranque;Tapas de arranque;;;;;;;;;4 Tiempos;Motor general;Tapas de arranque;86;grilla;categoria;;SISTEMAS DE ARRANQUE - DESMALEZADORAS
4315222;falta_descripcion;Tapas de arranque;;Sistemas de arranque;Sistemas de arranque;Tapas de arranque;;;;;;;;;4 Tiempos;Motor general;Tapas de arranque;86;grilla;categoria;;SISTEMAS DE ARRANQUE - DESMALEZADORAS
4315223;falta_descripcion_con_foto;Tapas de arranque;;Sistemas de arranque;Sistemas de arranque;Tapas de arranque;;;;;;;4315223.jpg;muy_baja;4 Tiempos;Motor general;Tapas de arranque;86;grilla;categoria;;SISTEMAS DE ARRANQUE - DESMALEZADORAS
4315224;falta_descripcion;Tapas de arranque;;Sistemas de arranque;Sistemas de arranque;Tapas de arranque;;;;;;;;;4 Tiempos;Motor general;Tapas de arranque;86;grilla;categoria;;SISTEMAS DE ARRANQUE - DESMALEZADORAS
4315225;falta_descripcion_con_foto;Tapas de arranque;;Sistemas de arranque;Sistemas de arranque;Tapas de arranque;;;;;;;4315225.jpg;media;4 Tiempos;Motor general;Tapas de arranque;85;grilla;categoria;;SISTEMAS DE ARRANQUE - DESMALEZADORAS
4315226;falta_descripcion;Repuestos;;Sistemas de arranque;Sistemas de arranque;REPUESTOS;;;;;;;;;4 Tiempos;Motor general;Tapas de arranque;89;grilla;categoria;;SISTEMAS DE ARRANQUE - DESMALEZADORAS - OTROS - REPUESTOS
4315227;completo;Sistema de Arranque GX160 GX200;Sistema de Arranque GX160 GX200;Motores 4T y generadores;;PARTES DE MOTOR 5.5 HP 6.5 HP REEMPLAZO GX160 GX200;;;Sistema de Arranque GX160 GX200;;;;4315227.jpg;muy_baja;4 Tiempos;Motor general;Tapas de arranque;164;grilla;;;PARTES DE MOTOR 5.5 HP 6.5 HP REEMPLAZO GX160 GX200
4315228;falta_descripcion_con_foto;Maquinas 4 tiempos;;Sistemas de arranque;Sistemas de arranque;MAQUINAS 4 TIEMPOS;;;;;;;4315228.jpg;media;4 Tiempos;Motor general;Tapas de arranque;88;grilla;categoria;;SISTEMAS DE ARRANQUE - MAQUINAS 4 TIEMPOS
4315229;falta_descripcion_con_foto;Maquinas 4 tiempos;;Sistemas de arranque;Sistemas de arranque;MAQUINAS 4 TIEMPOS;;;;;;;4315229.jpg;media;4 Tiempos;Motor general;Tapas de arranque;88;grilla;categoria;;SISTEMAS DE ARRANQUE - MAQUINAS 4 TIEMPOS
4315230;completo;Sistema de Arranque GENE ET950;Sistema de Arranque GENE ET950;Sistemas de arranque;Sistemas de arranque;MAQUINAS 4 TIEMPOS;;;Sistema de Arranque GENE ET950;;;;4315230.jpg;media;4 Tiempos;Motor general;Tapas de arranque;88;grilla;;;SISTEMAS DE ARRANQUE - MAQUINAS 4 TIEMPOS
4315231;completo;Sistema de Arranque KOHLER HD675 775;Sistema de Arranque KOHLER HD675 775;Sistemas de arranque;Sistemas de arranque;MAQUINAS 4 TIEMPOS;Kohler;;Sistema de Arranque KOHLER HD675 775;;;;4315231.jpg;media;4 Tiempos;Motor general;Tapas de arranque;88;grilla;;;SISTEMAS DE ARRANQUE - MAQUINAS 4 TIEMPOS
4315232;completo;Sistema de Arranque 177F 9HP;Sistema de Arranque 177F 9HP;Sistemas de arranque;Sistemas de arranque;MAQUINAS 4 TIEMPOS;;;Sistema de Arranque 177F 9HP;;;;4315232.jpg;media;4 Tiempos;Motor general;Tapas de arranque;88;grilla;;;SISTEMAS DE ARRANQUE - MAQUINAS 4 TIEMPOS
4315233;completo;Sistema de Arranque GX35;Sistema de Arranque GX35;Sistemas de arranque;Sistemas de arranque;MAQUINAS 4 TIEMPOS;;;Sistema de Arranque GX35;;;;4315233.jpg;media;4 Tiempos;Motor general;Tapas de arranque;88;grilla;;;SISTEMAS DE ARRANQUE - MAQUINAS 4 TIEMPOS
4315236;completo;Sistema de Arranque Sistema de Arranque Sistema de Arranque…;"Sistema de Arranque Sistema de Arranque Sistema de Arranque Sistema de Arranque CHINESE 6,8HP HONDA GP160 HONDA GCV160 CHINESE 4HP";Sistemas de arranque;Sistemas de arranque;MAQUINAS 4 TIEMPOS;Honda;;"Sistema de Arranque Sistema de Arranque Sistema de Arranque Sistema de Arranque CHINESE 6,8HP HONDA GP160 HONDA GCV160 CHINESE 4HP";;;;4315236.jpg;media;4 Tiempos;Motor general;Tapas de arranque;88;grilla;;;SISTEMAS DE ARRANQUE - MAQUINAS 4 TIEMPOS
4315237;falta_descripcion_con_foto;Maquinas 4 tiempos;;Sistemas de arranque;Sistemas de arranque;MAQUINAS 4 TIEMPOS;;;;;;;4315237.jpg;media;4 Tiempos;Motor general;Tapas de arranque;88;grilla;categoria;;SISTEMAS DE ARRANQUE - MAQUINAS 4 TIEMPOS
4315238;falta_descripcion_con_foto;Maquinas 4 tiempos;;Sistemas de arranque;Sistemas de arranque;MAQUINAS 4 TIEMPOS;;;;;;;4315238.jpg;media;4 Tiempos;Motor general;Tapas de arranque;88;grilla;categoria;;SISTEMAS DE ARRANQUE - MAQUINAS 4 TIEMPOS
4315239;falta_descripcion_con_foto;Maquinas 4 tiempos;;Sistemas de arranque;Sistemas de arranque;MAQUINAS 4 TIEMPOS;;;;;;;4315239.jpg;media;4 Tiempos;Motor general;Tapas de arranque;88;grilla;categoria;;SISTEMAS DE ARRANQUE - MAQUINAS 4 TIEMPOS
4315242;falta_descripcion_con_foto;Maquinas 4 tiempos;;Sistemas de arranque;Sistemas de arranque;MAQUINAS 4 TIEMPOS;;;;;;;4315242.jpg;media;4 Tiempos;Motor general;Tapas de arranque;88;grilla;categoria;;SISTEMAS DE ARRANQUE - MAQUINAS 4 TIEMPOS
4315243;completo;Carburador Sistema de Arranque GX390 GX270;Carburador Sistema de Arranque GX390 GX270;Motores 4T y generadores;;PARTES DE MOTOR 4T 13 HP 15HP HP 16HP REEMPLAZO GX270 GX390 GX420 GX440;;;Carburador Sistema de Arranque GX390 GX270;;;;;;4 Tiempos;Motor general;Tapas de arranque;170;grilla;;;PARTES DE MOTOR 4T 13 HP 15HP HP 16HP REEMPLAZO GX270 GX390 GX420 GX440
4315244;falta_descripcion_con_foto;Maquinas 4 tiempos;;Sistemas de arranque;Sistemas de arranque;MAQUINAS 4 TIEMPOS;;;;;;;4315244.jpg;media;4 Tiempos;Motor general;Tapas de arranque;88;grilla;categoria;;SISTEMAS DE ARRANQUE - MAQUINAS 4 TIEMPOS
4315245;completo;Sistema de Arranque Sistema de Arranque Sistema de Arranque…;Sistema de Arranque Sistema de Arranque Sistema de Arranque Sistema de Arranque B&S 594062 Zongshen REPL B&S 591301 REPL 497680 XP140;Sistemas de arranque;Sistemas de arranque;MAQUINAS 4 TIEMPOS;Briggs & Stratton;497680;Sistema de Arranque Sistema de Arranque Sistema de Arranque Sistema de Arranque B&S 594062 Zongshen REPL B&S 591301 REPL 497680 XP140;;;;4315245.jpg;media;4 Tiempos;Motor general;Tapas de arranque;88;grilla;;;SISTEMAS DE ARRANQUE - MAQUINAS 4 TIEMPOS
4315260;falta_descripcion_con_foto;Maquinas 4 tiempos;;Sistemas de arranque;Sistemas de arranque;MAQUINAS 4 TIEMPOS;;;;;;;4315260.jpg;media;4 Tiempos;Motor general;Tapas de arranque;88;grilla;categoria;;SISTEMAS DE ARRANQUE - MAQUINAS 4 TIEMPOS
4315270;completo;Manija de Arranque;Manija de Arranque;Motores 4T y generadores;;PARTES DE MOTOR 4T 13 HP 15HP HP 16HP REEMPLAZO GX270 GX390 GX420 GX440;;;Manija de Arranque;;;;4315270.jpg;muy_baja;4 Tiempos;Motor general;Tapas de arranque;171;grilla;;;PARTES DE MOTOR 4T 13 HP 15HP HP 16HP REEMPLAZO GX270 GX390 GX420 GX440
4315271;completo;Manija de Arranque GX160 GX200;Manija de Arranque GX160 GX200;Motores 4T y generadores;;PARTES DE MOTOR 5.5 HP 6.5 HP REEMPLAZO GX160 GX200;;;Manija de Arranque GX160 GX200;;;;4315271.jpg;muy_baja;4 Tiempos;Motor general;Tapas de arranque;164;grilla;;;PARTES DE MOTOR 5.5 HP 6.5 HP REEMPLAZO GX160 GX200
4315272;completo;Polea de Arranque GX160 GX200;Polea de Arranque GX160 GX200;Motores 4T y generadores;;PARTES DE MOTOR 5.5 HP 6.5 HP REEMPLAZO GX160 GX200;;;Polea de Arranque GX160 GX200;;;;4315272.jpg;muy_baja;4 Tiempos;Motor general;Tapas de arranque;164;grilla;;;PARTES DE MOTOR 5.5 HP 6.5 HP REEMPLAZO GX160 GX200
4315273;completo;Cubrevolante (arranque manual) GX160 GX200;Cubrevolante (arranque manual) GX160 GX200;Motores 4T y generadores;;PARTES DE MOTOR 5.5 HP 6.5 HP REEMPLAZO GX160 GX200;;;Cubrevolante (arranque manual) GX160 GX200;;;;4315273.jpg;baja;4 Tiempos;Motor general;Tapas de arranque;165;grilla;;;PARTES DE MOTOR 5.5 HP 6.5 HP REEMPLAZO GX160 GX200
4315274;completo;Cubrevolante (arranque eléctrico) GX160 GX200;Cubrevolante (arranque eléctrico) GX160 GX200;Motores 4T y generadores;;PARTES DE MOTOR 5.5 HP 6.5 HP REEMPLAZO GX160 GX200;;;Cubrevolante (arranque eléctrico) GX160 GX200;;;;4315274.jpg;baja;4 Tiempos;Motor general;Tapas de arranque;165;grilla;;;PARTES DE MOTOR 5.5 HP 6.5 HP REEMPLAZO GX160 GX200
4315275;completo;Sistema de Arranque Polea de Arranque GX390 GX440 GX390 GX440;Sistema de Arranque Polea de Arranque GX390 GX440 GX390 GX440;Motores 4T y generadores;;PARTES DE MOTOR 4T 13 HP 15HP HP 16HP REEMPLAZO GX270 GX390 GX420 GX440;;;Sistema de Arranque Polea de Arranque GX390 GX440 GX390 GX440;;;;4315275.jpg;muy_baja;4 Tiempos;Motor general;Tapas de arranque;171;grilla;;;PARTES DE MOTOR 4T 13 HP 15HP HP 16HP REEMPLAZO GX270 GX390 GX420 GX440
4315280;completo;Resorte de Arranque GX390 GX440;Resorte de Arranque GX390 GX440;Motores 4T y generadores;;PARTES DE MOTOR 4T 13 HP 15HP HP 16HP REEMPLAZO GX270 GX390 GX420 GX440;;;Resorte de Arranque GX390 GX440;;;;4315280.jpg;muy_baja;4 Tiempos;Motor general;Tapas de arranque;171;grilla;;;PARTES DE MOTOR 4T 13 HP 15HP HP 16HP REEMPLAZO GX270 GX390 GX420 GX440
4315281;completo;Resorte de Arranque GX160 GX200;Resorte de Arranque GX160 GX200;Motores 4T y generadores;;PARTES DE MOTOR 5.5 HP 6.5 HP REEMPLAZO GX160 GX200;;;Resorte de Arranque GX160 GX200;;;;4315281.jpg;muy_baja;4 Tiempos;Motor general;Tapas de arranque;164;grilla;;;PARTES DE MOTOR 5.5 HP 6.5 HP REEMPLAZO GX160 GX200
4315285;completo;Conjunto de arranque (con cuerda) Honda GX25;Conjunto de arranque (con cuerda) Honda GX25;Motores 4T y generadores;;PARTES DE MOTOR 5.5 HP 6.5 HP REEMPLAZO GX160 GX200;Honda;;Conjunto de arranque (con cuerda) Honda GX25;;;;4315285.jpg;baja;4 Tiempos;Motor general;Tapas de arranque;173;grilla;;NUEVO;PARTES DE MOTOR 5.5 HP 6.5 HP REEMPLAZO GX160 GX200
4320009;completo;Interruptor de asiento de reemplazo…;Interruptor de asiento de reemplazo…;Motores 4T y generadores;;PARTES DE MOTOR 5.5 HP 6.5 HP REEMPLAZO GX160 GX200;;;Interruptor de asiento de reemplazo…;;;;;;4 Tiempos;Motor general;Partes;173;grilla;;;PARTES DE MOTOR 5.5 HP 6.5 HP REEMPLAZO GX160 GX200
4320010;completo;Conducto Amplificador Switch (3 cables) Switch (2 cables) GX270…;Conducto Amplificador Switch (3 cables) Switch (2 cables) GX270 GX390 GX440 GX270 GX390 GX440 GX270 GX390 GX440;Motores 4T y generadores;;PARTES DE MOTOR 4T 13 HP 15HP HP 16HP REEMPLAZO GX270 GX390 GX420 GX440;;;Conducto Amplificador Switch (3 cables) Switch (2 cables) GX270 GX390 GX440 GX270 GX390 GX440 GX270 GX390 GX440;;;;4320010.jpg;muy_baja;4 Tiempos;Motor general;Partes;172;grilla;;;PARTES DE MOTOR 4T 13 HP 15HP HP 16HP REEMPLAZO GX270 GX390 GX420 GX440
4320011;completo;Switch (1 cable) GX270 GX390 GX440;Switch (1 cable) GX270 GX390 GX440;Motores 4T y generadores;;PARTES DE MOTOR 4T 13 HP 15HP HP 16HP REEMPLAZO GX270 GX390 GX420 GX440;;;Switch (1 cable) GX270 GX390 GX440;;;;4320011.jpg;muy_baja;4 Tiempos;Motor general;Partes;172;grilla;;;PARTES DE MOTOR 4T 13 HP 15HP HP 16HP REEMPLAZO GX270 GX390 GX420 GX440
4320012;falta_descripcion_con_foto;Partes de motor 4t 13 hp 15hp hp 16hp reemplazo gx270 gx390 gx420 gx440;;Motores 4T y generadores;;PARTES DE MOTOR 4T 13 HP 15HP HP 16HP REEMPLAZO GX270 GX390 GX420 GX440;;;;;;;4320012.jpg;muy_baja;4 Tiempos;Motor general;Partes;172;grilla;categoria;;PARTES DE MOTOR 4T 13 HP 15HP HP 16HP REEMPLAZO GX270 GX390 GX420 GX440
4320013;falta_descripcion;Reemplazos briggs & stratton — Briggs & Stratton;;Motores 4T y generadores;;REEMPLAZOS BRIGGS & STRATTON;Briggs & Stratton;;;;;;;;4 Tiempos;Motor general;Partes;74;grilla;categoria;;REEMPLAZOS BRIGGS & STRATTON
4320580;completo;Biela GX160;Biela GX160;Motores 4T y generadores;;PARTES DE MOTOR 5.5 HP 6.5 HP REEMPLAZO GX160 GX200;;;Biela GX160;;;;4320580.jpg;muy_baja;4 Tiempos;Motor general;Partes;162;grilla;;;PARTES DE MOTOR 5.5 HP 6.5 HP REEMPLAZO GX160 GX200
4320581;completo;Biela GX390;Biela GX390;Motores 4T y generadores;;PARTES DE MOTOR 4T 13 HP 15HP HP 16HP REEMPLAZO GX270 GX390 GX420 GX440;;;Biela GX390;;;;;;4 Tiempos;Motor general;Partes;168;grilla;;;PARTES DE MOTOR 4T 13 HP 15HP HP 16HP REEMPLAZO GX270 GX390 GX420 GX440
4320582;completo;Conjunto Aros Conjunto Aros Conjunto Aros Conjunto Aros Biela de…;Conjunto Aros Conjunto Aros Conjunto Aros Conjunto Aros Biela de Pistón de Pistón de Pistón de Pistón GX270 GX270 GX390 GX420 GX440;Motores 4T y generadores;;PARTES DE MOTOR 4T 13 HP 15HP HP 16HP REEMPLAZO GX270 GX390 GX420 GX440;;;Conjunto Aros Conjunto Aros Conjunto Aros Conjunto Aros Biela de Pistón de Pistón de Pistón de Pistón GX270 GX270 GX390 GX420 GX440;;;;;;4 Tiempos;Motor general;Partes;168;grilla;;;PARTES DE MOTOR 4T 13 HP 15HP HP 16HP REEMPLAZO GX270 GX390 GX420 GX440
4320583;completo;Biela GX420;Biela GX420;Motores 4T y generadores;;PARTES DE MOTOR 4T 13 HP 15HP HP 16HP REEMPLAZO GX270 GX390 GX420 GX440;;;Biela GX420;;;;;;4 Tiempos;Motor general;Partes;168;grilla;;;PARTES DE MOTOR 4T 13 HP 15HP HP 16HP REEMPLAZO GX270 GX390 GX420 GX440
4320584;completo;Cigueñal Biela Cigueñal (25mm) GX440 ( mm) GX390 GX270;Cigueñal Biela Cigueñal (25mm) GX440 ( mm) GX390 GX270;Motores 4T y generadores;;PARTES DE MOTOR 4T 13 HP 15HP HP 16HP REEMPLAZO GX270 GX390 GX420 GX440;;;Cigueñal Biela Cigueñal (25mm) GX440 ( mm) GX390 GX270;;25mm;;;;4 Tiempos;Motor general;Partes;168;grilla;;;PARTES DE MOTOR 4T 13 HP 15HP HP 16HP REEMPLAZO GX270 GX390 GX420 GX440
4320587;completo;Biela GX200;Biela GX200;Motores 4T y generadores;;PARTES DE MOTOR 5.5 HP 6.5 HP REEMPLAZO GX160 GX200;;;Biela GX200;;;;4320587.jpg;muy_baja;4 Tiempos;Motor general;Partes;162;grilla;;;PARTES DE MOTOR 5.5 HP 6.5 HP REEMPLAZO GX160 GX200
4320588;completo;Juego de Válvulas GX160;Juego de Válvulas GX160;Motores 4T y generadores;;PARTES DE MOTOR 5.5 HP 6.5 HP REEMPLAZO GX160 GX200;;;Juego de Válvulas GX160;;;;4320588.jpg;muy_baja;4 Tiempos;Motor general;Partes;163;grilla;;;PARTES DE MOTOR 5.5 HP 6.5 HP REEMPLAZO GX160 GX200
4320589;completo;Juego de Válvulas GX200;Juego de Válvulas GX200;Motores 4T y generadores;;PARTES DE MOTOR 5.5 HP 6.5 HP REEMPLAZO GX160 GX200;;;Juego de Válvulas GX200;;;;4320589.jpg;muy_baja;4 Tiempos;Motor general;Partes;163;grilla;;;PARTES DE MOTOR 5.5 HP 6.5 HP REEMPLAZO GX160 GX200
4320591;falta_descripcion_con_foto;Partes de motor 4t 13 hp 15hp hp 16hp reemplazo gx270 gx390 gx420 gx440;;Motores 4T y generadores;;PARTES DE MOTOR 4T 13 HP 15HP HP 16HP REEMPLAZO GX270 GX390 GX420 GX440;;;;;;;4320591.jpg;muy_baja;4 Tiempos;Motor general;Partes;169;grilla;categoria;;PARTES DE MOTOR 4T 13 HP 15HP HP 16HP REEMPLAZO GX270 GX390 GX420 GX440
4320592;completo;Manguera de Gaseador GX270 GX390;Manguera de Gaseador GX270 GX390;Motores 4T y generadores;;PARTES DE MOTOR 4T 13 HP 15HP HP 16HP REEMPLAZO GX270 GX390 GX420 GX440;;;Manguera de Gaseador GX270 GX390;;;;;;4 Tiempos;Motor general;Partes;169;grilla;;;PARTES DE MOTOR 4T 13 HP 15HP HP 16HP REEMPLAZO GX270 GX390 GX420 GX440
4320593;completo;Junta Tapa de Tapa de Inspección Perno de Tapa de Inspección de…;Junta Tapa de Tapa de Inspección Perno de Tapa de Inspección de Válvulas de Válvulas Inspección de Válvulas GX270 GX390 GX270 GX390 GX270 GX390;Motores 4T y generadores;;PARTES DE MOTOR 4T 13 HP 15HP HP 16HP REEMPLAZO GX270 GX390 GX420 GX440;;;Junta Tapa de Tapa de Inspección Perno de Tapa de Inspección de Válvulas de Válvulas Inspección de Válvulas GX270 GX390 GX270 GX390 GX270 GX390;;;;;;4 Tiempos;Motor general;Partes;169;grilla;;;PARTES DE MOTOR 4T 13 HP 15HP HP 16HP REEMPLAZO GX270 GX390 GX420 GX440
4320594;falta_descripcion_con_foto;Partes de motor 4t 13 hp 15hp hp 16hp reemplazo gx270 gx390 gx420 gx440;;Motores 4T y generadores;;PARTES DE MOTOR 4T 13 HP 15HP HP 16HP REEMPLAZO GX270 GX390 GX420 GX440;;;;;;;4320594.jpg;muy_baja;4 Tiempos;Motor general;Partes;170;grilla;categoria;;PARTES DE MOTOR 4T 13 HP 15HP HP 16HP REEMPLAZO GX270 GX390 GX420 GX440
4320595;completo;Asiento de Resorte Balancín Completo Resorte de Válvulas Resorte…;Asiento de Resorte Balancín Completo Resorte de Válvulas Resorte de Válvulas Varilla de Válvulas de Válvulas GX270 GX390 GX270 GX390 GX390 GX440 GX270 GX390 GX270 GX390;Motores 4T y generadores;;PARTES DE MOTOR 4T 13 HP 15HP HP 16HP REEMPLAZO GX270 GX390 GX420 GX440;;;Asiento de Resorte Balancín Completo Resorte de Válvulas Resorte de Válvulas Varilla de Válvulas de Válvulas GX270 GX390 GX270 GX390 GX390 GX440 GX270 GX390 GX270 GX390;;;;4320595.jpg;muy_baja;4 Tiempos;Motor general;Partes;170;grilla;;;PARTES DE MOTOR 4T 13 HP 15HP HP 16HP REEMPLAZO GX270 GX390 GX420 GX440
4320596;completo;Varilla de Válvulas GX390 GX440;Varilla de Válvulas GX390 GX440;Motores 4T y generadores;;PARTES DE MOTOR 4T 13 HP 15HP HP 16HP REEMPLAZO GX270 GX390 GX420 GX440;;;Varilla de Válvulas GX390 GX440;;;;4320596.jpg;muy_baja;4 Tiempos;Motor general;Partes;170;grilla;;;PARTES DE MOTOR 4T 13 HP 15HP HP 16HP REEMPLAZO GX270 GX390 GX420 GX440
4320598;completo;Tope de Válvula GX270 GX390;Tope de Válvula GX270 GX390;Motores 4T y generadores;;PARTES DE MOTOR 4T 13 HP 15HP HP 16HP REEMPLAZO GX270 GX390 GX420 GX440;;;Tope de Válvula GX270 GX390;;;;4320598.jpg;muy_baja;4 Tiempos;Motor general;Partes;170;grilla;;;PARTES DE MOTOR 4T 13 HP 15HP HP 16HP REEMPLAZO GX270 GX390 GX420 GX440
4320599;completo;Seguro de Válvula de Admisión GX270 GX390;Seguro de Válvula de Admisión GX270 GX390;Motores 4T y generadores;;PARTES DE MOTOR 4T 13 HP 15HP HP 16HP REEMPLAZO GX270 GX390 GX420 GX440;;;Seguro de Válvula de Admisión GX270 GX390;;;;4320599.jpg;muy_baja;4 Tiempos;Motor general;Partes;170;grilla;;;PARTES DE MOTOR 4T 13 HP 15HP HP 16HP REEMPLAZO GX270 GX390 GX420 GX440
4320601;falta_descripcion_con_foto;Partes de motor 4t 13 hp 15hp hp 16hp reemplazo gx270 gx390 gx420 gx440;;Motores 4T y generadores;;PARTES DE MOTOR 4T 13 HP 15HP HP 16HP REEMPLAZO GX270 GX390 GX420 GX440;;;;;;;4320601.jpg;muy_baja;4 Tiempos;Motor general;Partes;170;grilla;categoria;;PARTES DE MOTOR 4T 13 HP 15HP HP 16HP REEMPLAZO GX270 GX390 GX420 GX440
4320602;falta_descripcion_con_foto;Partes de motor 4t 13 hp 15hp hp 16hp reemplazo gx270 gx390 gx420 gx440;;Motores 4T y generadores;;PARTES DE MOTOR 4T 13 HP 15HP HP 16HP REEMPLAZO GX270 GX390 GX420 GX440;;;;;;;4320602.jpg;muy_baja;4 Tiempos;Motor general;Partes;170;grilla;categoria;;PARTES DE MOTOR 4T 13 HP 15HP HP 16HP REEMPLAZO GX270 GX390 GX420 GX440
4320603;completo;Retén de Válvulas GX270 GX390;Retén de Válvulas GX270 GX390;Motores 4T y generadores;;PARTES DE MOTOR 4T 13 HP 15HP HP 16HP REEMPLAZO GX270 GX390 GX420 GX440;;;Retén de Válvulas GX270 GX390;;;;4320603.jpg;muy_baja;4 Tiempos;Motor general;Partes;170;grilla;;;PARTES DE MOTOR 4T 13 HP 15HP HP 16HP REEMPLAZO GX270 GX390 GX420 GX440
4320604;falta_descripcion_con_foto;Partes de motor 4t 13 hp 15hp hp 16hp reemplazo gx270 gx390 gx420 gx440;;Motores 4T y generadores;;PARTES DE MOTOR 4T 13 HP 15HP HP 16HP REEMPLAZO GX270 GX390 GX420 GX440;;;;;;;4320604.jpg;muy_baja;4 Tiempos;Motor general;Partes;169;grilla;categoria;;PARTES DE MOTOR 4T 13 HP 15HP HP 16HP REEMPLAZO GX270 GX390 GX420 GX440
4320605;falta_descripcion_con_foto;Partes de motor 4t 13 hp 15hp hp 16hp reemplazo gx270 gx390 gx420 gx440;;Motores 4T y generadores;;PARTES DE MOTOR 4T 13 HP 15HP HP 16HP REEMPLAZO GX270 GX390 GX420 GX440;;;;;;;4320605.jpg;muy_baja;4 Tiempos;Motor general;Partes;169;grilla;categoria;;PARTES DE MOTOR 4T 13 HP 15HP HP 16HP REEMPLAZO GX270 GX390 GX420 GX440
4320606;completo;Conjunto Válvulas Admisión y Escape GX270;Conjunto Válvulas Admisión y Escape GX270;Motores 4T y generadores;;PARTES DE MOTOR 4T 13 HP 15HP HP 16HP REEMPLAZO GX270 GX390 GX420 GX440;;;Conjunto Válvulas Admisión y Escape GX270;;;;;;4 Tiempos;Motor general;Partes;169;grilla;;;PARTES DE MOTOR 4T 13 HP 15HP HP 16HP REEMPLAZO GX270 GX390 GX420 GX440
4320607;completo;Conjunto Válvulas Admisión y Escape GX390;Conjunto Válvulas Admisión y Escape GX390;Motores 4T y generadores;;PARTES DE MOTOR 4T 13 HP 15HP HP 16HP REEMPLAZO GX270 GX390 GX420 GX440;;;Conjunto Válvulas Admisión y Escape GX390;;;;;;4 Tiempos;Motor general;Partes;169;grilla;;;PARTES DE MOTOR 4T 13 HP 15HP HP 16HP REEMPLAZO GX270 GX390 GX420 GX440
4320608;completo;Conjunto Válvulas Admisión y Escape GX420;Conjunto Válvulas Admisión y Escape GX420;Motores 4T y generadores;;PARTES DE MOTOR 4T 13 HP 15HP HP 16HP REEMPLAZO GX270 GX390 GX420 GX440;;;Conjunto Válvulas Admisión y Escape GX420;;;;;;4 Tiempos;Motor general;Partes;169;grilla;;;PARTES DE MOTOR 4T 13 HP 15HP HP 16HP REEMPLAZO GX270 GX390 GX420 GX440
4320609;completo;Conjunto Válvulas Admisión y Escape GX440;Conjunto Válvulas Admisión y Escape GX440;Motores 4T y generadores;;PARTES DE MOTOR 4T 13 HP 15HP HP 16HP REEMPLAZO GX270 GX390 GX420 GX440;;;Conjunto Válvulas Admisión y Escape GX440;;;;;;4 Tiempos;Motor general;Partes;169;grilla;;;PARTES DE MOTOR 4T 13 HP 15HP HP 16HP REEMPLAZO GX270 GX390 GX420 GX440
4320610;falta_descripcion_con_foto;Partes de motor 4t 13 hp 15hp hp 16hp reemplazo gx270 gx390 gx420 gx440;;Motores 4T y generadores;;PARTES DE MOTOR 4T 13 HP 15HP HP 16HP REEMPLAZO GX270 GX390 GX420 GX440;;;;;;;4320610.jpg;muy_baja;4 Tiempos;Motor general;Partes;170;grilla;categoria;;PARTES DE MOTOR 4T 13 HP 15HP HP 16HP REEMPLAZO GX270 GX390 GX420 GX440
4320611;completo;Elevador de Válvula Suplemento GX270 GX390 GX440 Posición de Tapa…;Elevador de Válvula Suplemento GX270 GX390 GX440 Posición de Tapa GX270 GX390 GX440;Motores 4T y generadores;;PARTES DE MOTOR 4T 13 HP 15HP HP 16HP REEMPLAZO GX270 GX390 GX420 GX440;;;Elevador de Válvula Suplemento GX270 GX390 GX440 Posición de Tapa GX270 GX390 GX440;;;;4320611.jpg;muy_baja;4 Tiempos;Motor general;Partes;170;grilla;;;PARTES DE MOTOR 4T 13 HP 15HP HP 16HP REEMPLAZO GX270 GX390 GX420 GX440
4320612;completo;Ruleman 6207 Cigueñal GX270 GX390 GX440;Ruleman 6207 Cigueñal GX270 GX390 GX440;Motores 4T y generadores;;PARTES DE MOTOR 4T 13 HP 15HP HP 16HP REEMPLAZO GX270 GX390 GX420 GX440;;;Ruleman 6207 Cigueñal GX270 GX390 GX440;;;;;;4 Tiempos;Motor general;Partes;168;grilla;;;PARTES DE MOTOR 4T 13 HP 15HP HP 16HP REEMPLAZO GX270 GX390 GX420 GX440
4320613;falta_descripcion_con_foto;Partes de motor 4t 13 hp 15hp hp 16hp reemplazo gx270 gx390 gx420 gx440;;Motores 4T y generadores;;PARTES DE MOTOR 4T 13 HP 15HP HP 16HP REEMPLAZO GX270 GX390 GX420 GX440;;;;;;;4320613.jpg;muy_baja;4 Tiempos;Motor general;Partes;169;grilla;categoria;;PARTES DE MOTOR 4T 13 HP 15HP HP 16HP REEMPLAZO GX270 GX390 GX420 GX440
4320614;falta_descripcion;Partes de motor 4t 13 hp 15hp hp 16hp reemplazo gx270 gx390 gx420 gx440;;Motores 4T y generadores;;PARTES DE MOTOR 4T 13 HP 15HP HP 16HP REEMPLAZO GX270 GX390 GX420 GX440;;;;;;;;;4 Tiempos;Motor general;Partes;172;grilla;categoria;;PARTES DE MOTOR 4T 13 HP 15HP HP 16HP REEMPLAZO GX270 GX390 GX420 GX440
4320615;falta_descripcion_con_foto;Partes de motor 4t 13 hp 15hp hp 16hp reemplazo gx270 gx390 gx420 gx440;;Motores 4T y generadores;;PARTES DE MOTOR 4T 13 HP 15HP HP 16HP REEMPLAZO GX270 GX390 GX420 GX440;;;;;;;4320615.jpg;muy_baja;4 Tiempos;Motor general;Partes;172;grilla;categoria;;PARTES DE MOTOR 4T 13 HP 15HP HP 16HP REEMPLAZO GX270 GX390 GX420 GX440
4320619;completo;Ruleman 6202 Arbol de Levas Cigueñal (hierro nitrurado) GX270…;Ruleman 6202 Arbol de Levas Cigueñal (hierro nitrurado) GX270 GX390 GX440 GX390;Motores 4T y generadores;;PARTES DE MOTOR 4T 13 HP 15HP HP 16HP REEMPLAZO GX270 GX390 GX420 GX440;;;Ruleman 6202 Arbol de Levas Cigueñal (hierro nitrurado) GX270 GX390 GX440 GX390;;;;4320619.jpg;muy_baja;4 Tiempos;Motor general;Partes;169;grilla;;;PARTES DE MOTOR 4T 13 HP 15HP HP 16HP REEMPLAZO GX270 GX390 GX420 GX440
4320620;completo;Balanceador GX390 GX440;Balanceador GX390 GX440;Motores 4T y generadores;;PARTES DE MOTOR 4T 13 HP 15HP HP 16HP REEMPLAZO GX270 GX390 GX420 GX440;;;Balanceador GX390 GX440;;;;4320620.jpg;muy_baja;4 Tiempos;Motor general;Partes;169;grilla;;;PARTES DE MOTOR 4T 13 HP 15HP HP 16HP REEMPLAZO GX270 GX390 GX420 GX440
4320621;completo;Engranaje Gobernador GX270;Engranaje Gobernador GX270;Motores 4T y generadores;;PARTES DE MOTOR 4T 13 HP 15HP HP 16HP REEMPLAZO GX270 GX390 GX420 GX440;;;Engranaje Gobernador GX270;;;;4320621.jpg;muy_baja;4 Tiempos;Motor general;Partes;169;grilla;;;PARTES DE MOTOR 4T 13 HP 15HP HP 16HP REEMPLAZO GX270 GX390 GX420 GX440
4320622;completo;Engranaje Gobernador GX390 GX440;Engranaje Gobernador GX390 GX440;Motores 4T y generadores;;PARTES DE MOTOR 4T 13 HP 15HP HP 16HP REEMPLAZO GX270 GX390 GX420 GX440;;;Engranaje Gobernador GX390 GX440;;;;4320622.jpg;muy_baja;4 Tiempos;Motor general;Partes;169;grilla;;;PARTES DE MOTOR 4T 13 HP 15HP HP 16HP REEMPLAZO GX270 GX390 GX420 GX440
4320623;falta_descripcion;Partes de motor 4t 13 hp 15hp hp 16hp reemplazo gx270 gx390 gx420 gx440;;Motores 4T y generadores;;PARTES DE MOTOR 4T 13 HP 15HP HP 16HP REEMPLAZO GX270 GX390 GX420 GX440;;;;;;;;;4 Tiempos;Motor general;Partes;172;grilla;categoria;;PARTES DE MOTOR 4T 13 HP 15HP HP 16HP REEMPLAZO GX270 GX390 GX420 GX440
4320624;completo;Reten de Cigueñal GX270 GX390 GX440;Reten de Cigueñal GX270 GX390 GX440;Motores 4T y generadores;;PARTES DE MOTOR 4T 13 HP 15HP HP 16HP REEMPLAZO GX270 GX390 GX420 GX440;;;Reten de Cigueñal GX270 GX390 GX440;;;;;;4 Tiempos;Motor general;Partes;168;grilla;;;PARTES DE MOTOR 4T 13 HP 15HP HP 16HP REEMPLAZO GX270 GX390 GX420 GX440
4320625;falta_descripcion_con_foto;Partes de motor 4t 13 hp 15hp hp 16hp reemplazo gx270 gx390 gx420 gx440;;Motores 4T y generadores;;PARTES DE MOTOR 4T 13 HP 15HP HP 16HP REEMPLAZO GX270 GX390 GX420 GX440;;;;;;;4320625.jpg;muy_baja;4 Tiempos;Motor general;Partes;168;grilla;categoria;;PARTES DE MOTOR 4T 13 HP 15HP HP 16HP REEMPLAZO GX270 GX390 GX420 GX440
4320626;falta_descripcion_con_foto;Partes de motor 4t 13 hp 15hp hp 16hp reemplazo gx270 gx390 gx420 gx440;;Motores 4T y generadores;;PARTES DE MOTOR 4T 13 HP 15HP HP 16HP REEMPLAZO GX270 GX390 GX420 GX440;;;;;;;4320626.jpg;muy_baja;4 Tiempos;Motor general;Partes;172;grilla;categoria;;PARTES DE MOTOR 4T 13 HP 15HP HP 16HP REEMPLAZO GX270 GX390 GX420 GX440
4320627;falta_descripcion_con_foto;Partes de motor 4t 13 hp 15hp hp 16hp reemplazo gx270 gx390 gx420 gx440;;Motores 4T y generadores;;PARTES DE MOTOR 4T 13 HP 15HP HP 16HP REEMPLAZO GX270 GX390 GX420 GX440;;;;;;;4320627.jpg;muy_baja;4 Tiempos;Motor general;Partes;172;grilla;categoria;;PARTES DE MOTOR 4T 13 HP 15HP HP 16HP REEMPLAZO GX270 GX390 GX420 GX440
4320628;completo;Motor de Arranque Relay de Arranque Volante Ventilador de Volante…;Motor de Arranque Relay de Arranque Volante Ventilador de Volante Ventilador de Volante Simil Honda GX390 GX270 GX390 GX440 (arranque manual) GX270 GX390 GX440 OHV 13 Hp GX390 GX440;Motores 4T y generadores;;PARTES DE MOTOR 4T 13 HP 15HP HP 16HP REEMPLAZO GX270 GX390 GX420 GX440;Honda;;Motor de Arranque Relay de Arranque Volante Ventilador de Volante Ventilador de Volante Simil Honda GX390 GX270 GX390 GX440 (arranque manual) GX270 GX390 GX440 OHV 13 Hp GX390 GX440;;;;4320628.jpg;muy_baja;4 Tiempos;Motor general;Partes;172;grilla;;;PARTES DE MOTOR 4T 13 HP 15HP HP 16HP REEMPLAZO GX270 GX390 GX420 GX440
4320629;completo;Cobertor de Volante GX390 GX440;Cobertor de Volante GX390 GX440;Motores 4T y generadores;;PARTES DE MOTOR 4T 13 HP 15HP HP 16HP REEMPLAZO GX270 GX390 GX420 GX440;;;Cobertor de Volante GX390 GX440;;;;4320629.jpg;muy_baja;4 Tiempos;Motor general;Partes;172;grilla;;;PARTES DE MOTOR 4T 13 HP 15HP HP 16HP REEMPLAZO GX270 GX390 GX420 GX440
4320633;falta_descripcion_con_foto;Partes de motor 4t 13 hp 15hp hp 16hp reemplazo gx270 gx390 gx420 gx440;;Motores 4T y generadores;;PARTES DE MOTOR 4T 13 HP 15HP HP 16HP REEMPLAZO GX270 GX390 GX420 GX440;;;;;;;4320633.jpg;media;4 Tiempos;Motor general;Partes;174;grilla;categoria;;PARTES DE MOTOR 4T 13 HP 15HP HP 16HP REEMPLAZO GX270 GX390 GX420 GX440
4320634;completo;Kit Resortes Eje del Brazo del Gobernador Gobernador GX390 GX390 GX440;Kit Resortes Eje del Brazo del Gobernador Gobernador GX390 GX390 GX440;Motores 4T y generadores;;PARTES DE MOTOR 4T 13 HP 15HP HP 16HP REEMPLAZO GX270 GX390 GX420 GX440;;;Kit Resortes Eje del Brazo del Gobernador Gobernador GX390 GX390 GX440;;;;4320634.jpg;media;4 Tiempos;Motor general;Partes;174;grilla;;;PARTES DE MOTOR 4T 13 HP 15HP HP 16HP REEMPLAZO GX270 GX390 GX420 GX440
4320635;completo;Reten de Gobernador GX390 GX440;Reten de Gobernador GX390 GX440;Motores 4T y generadores;;PARTES DE MOTOR 4T 13 HP 15HP HP 16HP REEMPLAZO GX270 GX390 GX420 GX440;;;Reten de Gobernador GX390 GX440;;;;;;4 Tiempos;Motor general;Partes;168;grilla;;;PARTES DE MOTOR 4T 13 HP 15HP HP 16HP REEMPLAZO GX270 GX390 GX420 GX440
4320636;completo;Brazo del Gobernador GX390 GX440;Brazo del Gobernador GX390 GX440;Motores 4T y generadores;;PARTES DE MOTOR 4T 13 HP 15HP HP 16HP REEMPLAZO GX270 GX390 GX420 GX440;;;Brazo del Gobernador GX390 GX440;;;;4320636.jpg;media;4 Tiempos;Motor general;Partes;174;grilla;;;PARTES DE MOTOR 4T 13 HP 15HP HP 16HP REEMPLAZO GX270 GX390 GX420 GX440
4320640;completo;Sensor de Aceite Kit Resortes GX390 GX440 del Gobernador GX270…;Sensor de Aceite Kit Resortes GX390 GX440 del Gobernador GX270 GX390 GX440;Motores 4T y generadores;;PARTES DE MOTOR 4T 13 HP 15HP HP 16HP REEMPLAZO GX270 GX390 GX420 GX440;;;Sensor de Aceite Kit Resortes GX390 GX440 del Gobernador GX270 GX390 GX440;;;;;;4 Tiempos;Motor general;Partes;172;grilla;;;PARTES DE MOTOR 4T 13 HP 15HP HP 16HP REEMPLAZO GX270 GX390 GX420 GX440
4320641;falta_descripcion_con_foto;Partes de motor 4t 13 hp 15hp hp 16hp reemplazo gx270 gx390 gx420 gx440;;Motores 4T y generadores;;PARTES DE MOTOR 4T 13 HP 15HP HP 16HP REEMPLAZO GX270 GX390 GX420 GX440;;;;;;;4320641.jpg;muy_baja;4 Tiempos;Motor general;Partes;170;grilla;categoria;;PARTES DE MOTOR 4T 13 HP 15HP HP 16HP REEMPLAZO GX270 GX390 GX420 GX440
4320642;completo;Brida de Admisión Brida de Admisión GX270 GX390;Brida de Admisión Brida de Admisión GX270 GX390;Motores 4T y generadores;;PARTES DE MOTOR 4T 13 HP 15HP HP 16HP REEMPLAZO GX270 GX390 GX420 GX440;;;Brida de Admisión Brida de Admisión GX270 GX390;;;;;;4 Tiempos;Motor general;Partes;170;grilla;;;PARTES DE MOTOR 4T 13 HP 15HP HP 16HP REEMPLAZO GX270 GX390 GX420 GX440
4320643;falta_descripcion_con_foto;Partes de motor 4t 13 hp 15hp hp 16hp reemplazo gx270 gx390 gx420 gx440;;Motores 4T y generadores;;PARTES DE MOTOR 4T 13 HP 15HP HP 16HP REEMPLAZO GX270 GX390 GX420 GX440;;;;;;;4320643.jpg;muy_baja;4 Tiempos;Motor general;Partes;170;grilla;categoria;;PARTES DE MOTOR 4T 13 HP 15HP HP 16HP REEMPLAZO GX270 GX390 GX420 GX440
4320644;falta_descripcion_con_foto;Partes de motor 4t 13 hp 15hp hp 16hp reemplazo gx270 gx390 gx420 gx440;;Motores 4T y generadores;;PARTES DE MOTOR 4T 13 HP 15HP HP 16HP REEMPLAZO GX270 GX390 GX420 GX440;;;;;;;4320644.jpg;muy_baja;4 Tiempos;Motor general;Partes;172;grilla;categoria;;PARTES DE MOTOR 4T 13 HP 15HP HP 16HP REEMPLAZO GX270 GX390 GX420 GX440
4320645;completo;Manguera Gaseador GX160 GX200;Manguera Gaseador GX160 GX200;Motores 4T y generadores;;PARTES DE MOTOR 5.5 HP 6.5 HP REEMPLAZO GX160 GX200;;;Manguera Gaseador GX160 GX200;;;;4320645.jpg;muy_baja;4 Tiempos;Motor general;Partes;163;grilla;;;PARTES DE MOTOR 5.5 HP 6.5 HP REEMPLAZO GX160 GX200
4320646;completo;Tapa Inspección de Válvulas GX160 GX200;Tapa Inspección de Válvulas GX160 GX200;Motores 4T y generadores;;PARTES DE MOTOR 5.5 HP 6.5 HP REEMPLAZO GX160 GX200;;;Tapa Inspección de Válvulas GX160 GX200;;;;;;4 Tiempos;Motor general;Partes;162;grilla;;;PARTES DE MOTOR 5.5 HP 6.5 HP REEMPLAZO GX160 GX200
4320647;completo;Balancín Completo GX160 GX200;Balancín Completo GX160 GX200;Motores 4T y generadores;;PARTES DE MOTOR 5.5 HP 6.5 HP REEMPLAZO GX160 GX200;;;Balancín Completo GX160 GX200;;;;4320647.jpg;muy_baja;4 Tiempos;Motor general;Partes;163;grilla;;;PARTES DE MOTOR 5.5 HP 6.5 HP REEMPLAZO GX160 GX200
4320648;completo;Soporte de Varilla GX160 GX200;Soporte de Varilla GX160 GX200;Motores 4T y generadores;;PARTES DE MOTOR 5.5 HP 6.5 HP REEMPLAZO GX160 GX200;;;Soporte de Varilla GX160 GX200;;;;4320648.jpg;muy_baja;4 Tiempos;Motor general;Partes;163;grilla;;;PARTES DE MOTOR 5.5 HP 6.5 HP REEMPLAZO GX160 GX200
4320649;completo;Tope de Válvula GX160 GX200;Tope de Válvula GX160 GX200;Motores 4T y generadores;;PARTES DE MOTOR 5.5 HP 6.5 HP REEMPLAZO GX160 GX200;;;Tope de Válvula GX160 GX200;;;;4320649.jpg;muy_baja;4 Tiempos;Motor general;Partes;163;grilla;;;PARTES DE MOTOR 5.5 HP 6.5 HP REEMPLAZO GX160 GX200
4320650;completo;Seguro de Válvula de Admisión GX160 GX200;Seguro de Válvula de Admisión GX160 GX200;Motores 4T y generadores;;PARTES DE MOTOR 5.5 HP 6.5 HP REEMPLAZO GX160 GX200;;;Seguro de Válvula de Admisión GX160 GX200;;;;4320650.jpg;muy_baja;4 Tiempos;Motor general;Partes;163;grilla;;;PARTES DE MOTOR 5.5 HP 6.5 HP REEMPLAZO GX160 GX200
4320651;completo;Seguro de Válvula de Escape GX160 GX200;Seguro de Válvula de Escape GX160 GX200;Motores 4T y generadores;;PARTES DE MOTOR 5.5 HP 6.5 HP REEMPLAZO GX160 GX200;;;Seguro de Válvula de Escape GX160 GX200;;;;4320651.jpg;muy_baja;4 Tiempos;Motor general;Partes;163;grilla;;;PARTES DE MOTOR 5.5 HP 6.5 HP REEMPLAZO GX160 GX200
4320652;completo;Resorte de Válvula GX160 GX200;Resorte de Válvula GX160 GX200;Motores 4T y generadores;;PARTES DE MOTOR 5.5 HP 6.5 HP REEMPLAZO GX160 GX200;;;Resorte de Válvula GX160 GX200;;;;4320652.jpg;muy_baja;4 Tiempos;Motor general;Partes;163;grilla;;;PARTES DE MOTOR 5.5 HP 6.5 HP REEMPLAZO GX160 GX200
4320653;completo;Retén de Válvula GX160 GX200;Retén de Válvula GX160 GX200;Motores 4T y generadores;;PARTES DE MOTOR 5.5 HP 6.5 HP REEMPLAZO GX160 GX200;;;Retén de Válvula GX160 GX200;;;;4320653.jpg;muy_baja;4 Tiempos;Motor general;Partes;163;grilla;;;PARTES DE MOTOR 5.5 HP 6.5 HP REEMPLAZO GX160 GX200
4320654;completo;Espárragos de Escape GX160 GX200;Espárragos de Escape GX160 GX200;Motores 4T y generadores;;PARTES DE MOTOR 5.5 HP 6.5 HP REEMPLAZO GX160 GX200;;;Espárragos de Escape GX160 GX200;;;;4320654.jpg;muy_baja;4 Tiempos;Motor general;Partes;162;grilla;;;PARTES DE MOTOR 5.5 HP 6.5 HP REEMPLAZO GX160 GX200
4320655;completo;Juego de Varillas GX160 GX200;Juego de Varillas GX160 GX200;Motores 4T y generadores;;PARTES DE MOTOR 5.5 HP 6.5 HP REEMPLAZO GX160 GX200;;;Juego de Varillas GX160 GX200;;;;4320655.jpg;muy_baja;4 Tiempos;Motor general;Partes;163;grilla;;;PARTES DE MOTOR 5.5 HP 6.5 HP REEMPLAZO GX160 GX200
4320656;completo;Elevador de Válvulas GX160;Elevador de Válvulas GX160;Motores 4T y generadores;;PARTES DE MOTOR 5.5 HP 6.5 HP REEMPLAZO GX160 GX200;;;Elevador de Válvulas GX160;;;;4320656.jpg;muy_baja;4 Tiempos;Motor general;Partes;163;grilla;;;PARTES DE MOTOR 5.5 HP 6.5 HP REEMPLAZO GX160 GX200
4320657;completo;Elevador de Válvulas GX200;Elevador de Válvulas GX200;Motores 4T y generadores;;PARTES DE MOTOR 5.5 HP 6.5 HP REEMPLAZO GX160 GX200;;;Elevador de Válvulas GX200;;;;4320657.jpg;muy_baja;4 Tiempos;Motor general;Partes;163;grilla;;;PARTES DE MOTOR 5.5 HP 6.5 HP REEMPLAZO GX160 GX200
4320658;completo;Rulemán de Cigueñal (6205) GX160 GX200;Rulemán de Cigueñal (6205) GX160 GX200;Motores 4T y generadores;;PARTES DE MOTOR 5.5 HP 6.5 HP REEMPLAZO GX160 GX200;;;Rulemán de Cigueñal (6205) GX160 GX200;;;;;;4 Tiempos;Motor general;Partes;162;grilla;;;PARTES DE MOTOR 5.5 HP 6.5 HP REEMPLAZO GX160 GX200
4320659;completo;Sensor de Aceite GX160 GX200;Sensor de Aceite GX160 GX200;Motores 4T y generadores;;PARTES DE MOTOR 5.5 HP 6.5 HP REEMPLAZO GX160 GX200;;;Sensor de Aceite GX160 GX200;;;;4320659.jpg;baja;4 Tiempos;Motor general;Partes;165;grilla;;;PARTES DE MOTOR 5.5 HP 6.5 HP REEMPLAZO GX160 GX200
4320660;completo;Árbol de Levas (teflón) GX160 GX200;Árbol de Levas (teflón) GX160 GX200;Motores 4T y generadores;;PARTES DE MOTOR 5.5 HP 6.5 HP REEMPLAZO GX160 GX200;;;Árbol de Levas (teflón) GX160 GX200;;;;4320660.jpg;muy_baja;4 Tiempos;Motor general;Partes;163;grilla;;;PARTES DE MOTOR 5.5 HP 6.5 HP REEMPLAZO GX160 GX200
4320661;completo;Árbol de Levas (metálico) GX160 GX200;Árbol de Levas (metálico) GX160 GX200;Motores 4T y generadores;;PARTES DE MOTOR 5.5 HP 6.5 HP REEMPLAZO GX160 GX200;;;Árbol de Levas (metálico) GX160 GX200;;;;4320661.jpg;muy_baja;4 Tiempos;Motor general;Partes;163;grilla;;;PARTES DE MOTOR 5.5 HP 6.5 HP REEMPLAZO GX160 GX200
4320662;falta_descripcion_con_foto;Partes de motor 4t 13 hp 15hp hp 16hp reemplazo gx270 gx390 gx420 gx440;;Motores 4T y generadores;;PARTES DE MOTOR 4T 13 HP 15HP HP 16HP REEMPLAZO GX270 GX390 GX420 GX440;;;;;;;4320662.jpg;muy_baja;4 Tiempos;Motor general;Partes;169;grilla;categoria;;PARTES DE MOTOR 4T 13 HP 15HP HP 16HP REEMPLAZO GX270 GX390 GX420 GX440
4320665;completo;Varilla Nivel de Aceite GX160 GX200;Varilla Nivel de Aceite GX160 GX200;Motores 4T y generadores;;PARTES DE MOTOR 5.5 HP 6.5 HP REEMPLAZO GX160 GX200;;;Varilla Nivel de Aceite GX160 GX200;;;;4320665.jpg;baja;4 Tiempos;Motor general;Partes;165;grilla;;;PARTES DE MOTOR 5.5 HP 6.5 HP REEMPLAZO GX160 GX200
4320666;completo;Retén de Aceite GX160 GX200;Retén de Aceite GX160 GX200;Motores 4T y generadores;;PARTES DE MOTOR 5.5 HP 6.5 HP REEMPLAZO GX160 GX200;;;Retén de Aceite GX160 GX200;;;;4320666.jpg;muy_baja;4 Tiempos;Motor general;Partes;162;grilla;;;PARTES DE MOTOR 5.5 HP 6.5 HP REEMPLAZO GX160 GX200
4320667;completo;Block GX160 GX200;Block GX160 GX200;Motores 4T y generadores;;PARTES DE MOTOR 5.5 HP 6.5 HP REEMPLAZO GX160 GX200;;;Block GX160 GX200;;;;4320667.jpg;muy_baja;4 Tiempos;Motor general;Partes;162;grilla;;;PARTES DE MOTOR 5.5 HP 6.5 HP REEMPLAZO GX160 GX200
4320668;completo;Cobertor Block GX160 GX200;Cobertor Block GX160 GX200;Motores 4T y generadores;;PARTES DE MOTOR 5.5 HP 6.5 HP REEMPLAZO GX160 GX200;;;Cobertor Block GX160 GX200;;;;4320668.jpg;muy_baja;4 Tiempos;Motor general;Partes;162;grilla;;;PARTES DE MOTOR 5.5 HP 6.5 HP REEMPLAZO GX160 GX200
4320670;completo;Volante (arranque manual) GX160 GX200;Volante (arranque manual) GX160 GX200;Motores 4T y generadores;;PARTES DE MOTOR 5.5 HP 6.5 HP REEMPLAZO GX160 GX200;;;Volante (arranque manual) GX160 GX200;;;;4320670.jpg;baja;4 Tiempos;Motor general;Partes;165;grilla;;;PARTES DE MOTOR 5.5 HP 6.5 HP REEMPLAZO GX160 GX200
4320671;completo;Ventilador de Volante GX160 GX200;Ventilador de Volante GX160 GX200;Motores 4T y generadores;;PARTES DE MOTOR 5.5 HP 6.5 HP REEMPLAZO GX160 GX200;;;Ventilador de Volante GX160 GX200;;;;4320671.jpg;baja;4 Tiempos;Motor general;Partes;165;grilla;;;PARTES DE MOTOR 5.5 HP 6.5 HP REEMPLAZO GX160 GX200
4320673;completo;Kit Trinquetes (metálicos) GX160 GX390;Kit Trinquetes (metálicos) GX160 GX390;Motores 4T y generadores;;PARTES DE MOTOR 5.5 HP 6.5 HP REEMPLAZO GX160 GX200;;;Kit Trinquetes (metálicos) GX160 GX390;;;;4320673.jpg;muy_baja;4 Tiempos;Motor general;Partes;164;grilla;;;PARTES DE MOTOR 5.5 HP 6.5 HP REEMPLAZO GX160 GX200
4320676;completo;Resortes de Cebador GX160 GX200;Resortes de Cebador GX160 GX200;Motores 4T y generadores;;PARTES DE MOTOR 5.5 HP 6.5 HP REEMPLAZO GX160 GX200;;;Resortes de Cebador GX160 GX200;;;;4320676.jpg;baja;4 Tiempos;Motor general;Partes;165;grilla;;;PARTES DE MOTOR 5.5 HP 6.5 HP REEMPLAZO GX160 GX200
4320677;completo;Soporte del Gobernador GX160 GX200;Soporte del Gobernador GX160 GX200;Motores 4T y generadores;;PARTES DE MOTOR 5.5 HP 6.5 HP REEMPLAZO GX160 GX200;;;Soporte del Gobernador GX160 GX200;;;;4320677.jpg;baja;4 Tiempos;Motor general;Partes;165;grilla;;;PARTES DE MOTOR 5.5 HP 6.5 HP REEMPLAZO GX160 GX200
4320678;completo;Brazo del Gobernador GX160 GX200;Brazo del Gobernador GX160 GX200;Motores 4T y generadores;;PARTES DE MOTOR 5.5 HP 6.5 HP REEMPLAZO GX160 GX200;;;Brazo del Gobernador GX160 GX200;;;;4320678.jpg;baja;4 Tiempos;Motor general;Partes;165;grilla;;;PARTES DE MOTOR 5.5 HP 6.5 HP REEMPLAZO GX160 GX200
4320679;completo;Eje Brazo del Gobernador GX160 GX200;Eje Brazo del Gobernador GX160 GX200;Motores 4T y generadores;;PARTES DE MOTOR 5.5 HP 6.5 HP REEMPLAZO GX160 GX200;;;Eje Brazo del Gobernador GX160 GX200;;;;4320679.jpg;baja;4 Tiempos;Motor general;Partes;165;grilla;;;PARTES DE MOTOR 5.5 HP 6.5 HP REEMPLAZO GX160 GX200
4320680;completo;Brida de Admisión GX160 GX200;Brida de Admisión GX160 GX200;Motores 4T y generadores;;PARTES DE MOTOR 5.5 HP 6.5 HP REEMPLAZO GX160 GX200;;;Brida de Admisión GX160 GX200;;;;4320680.jpg;muy_baja;4 Tiempos;Motor general;Partes;164;grilla;;;PARTES DE MOTOR 5.5 HP 6.5 HP REEMPLAZO GX160 GX200
4320681;completo;Soporte de Goma;Soporte de Goma;Motores 4T y generadores;Motores 4T y generadores;3500;;;Soporte de Goma;;;;4320681.jpg;baja;4 Tiempos;Motor general;Partes;167;grilla;;;GENERADOR 2500 - 3500
4320682;completo;Patas de Goma;Patas de Goma;Motores 4T y generadores;Motores 4T y generadores;3500;;;Patas de Goma;;;;;;4 Tiempos;Motor general;Partes;167;grilla;;;GENERADOR 2500 - 3500
4320683;completo;Escape GX160 GX200;Escape GX160 GX200;Motores 4T y generadores;;PARTES DE MOTOR 5.5 HP 6.5 HP REEMPLAZO GX160 GX200;;;Escape GX160 GX200;;;;4320683.jpg;muy_baja;4 Tiempos;Motor general;Partes;162;grilla;;;PARTES DE MOTOR 5.5 HP 6.5 HP REEMPLAZO GX160 GX200
4321550;completo;Manguera de Combustible GX160 GX200;Manguera de Combustible GX160 GX200;Motores 4T y generadores;;PARTES DE MOTOR 5.5 HP 6.5 HP REEMPLAZO GX160 GX200;;;Manguera de Combustible GX160 GX200;;;;4321550.jpg;baja;4 Tiempos;Motor general;Mangueras;165;grilla;;;PARTES DE MOTOR 5.5 HP 6.5 HP REEMPLAZO GX160 GX200
4322091;completo;Cigueñal (19.05mm) GX160;Cigueñal (19.05mm) GX160;Motores 4T y generadores;;PARTES DE MOTOR 5.5 HP 6.5 HP REEMPLAZO GX160 GX200;;;Cigueñal (19.05mm) GX160;;19.05mm;;4322091.jpg;muy_baja;4 Tiempos;Motor general;Cigüeñal;162;grilla;;;PARTES DE MOTOR 5.5 HP 6.5 HP REEMPLAZO GX160 GX200
4322092;completo;Cigueñal (20mm) GX200;Cigueñal (20mm) GX200;Motores 4T y generadores;;PARTES DE MOTOR 5.5 HP 6.5 HP REEMPLAZO GX160 GX200;;;Cigueñal (20mm) GX200;;20mm;;4322092.jpg;muy_baja;4 Tiempos;Motor general;Cigüeñal;162;grilla;;;PARTES DE MOTOR 5.5 HP 6.5 HP REEMPLAZO GX160 GX200
4322093;completo;Cigueñal ( mm) GX210;Cigueñal ( mm) GX210;Motores 4T y generadores;;PARTES DE MOTOR 5.5 HP 6.5 HP REEMPLAZO GX160 GX200;;;Cigueñal ( mm) GX210;;;;4322093.jpg;muy_baja;4 Tiempos;Motor general;Cigüeñal;162;grilla;;;PARTES DE MOTOR 5.5 HP 6.5 HP REEMPLAZO GX160 GX200
4322094;falta_descripcion;Partes de motor 4t 13 hp 15hp hp 16hp reemplazo gx270 gx390 gx420 gx440;;Motores 4T y generadores;;PARTES DE MOTOR 4T 13 HP 15HP HP 16HP REEMPLAZO GX270 GX390 GX420 GX440;;;;;;;;;4 Tiempos;Motor general;Cigüeñal;168;grilla;categoria;;PARTES DE MOTOR 4T 13 HP 15HP HP 16HP REEMPLAZO GX270 GX390 GX420 GX440
4322095;falta_descripcion;Partes de motor 4t 13 hp 15hp hp 16hp reemplazo gx270 gx390 gx420 gx440;;Motores 4T y generadores;;PARTES DE MOTOR 4T 13 HP 15HP HP 16HP REEMPLAZO GX270 GX390 GX420 GX440;;;;;;;;;4 Tiempos;Motor general;Cigüeñal;168;grilla;categoria;;PARTES DE MOTOR 4T 13 HP 15HP HP 16HP REEMPLAZO GX270 GX390 GX420 GX440
4322096;completo;Cigueñal ( mm) GX420;Cigueñal ( mm) GX420;Motores 4T y generadores;;PARTES DE MOTOR 4T 13 HP 15HP HP 16HP REEMPLAZO GX270 GX390 GX420 GX440;;;Cigueñal ( mm) GX420;;;;;;4 Tiempos;Motor general;Cigüeñal;168;grilla;;;PARTES DE MOTOR 4T 13 HP 15HP HP 16HP REEMPLAZO GX270 GX390 GX420 GX440
4322097;completo;Cigueñal ( mm) GX440;Cigueñal ( mm) GX440;Motores 4T y generadores;;PARTES DE MOTOR 4T 13 HP 15HP HP 16HP REEMPLAZO GX270 GX390 GX420 GX440;;;Cigueñal ( mm) GX440;;;;;;4 Tiempos;Motor general;Cigüeñal;168;grilla;;;PARTES DE MOTOR 4T 13 HP 15HP HP 16HP REEMPLAZO GX270 GX390 GX420 GX440
4324100;completo;Varilla Nivel de Aceite Capuchón de Bujia GX270 GX390 GX440 GX270…;Varilla Nivel de Aceite Capuchón de Bujia GX270 GX390 GX440 GX270 GX390 GX440;Motores 4T y generadores;;PARTES DE MOTOR 4T 13 HP 15HP HP 16HP REEMPLAZO GX270 GX390 GX420 GX440;;;Varilla Nivel de Aceite Capuchón de Bujia GX270 GX390 GX440 GX270 GX390 GX440;;;;;;4 Tiempos;Motor general;Bobina de ignición;172;grilla;;;PARTES DE MOTOR 4T 13 HP 15HP HP 16HP REEMPLAZO GX270 GX390 GX420 GX440
4324102;completo;Bobina de Alta GX270 GX390 GX440;Bobina de Alta GX270 GX390 GX440;Motores 4T y generadores;;PARTES DE MOTOR 4T 13 HP 15HP HP 16HP REEMPLAZO GX270 GX390 GX420 GX440;;;Bobina de Alta GX270 GX390 GX440;;;;;;4 Tiempos;Motor general;Bobina de ignición;172;grilla;;;PARTES DE MOTOR 4T 13 HP 15HP HP 16HP REEMPLAZO GX270 GX390 GX420 GX440
4324235;completo;Bobina de Ignicion;Bobina de Ignicion REPL B&S 398811;Motores 4T y generadores;;BOBINA DE INGNICION 2T;Briggs & Stratton;;Bobina de Ignicion REPL B&S 398811;;;;4324235.jpg;media;4 Tiempos;Motor general;Bobina de ignición;126;grilla;;;BOBINA DE INGNICION 2T
4324236;completo;Bobina de Ignicion;Bobina de Ignicion REPL B&S 798212;Motores 4T y generadores;;BOBINA DE INGNICION 2T;Briggs & Stratton;;Bobina de Ignicion REPL B&S 798212;;;;4324236.jpg;media;4 Tiempos;Motor general;Bobina de ignición;126;grilla;;;BOBINA DE INGNICION 2T
4324237;completo;Bobina de Ignicion;Bobina de Ignicion REPL B&S 394891;Motores 4T y generadores;;BOBINA DE INGNICION 2T;Briggs & Stratton;;Bobina de Ignicion REPL B&S 394891;;;;4324237.jpg;media;4 Tiempos;Motor general;Bobina de ignición;126;grilla;;;BOBINA DE INGNICION 2T
4324238;completo;Bobina de Ignicion;Bobina de Ignicion REPL B&S 593872;Motores 4T y generadores;;BOBINA DE INGNICION 2T;Briggs & Stratton;;Bobina de Ignicion REPL B&S 593872;;;;4324238.jpg;media;4 Tiempos;Motor general;Bobina de ignición;126;grilla;;;BOBINA DE INGNICION 2T
4324239;completo;Bobina de Ignicion;Bobina de Ignicion REPL B&S 799651;Motores 4T y generadores;;BOBINA DE INGNICION 2T;Briggs & Stratton;;Bobina de Ignicion REPL B&S 799651;;;;4324239.jpg;media;4 Tiempos;Motor general;Bobina de ignición;126;grilla;;;BOBINA DE INGNICION 2T
4324241;completo;Bobina de Ignicion;Bobina de Ignicion REPL B&S 491760;Motores 4T y generadores;;BOBINA DE I N G N I C I ON 4T;Briggs & Stratton;;Bobina de Ignicion REPL B&S 491760;;;;4324241.jpg;media;4 Tiempos;Motor general;Bobina de ignición;128;grilla;;;BOBINA DE I N G N I C I ON 4T
4324242;completo;Bobina de Ignicion;Bobina de Ignicion REPL B&S 96964;Motores 4T y generadores;;BOBINA DE I N G N I C I ON 4T;Briggs & Stratton;;Bobina de Ignicion REPL B&S 96964;;;;4324242.jpg;media;4 Tiempos;Motor general;Bobina de ignición;128;grilla;;;BOBINA DE I N G N I C I ON 4T
4324243;completo;Bobina de encendido lc1p96f;Bobina de encendido lc1p96f;Motores 4T y generadores;;TAPAS DE DEPOSITOS;;;Bobina de encendido lc1p96f;;;;4324243.jpg;muy_baja;4 Tiempos;Motor general;Bobina de ignición;129;grilla;;;TAPAS DE DEPOSITOS - REEMPLAZOS
4324244;completo;Bobina de encendido… CIGÜEÑALES;Bobina de encendido… CIGÜEÑALES;Motores 4T y generadores;;TAPAS DE DEPOSITOS;;;Bobina de encendido… CIGÜEÑALES;;;;4324244.jpg;muy_baja;4 Tiempos;Motor general;Bobina de ignición;129;grilla;;NUEVO;TAPAS DE DEPOSITOS - REEMPLAZOS
4324901;completo;Bobina de Ignicion;Bobina de Ignicion REPL Kohler 20 584 03-S;Motores 4T y generadores;;BOBINA DE I N G N I C I ON 4T;Kohler;;Bobina de Ignicion REPL Kohler 20 584 03-S;;;;4324901.jpg;media;4 Tiempos;Motor general;Bobina de ignición;128;grilla;;;BOBINA DE I N G N I C I ON 4T
4324902;completo;Bobina de Ignicion;Bobina de Ignicion REPL Kohler 24 584 45-S;Motores 4T y generadores;;BOBINA DE I N G N I C I ON 4T;Kohler;;Bobina de Ignicion REPL Kohler 24 584 45-S;;;;4324902.jpg;media;4 Tiempos;Motor general;Bobina de ignición;128;grilla;;;BOBINA DE I N G N I C I ON 4T
4324903;completo;Bobina de Ignicion;Bobina de Ignicion REPL Kohler 32 584 24-S;Motores 4T y generadores;;BOBINA DE I N G N I C I ON 4T;Kohler;;Bobina de Ignicion REPL Kohler 32 584 24-S;;;;4324903.jpg;media;4 Tiempos;Motor general;Bobina de ignición;128;grilla;;;BOBINA DE I N G N I C I ON 4T
4324904;completo;Bobina de Ignicion;Bobina de Ignicion REPL KOHLER 1458404;Motores 4T y generadores;;BOBINA DE I N G N I C I ON 4T;Kohler;;Bobina de Ignicion REPL KOHLER 1458404;;;;4324904.jpg;media;4 Tiempos;Motor general;Bobina de ignición;128;grilla;;;BOBINA DE I N G N I C I ON 4T
4325310;falta_descripcion_con_foto;Motores 4t;;Sistemas de arranque;Sistemas de arranque;MOTORES 4T;;;;;;;4325310.jpg;baja;4 Tiempos;Motor general;Cables;158;grilla;categoria;;MOTORES 4T - BURROS DE ARRANQUE
4325311;falta_descripcion_con_foto;Motores 4t;;Sistemas de arranque;Sistemas de arranque;MOTORES 4T;;;;;;;4325311.jpg;baja;4 Tiempos;Motor general;Cables;158;grilla;categoria;;MOTORES 4T - BURROS DE ARRANQUE
4325312;falta_descripcion_con_foto;Motores 4t;;Sistemas de arranque;Sistemas de arranque;MOTORES 4T;;;;;;;4325312.jpg;baja;4 Tiempos;Motor general;Cables;158;grilla;categoria;;MOTORES 4T - BURROS DE ARRANQUE
4325313;completo;"Motor de Arranque OHV 5,5 /6,5 Hp GX160 GX210";"Motor de Arranque OHV 5,5 /6,5 Hp GX160 GX210";Motores 4T y generadores;;PARTES DE MOTOR 5.5 HP 6.5 HP REEMPLAZO GX160 GX200;;;"Motor de Arranque OHV 5,5 /6,5 Hp GX160 GX210";;;;4325313.jpg;baja;4 Tiempos;Motor general;Cables;164;grilla;;;PARTES DE MOTOR 5.5 HP 6.5 HP REEMPLAZO GX160 GX200
4325314;completo;Motor de Arranque Simil Honda GX240 OHV 8 Hp;Motor de Arranque Simil Honda GX240 OHV 8 Hp;Motores 4T y generadores;;PARTES DE MOTOR 4T 13 HP 15HP HP 16HP REEMPLAZO GX270 GX390 GX420 GX440;Honda;;Motor de Arranque Simil Honda GX240 OHV 8 Hp;;;;4325314.jpg;baja;4 Tiempos;Motor general;Cables;172;grilla;;;PARTES DE MOTOR 4T 13 HP 15HP HP 16HP REEMPLAZO GX270 GX390 GX420 GX440
4325315;falta_descripcion_con_foto;Motores 4t;;Sistemas de arranque;Sistemas de arranque;MOTORES 4T;;;;;;;4325315.jpg;baja;4 Tiempos;Motor general;Cables;158;grilla;categoria;;MOTORES 4T - BURROS DE ARRANQUE
4325316;completo;KOHLER;KOHLER;Sistemas de arranque;Sistemas de arranque;MOTORES 4T;Kohler;;KOHLER;;;;4325316.jpg;baja;4 Tiempos;Motor general;Cables;158;grilla;;;MOTORES 4T - BURROS DE ARRANQUE
4325317;falta_descripcion_con_foto;Motores 4t;;Sistemas de arranque;Sistemas de arranque;MOTORES 4T;;;;;;;4325317.jpg;baja;4 Tiempos;Motor general;Cables;158;grilla;categoria;;MOTORES 4T - BURROS DE ARRANQUE
4325318;completo;Reparacion De Burro;Reparacion De Burro Repl B&S 693551s;Sistemas de arranque;Sistemas de arranque;MOTORES 4T;Briggs & Stratton;;Reparacion De Burro Repl B&S 693551s;;;;4325318.jpg;baja;4 Tiempos;Motor general;Cables;158;grilla;;;MOTORES 4T - BURROS DE ARRANQUE
4325320;completo;Burro De Arranque Kohler 2009811-S;Burro De Arranque Kohler 2009811-S;Sistemas de arranque;Sistemas de arranque;MOTORES 4T;Kohler;;Burro De Arranque Kohler 2009811-S;;;;4325320.jpg;baja;4 Tiempos;Motor general;Cables;158;grilla;;;MOTORES 4T - BURROS DE ARRANQUE
4325321;completo;Burro De Arranque Kohler 3209808-S;Burro De Arranque Kohler 3209808-S;Sistemas de arranque;Sistemas de arranque;MOTORES 4T;Kohler;;Burro De Arranque Kohler 3209808-S;;;;4325321.jpg;baja;4 Tiempos;Motor general;Cables;158;grilla;;;MOTORES 4T - BURROS DE ARRANQUE
4325322;completo;Burro De Arranque;Burro De Arranque Repl Kohler 3209810s 9d;Sistemas de arranque;Sistemas de arranque;MOTORES 4T;Kohler;;Burro De Arranque Repl Kohler 3209810s 9d;;;;;;4 Tiempos;Motor general;Cables;158;grilla;;;MOTORES 4T - BURROS DE ARRANQUE
4325323;completo;Burro De Arranque;Burro De Arranque Repl 270360170;Sistemas de arranque;Sistemas de arranque;MOTORES 4T;;270360170;Burro De Arranque Repl 270360170;;;;4325323.jpg;baja;4 Tiempos;Motor general;Cables;158;grilla;;;MOTORES 4T - BURROS DE ARRANQUE
4325340;falta_descripcion_con_foto;Cables;;Minitractores;Minitractores;Cables;;;;;;;4325340.jpg;media;4 Tiempos;Motor general;Cables;157;grilla;categoria;;MINITRACTORES - TAMBOR DE ARRANQUE
4325341;completo;DE ACEITE 4T;DE ACEITE 4T;Minitractores;Minitractores;Cables;;;DE ACEITE 4T;;;;4325341.jpg;media;4 Tiempos;Motor general;Cables;157;grilla;;;MINITRACTORES - TAMBOR DE ARRANQUE
4325350;completo;Tambor De Arranque HUSQ;Tambor De Arranque HUSQ REPL 532175566;Minitractores;Minitractores;Cables;;532175566;Tambor De Arranque HUSQ REPL 532175566;;;;4325350.jpg;media;4 Tiempos;Motor general;Cables;157;grilla;;;MINITRACTORES - TAMBOR DE ARRANQUE
4325351;completo;Tambor De Arranque MTD;Tambor De Arranque MTD REPL 925-04659;Minitractores;Minitractores;Cables;MTD;925-04659;Tambor De Arranque MTD REPL 925-04659;;;;4325351.jpg;media;4 Tiempos;Motor general;Cables;157;grilla;;;MINITRACTORES - TAMBOR DE ARRANQUE
4325352;completo;Tambor De Arranque Tambor De Arranque Tambor De Arranque UNIV 5 T;Tambor De Arranque Tambor De Arranque Tambor De Arranque UNIV 5 T REPL UNIV 6 T REPL UNIV 7 T REPL SOLENOIDES DE ARRANQUE;Minitractores;Minitractores;Cables;;;Tambor De Arranque Tambor De Arranque Tambor De Arranque UNIV 5 T REPL UNIV 6 T REPL UNIV 7 T REPL SOLENOIDES DE ARRANQUE;;;;4325352.jpg;media;4 Tiempos;Motor general;Cables;157;grilla;;;MINITRACTORES - TAMBOR DE ARRANQUE
4325353;falta_descripcion_con_foto;Cables;;Minitractores;Minitractores;Cables;;;;;;;4325353.jpg;media;4 Tiempos;Motor general;Cables;157;grilla;categoria;;MINITRACTORES - TAMBOR DE ARRANQUE
4325354;falta_descripcion_con_foto;Cables;;Minitractores;Minitractores;Cables;;;;;;;4325354.jpg;media;4 Tiempos;Motor general;Cables;157;grilla;categoria;;MINITRACTORES - TAMBOR DE ARRANQUE
4325355;completo;Accionamiento Electroembrague;Accionamiento Electroembrague Repl 725-07522;Motores 4T y generadores;;ELECTROEMBRAGUES;John Deere;725-07522;Accionamiento Electroembrague Repl 725-07522;;;;4325355.jpg;baja;4 Tiempos;Motor general;Cables;150;grilla;;;ELECTROEMBRAGUES - JOHN DEERE
4325356;completo;Accionamiento Electroembrague;Accionamiento Electroembrague Repl 725-07522 SISTEMA DE;Motores 4T y generadores;;ELECTROEMBRAGUES;John Deere;725-07522;Accionamiento Electroembrague Repl 725-07522 SISTEMA DE;;;;4325356.jpg;baja;4 Tiempos;Motor general;Cables;150;grilla;;;ELECTROEMBRAGUES - JOHN DEERE
4325357;completo;Kit Motor De Arranque;Kit Motor De Arranque REPL;Sistemas de arranque;Sistemas de arranque;MOTORES 4T;;;Kit Motor De Arranque REPL;;;;;;4 Tiempos;Motor general;Cables;158;grilla;;;MOTORES 4T - BURROS DE ARRANQUE
4325358;completo;Tambor De Arranque -925-06102B;Tambor De Arranque -925-06102B;Minitractores;Minitractores;Cables;;925-06102B;Tambor De Arranque -925-06102B;;;;4325358.jpg;media;4 Tiempos;Motor general;Cables;157;grilla;;;MINITRACTORES - TAMBOR DE ARRANQUE
4325359;completo;Tambor De Arranque HUSQ;Tambor De Arranque HUSQ REPL-532193350;Minitractores;Minitractores;Cables;;532193350;Tambor De Arranque HUSQ REPL-532193350;;;;4325359.jpg;media;4 Tiempos;Motor general;Cables;157;grilla;;;MINITRACTORES - TAMBOR DE ARRANQUE
4325360;completo;Llave De Tambor De Arranque;Llave De Tambor De Arranque REPL N- 625-05002;Minitractores;Minitractores;Cables;;;Llave De Tambor De Arranque REPL N- 625-05002;;;;4325360.jpg;media;4 Tiempos;Motor general;Cables;157;grilla;;;MINITRACTORES - TAMBOR DE ARRANQUE
4525322;completo;Motor de arranque 3209810 9d;Motor de arranque 3209810 9d;Motosierras;Motosierras;Cables;;;Motor de arranque 3209810 9d;;;;4525322.jpg;baja;4 Tiempos;Compresor;Cables;92;grilla;;NUEVO;TAPAS DE FRENO / CINTAS REEMPLAZO MOTOSIERRAS
4702900;falta_descripcion_con_foto;Partes de motor 4t 13 hp 15hp hp 16hp reemplazo gx270 gx390 gx420 gx440;;Generadores;;PARTES DE MOTOR 4T 13 HP 15HP HP 16HP REEMPLAZO GX270 GX390 GX420 GX440;;;;;;;4702900.jpg;media;4 Tiempos;Generadores;Carburador;174;grilla;categoria;;PARTES DE MOTOR 4T 13 HP 15HP HP 16HP REEMPLAZO GX270 GX390 GX420 GX440
4702901;completo;Carburador Conversión Gas (LPG);Carburador Conversión Gas (LPG);Motores 4T y generadores;Motores 4T y generadores;3500;;;Carburador Conversión Gas (LPG);;;;4702901.jpg;muy_baja;4 Tiempos;Generadores;Carburador;166;grilla;;;PARTES DE GENERADOR 2500 - 3500
4707120;completo;Filtro de Aire (esponja);Filtro de Aire (esponja);Generadores;;PARTES DE MOTOR 4T 13 HP 15HP HP 16HP REEMPLAZO GX270 GX390 GX420 GX440;;;Filtro de Aire (esponja);;;;4707120.jpg;media;4 Tiempos;Generadores;Filtro de aire;174;grilla;;;PARTES DE MOTOR 4T 13 HP 15HP HP 16HP REEMPLAZO GX270 GX390 GX420 GX440
4707121;completo;Caja Filtrera;Caja Filtrera;Generadores;;PARTES DE MOTOR 4T 13 HP 15HP HP 16HP REEMPLAZO GX270 GX390 GX420 GX440;;;Caja Filtrera;;;;4707121.jpg;media;4 Tiempos;Generadores;Filtro de aire;174;grilla;;;PARTES DE MOTOR 4T 13 HP 15HP HP 16HP REEMPLAZO GX270 GX390 GX420 GX440
4707122;completo;Filtro de Aceite (esponja) GX160 GX200;Filtro de Aceite (esponja) GX160 GX200;Generadores;;PARTES DE MOTOR 5.5 HP 6.5 HP REEMPLAZO GX160 GX200;;;Filtro de Aceite (esponja) GX160 GX200;;;;4707122.jpg;muy_baja;4 Tiempos;Generadores;Filtro de aire;164;grilla;;;PARTES DE MOTOR 5.5 HP 6.5 HP REEMPLAZO GX160 GX200
4707123;completo;Caja Filtro de Aire;Caja Filtro de Aire;Motores 4T y generadores;Motores 4T y generadores;3500;;;Caja Filtro de Aire;;;;4707123.jpg;muy_baja;4 Tiempos;Generadores;Filtro de aire;166;grilla;;;PARTES DE GENERADOR 2500 - 3500
4714332;falta_descripcion_con_foto;3500;;Motores 4T y generadores;Motores 4T y generadores;3500;;;;;;;4714332.jpg;baja;4 Tiempos;Generadores;Tanque de combustible / tapa;167;grilla;categoria;;GENERADOR 2500 - 3500
4714334;completo;Tanque de Combustible;Tanque de Combustible;Motores 4T y generadores;Motores 4T y generadores;3500;;;Tanque de Combustible;;;;;;4 Tiempos;Generadores;Tanque de combustible / tapa;166;grilla;;;PARTES DE GENERADOR 2500 - 3500
4720105;completo;Avr 2500;Avr 2500;Motores 4T y generadores;Motores 4T y generadores;3500;;;Avr 2500;;;;4720105.jpg;muy_baja;4 Tiempos;Generadores;Partes;166;grilla;;;PARTES DE GENERADOR 2500 - 3500
4720106;falta_descripcion_con_foto;Partes de motor 4t 13 hp 15hp hp 16hp reemplazo gx270 gx390 gx420 gx440;;Generadores;;PARTES DE MOTOR 4T 13 HP 15HP HP 16HP REEMPLAZO GX270 GX390 GX420 GX440;;;;;;;4720106.jpg;media;4 Tiempos;Generadores;Partes;174;grilla;categoria;;PARTES DE MOTOR 4T 13 HP 15HP HP 16HP REEMPLAZO GX270 GX390 GX420 GX440
4720107;falta_descripcion_con_foto;Partes de motor 4t 13 hp 15hp hp 16hp reemplazo gx270 gx390 gx420 gx440;;Generadores;;PARTES DE MOTOR 4T 13 HP 15HP HP 16HP REEMPLAZO GX270 GX390 GX420 GX440;;;;;;;4720107.jpg;media;4 Tiempos;Generadores;Partes;174;grilla;categoria;;PARTES DE MOTOR 4T 13 HP 15HP HP 16HP REEMPLAZO GX270 GX390 GX420 GX440
4720109;completo;AVR AVR Monofásico Trifásico;AVR AVR Monofásico Trifásico;Generadores;;PARTES DE MOTOR 4T 13 HP 15HP HP 16HP REEMPLAZO GX270 GX390 GX420 GX440;;;AVR AVR Monofásico Trifásico;;;;4720109.jpg;media;4 Tiempos;Generadores;Partes;174;grilla;;;PARTES DE MOTOR 4T 13 HP 15HP HP 16HP REEMPLAZO GX270 GX390 GX420 GX440
4720112;completo;AVR de Aluminio;AVR de Aluminio;Motores 4T y generadores;Motores 4T y generadores;3500;;;AVR de Aluminio;;;;4720112.jpg;muy_baja;4 Tiempos;Generadores;Partes;166;grilla;;;PARTES DE GENERADOR 2500 - 3500
4720118;falta_descripcion;Reemplazos briggs & stratton — Briggs & Stratton;;Generadores;;REEMPLAZOS BRIGGS & STRATTON;Briggs & Stratton;;;;;;;;4 Tiempos;Generadores;Partes;74;grilla;categoria;;REEMPLAZOS BRIGGS & STRATTON
4720513;completo;Cobertor Varilla Medidora de Aceite;Cobertor Varilla Medidora de Aceite;Motores 4T y generadores;Motores 4T y generadores;6500;;;Cobertor Varilla Medidora de Aceite;;;;;;4 Tiempos;Generadores;Partes;175;grilla;;;PARTES DE GENERADOR 5500 - 6500 - 7500
4720514;completo;Cobertor de Alternador;Cobertor de Alternador;Generadores;;PARTES DE MOTOR 4T 13 HP 15HP HP 16HP REEMPLAZO GX270 GX390 GX420 GX440;;;Cobertor de Alternador;;;;4720514.jpg;media;4 Tiempos;Generadores;Partes;174;grilla;;;PARTES DE MOTOR 4T 13 HP 15HP HP 16HP REEMPLAZO GX270 GX390 GX420 GX440
4720515;completo;Avr 5500 Rejilla de Ventilación;Avr 5500 Rejilla de Ventilación;Generadores;;PARTES DE MOTOR 4T 13 HP 15HP HP 16HP REEMPLAZO GX270 GX390 GX420 GX440;;;Avr 5500 Rejilla de Ventilación;;;;4720515.jpg;media;4 Tiempos;Generadores;Partes;174;grilla;;;PARTES DE MOTOR 4T 13 HP 15HP HP 16HP REEMPLAZO GX270 GX390 GX420 GX440
4720516;falta_descripcion;6500;;Motores 4T y generadores;Motores 4T y generadores;6500;;;;;;;;;4 Tiempos;Generadores;Partes;175;grilla;categoria;;PARTES DE GENERADOR 5500 - 6500 - 7500
4720517;falta_descripcion_con_foto;Partes de motor 4t 13 hp 15hp hp 16hp reemplazo gx270 gx390 gx420 gx440;;Generadores;;PARTES DE MOTOR 4T 13 HP 15HP HP 16HP REEMPLAZO GX270 GX390 GX420 GX440;;;;;;;4720517.jpg;media;4 Tiempos;Generadores;Partes;174;grilla;categoria;;PARTES DE MOTOR 4T 13 HP 15HP HP 16HP REEMPLAZO GX270 GX390 GX420 GX440
4720518;completo;Llave de Combustible (macho);Llave de Combustible (macho);Motores 4T y generadores;Motores 4T y generadores;6500;;;Llave de Combustible (macho);;;;4720518.jpg;muy_baja;4 Tiempos;Generadores;Partes;175;grilla;;;PARTES DE GENERADOR 5500 - 6500 - 7500
4720519;completo;Llave de Combustible (hembra);Llave de Combustible (hembra);Motores 4T y generadores;Motores 4T y generadores;6500;;;Llave de Combustible (hembra);;;;4720519.jpg;muy_baja;4 Tiempos;Generadores;Partes;175;grilla;;;PARTES DE GENERADOR 5500 - 6500 - 7500
4720520;completo;Tambor de Arranque Rectificador;Tambor de Arranque Rectificador;Motores 4T y generadores;Motores 4T y generadores;6500;;;Tambor de Arranque Rectificador;;;;4720520.jpg;muy_baja;4 Tiempos;Generadores;Partes;175;grilla;;;PARTES DE GENERADOR 5500 - 6500 - 7500
4720521;completo;Portacarbones;Portacarbones;Motores 4T y generadores;Motores 4T y generadores;6500;;;Portacarbones;;;;4720521.jpg;muy_baja;4 Tiempos;Generadores;Partes;175;grilla;;;PARTES DE GENERADOR 5500 - 6500 - 7500
4720522;falta_descripcion_con_foto;6500;;Motores 4T y generadores;Motores 4T y generadores;6500;;;;;;;4720522.jpg;muy_baja;4 Tiempos;Generadores;Partes;175;grilla;categoria;;PARTES DE GENERADOR 5500 - 6500 - 7500
4720523;falta_descripcion_con_foto;6500;;Motores 4T y generadores;Motores 4T y generadores;6500;;;;;;;4720523.jpg;muy_baja;4 Tiempos;Generadores;Partes;175;grilla;categoria;;PARTES DE GENERADOR 5500 - 6500 - 7500
4720524;completo;Soporte de Motor;Soporte de Motor;Motores 4T y generadores;Motores 4T y generadores;6500;;;Soporte de Motor;;;;;;4 Tiempos;Generadores;Partes;175;grilla;;;PARTES DE GENERADOR 5500 - 6500 - 7500
4720525;falta_descripcion_con_foto;6500;;Motores 4T y generadores;Motores 4T y generadores;6500;;;;;;;4720525.jpg;muy_baja;4 Tiempos;Generadores;Partes;175;grilla;categoria;;PARTES DE GENERADOR 5500 - 6500 - 7500
4720526;falta_descripcion_con_foto;6500;;Motores 4T y generadores;Motores 4T y generadores;6500;;;;;;;4720526.jpg;muy_baja;4 Tiempos;Generadores;Partes;175;grilla;categoria;;PARTES DE GENERADOR 5500 - 6500 - 7500
4720527;falta_descripcion_con_foto;6500;;Motores 4T y generadores;Motores 4T y generadores;6500;;;;;;;4720527.jpg;muy_baja;4 Tiempos;Generadores;Partes;175;grilla;categoria;;PARTES DE GENERADOR 5500 - 6500 - 7500
4720528;falta_descripcion_con_foto;6500;;Motores 4T y generadores;Motores 4T y generadores;6500;;;;;;;4720528.jpg;muy_baja;4 Tiempos;Generadores;Partes;175;grilla;categoria;;PARTES DE GENERADOR 5500 - 6500 - 7500
4720529;completo;Voltímetro Monofásico;Voltímetro Monofásico;Motores 4T y generadores;Motores 4T y generadores;6500;;;Voltímetro Monofásico;;;;4720529.jpg;muy_baja;4 Tiempos;Generadores;Partes;175;grilla;;;PARTES DE GENERADOR 5500 - 6500 - 7500
4720530;completo;Voltímetro Trifásico;Voltímetro Trifásico;Motores 4T y generadores;Motores 4T y generadores;6500;;;Voltímetro Trifásico;;;;4720530.jpg;muy_baja;4 Tiempos;Generadores;Partes;175;grilla;;;PARTES DE GENERADOR 5500 - 6500 - 7500
4720532;falta_descripcion_con_foto;6500;;Motores 4T y generadores;Motores 4T y generadores;6500;;;;;;;4720532.jpg;muy_baja;4 Tiempos;Generadores;Partes;175;grilla;categoria;;PARTES DE GENERADOR 5500 - 6500 - 7500
4720533;completo;Manguera Gaseador;Manguera Gaseador;Motores 4T y generadores;Motores 4T y generadores;3500;;;Manguera Gaseador;;;;4720533.jpg;baja;4 Tiempos;Generadores;Partes;167;grilla;;;GENERADOR 2500 - 3500
4720534;completo;Medidor de Escape Combustible;Medidor de Escape Combustible;Motores 4T y generadores;Motores 4T y generadores;3500;;;Medidor de Escape Combustible;;;;4720534.jpg;baja;4 Tiempos;Generadores;Partes;167;grilla;;;GENERADOR 2500 - 3500
4720536;completo;Escape;Escape;Motores 4T y generadores;Motores 4T y generadores;3500;;;Escape;;;;4720536.jpg;baja;4 Tiempos;Generadores;Partes;167;grilla;;;GENERADOR 2500 - 3500
4720537;completo;Escape Escape Escape 6kw 7kw 5kw;Escape Escape Escape 6kw 7kw 5kw;Motores 4T y generadores;Motores 4T y generadores;6500;;;Escape Escape Escape 6kw 7kw 5kw;;;;4720537.jpg;muy_baja;4 Tiempos;Generadores;Partes;175;grilla;;;PARTES DE GENERADOR 5500 - 6500 - 7500
4720538;completo;Rejilla de Ventilación;Rejilla de Ventilación;Motores 4T y generadores;Motores 4T y generadores;3500;;;Rejilla de Ventilación;;;;4720538.jpg;muy_baja;4 Tiempos;Generadores;Partes;166;grilla;;;PARTES DE GENERADOR 2500 - 3500
4720539;completo;Portacarbones;Portacarbones;Motores 4T y generadores;Motores 4T y generadores;3500;;;Portacarbones;;;;4720539.jpg;muy_baja;4 Tiempos;Generadores;Partes;166;grilla;;;PARTES DE GENERADOR 2500 - 3500
4720540;completo;Soporte del Gobernador;Soporte del Gobernador;Motores 4T y generadores;Motores 4T y generadores;3500;;;Soporte del Gobernador;;;;4720540.jpg;baja;4 Tiempos;Generadores;Partes;167;grilla;;;GENERADOR 2500 - 3500
4720541;completo;Soporte del Alternador;Soporte del Alternador;Motores 4T y generadores;Motores 4T y generadores;3500;;;Soporte del Alternador;;;;4720541.jpg;muy_baja;4 Tiempos;Generadores;Partes;166;grilla;;;PARTES DE GENERADOR 2500 - 3500
4720542;completo;Relay de Arranque;Relay de Arranque;Motores 4T y generadores;Motores 4T y generadores;3500;;;Relay de Arranque;;;;4720542.jpg;muy_baja;4 Tiempos;Generadores;Partes;166;grilla;;;PARTES DE GENERADOR 2500 - 3500
4720543;completo;Bobina de Carga;Bobina de Carga;Motores 4T y generadores;Motores 4T y generadores;3500;;;Bobina de Carga;;;;4720543.jpg;muy_baja;4 Tiempos;Generadores;Partes;166;grilla;;;PARTES DE GENERADOR 2500 - 3500
4720544;completo;Regulador de Voltaje;Regulador de Voltaje;Motores 4T y generadores;Motores 4T y generadores;3500;;;Regulador de Voltaje;;;;4720544.jpg;muy_baja;4 Tiempos;Generadores;Partes;166;grilla;;;PARTES DE GENERADOR 2500 - 3500
4720545;completo;"Rueda 8""";"Rueda 8""";Motores 4T y generadores;Motores 4T y generadores;3500;;;"Rueda 8""";;;;4720545.jpg;baja;4 Tiempos;Generadores;Partes;167;grilla;;;GENERADOR 2500 - 3500
4720546;completo;Soporte del Alternador;Soporte del Alternador;Motores 4T y generadores;Motores 4T y generadores;3500;;;Soporte del Alternador;;;;4720546.jpg;muy_baja;4 Tiempos;Generadores;Partes;166;grilla;;;PARTES DE GENERADOR 2500 - 3500
4720547;completo;Extractor de Bujía GX160 GX200;Extractor de Bujía GX160 GX200;Generadores;;PARTES DE MOTOR 5.5 HP 6.5 HP REEMPLAZO GX160 GX200;;;Extractor de Bujía GX160 GX200;;;;;;4 Tiempos;Generadores;Partes;165;grilla;;;PARTES DE MOTOR 5.5 HP 6.5 HP REEMPLAZO GX160 GX200
4720548;completo;Rotor Generador 2kw 160 x 85mm (alambre de aluminio);Rotor Generador 2kw 160 x 85mm (alambre de aluminio);Motores 4T y generadores;Motores 4T y generadores;3500;;;Rotor Generador 2kw 160 x 85mm (alambre de aluminio);;85mm;;4720548.jpg;muy_baja;4 Tiempos;Generadores;Partes;166;grilla;;;PARTES DE GENERADOR 2500 - 3500
4720549;completo;Rotor Generador Estator 2kw 160 x 85mm (alambre de cobre) (alambre…;Rotor Generador Estator 2kw 160 x 85mm (alambre de cobre) (alambre de cobre );Motores 4T y generadores;Motores 4T y generadores;3500;;;Rotor Generador Estator 2kw 160 x 85mm (alambre de cobre) (alambre de cobre );;85mm;;;;4 Tiempos;Generadores;Partes;166;grilla;;;PARTES DE GENERADOR 2500 - 3500
4720550;completo;Estator (alambre de aluminio);Estator (alambre de aluminio);Motores 4T y generadores;Motores 4T y generadores;3500;;;Estator (alambre de aluminio);;;;4720550.jpg;muy_baja;4 Tiempos;Generadores;Partes;166;grilla;;;PARTES DE GENERADOR 2500 - 3500
4720551;falta_descripcion_con_foto;3500;;Motores 4T y generadores;Motores 4T y generadores;3500;;;;;;;4720551.jpg;muy_baja;4 Tiempos;Generadores;Partes;166;grilla;categoria;;PARTES DE GENERADOR 2500 - 3500
4720552;completo;Tambor de Arranque;Tambor de Arranque;Motores 4T y generadores;Motores 4T y generadores;3500;;;Tambor de Arranque;;;;4720552.jpg;muy_baja;4 Tiempos;Generadores;Partes;166;grilla;;;PARTES DE GENERADOR 2500 - 3500
4720553;falta_descripcion_con_foto;3500;;Motores 4T y generadores;Motores 4T y generadores;3500;;;;;;;4720553.jpg;muy_baja;4 Tiempos;Generadores;Partes;166;grilla;categoria;;PARTES DE GENERADOR 2500 - 3500
4722099;completo;Cortacorriente Cigueñal Cónico;Cortacorriente Cigueñal Cónico;Motores 4T y generadores;Motores 4T y generadores;3500;;;Cortacorriente Cigueñal Cónico;;;;;;4 Tiempos;Generadores;Cigüeñal;166;grilla;;;PARTES DE GENERADOR 2500 - 3500
4805017;completo;O-ring;"O-ring para Conector 2""";Hidrolavadora y motobomba;Hidrolavadora y motobomba;Aros;;;"O-ring para Conector 2""";;;;4805017.jpg;muy_baja;4 Tiempos;Motobombas;Aros;159;grilla;;;PARTES DE MOTOBOMBAS
4805018;completo;O-ring;"O-ring para Conector 3""";Hidrolavadora y motobomba;Hidrolavadora y motobomba;Aros;;;"O-ring para Conector 3""";;;;4805018.jpg;muy_baja;4 Tiempos;Motobombas;Aros;159;grilla;;;PARTES DE MOTOBOMBAS
4805019;completo;"O-ring de Carcasa 2""";"O-ring de Carcasa 2""";Hidrolavadora y motobomba;Hidrolavadora y motobomba;Aros;;;"O-ring de Carcasa 2""";;;;;;4 Tiempos;Motobombas;Aros;159;grilla;;;PARTES DE MOTOBOMBAS
4805020;completo;"O-ring de Carcasa 3""";"O-ring de Carcasa 3""";Hidrolavadora y motobomba;Hidrolavadora y motobomba;Aros;;;"O-ring de Carcasa 3""";;;;4805020.jpg;muy_baja;4 Tiempos;Motobombas;Aros;160;grilla;;;PARTES DE MOTOBOMBAS
4805021;completo;"O-ring Cubre Turbina 2""";"O-ring Cubre Turbina 2""";Hidrolavadora y motobomba;Hidrolavadora y motobomba;Aros;;;"O-ring Cubre Turbina 2""";;;;4805021.jpg;muy_baja;4 Tiempos;Motobombas;Aros;160;grilla;;;PARTES DE MOTOBOMBAS
4805022;completo;"O-ring Cubre Turbina 3""";"O-ring Cubre Turbina 3""";Hidrolavadora y motobomba;Hidrolavadora y motobomba;Aros;;;"O-ring Cubre Turbina 3""";;;;4805022.jpg;muy_baja;4 Tiempos;Motobombas;Aros;160;grilla;;;PARTES DE MOTOBOMBAS
4810305;completo;"Junta Válvula de Retención 2""";"Junta Válvula de Retención 2""";Hidrolavadora y motobomba;Hidrolavadora y motobomba;Juntas de motor;;;"Junta Válvula de Retención 2""";;;;4810305.jpg;muy_baja;4 Tiempos;Motobombas;Juntas de motor;159;grilla;;;PARTES DE MOTOBOMBAS
4810306;completo;"Junta Válvula de Retención 3""";"Junta Válvula de Retención 3""";Hidrolavadora y motobomba;Hidrolavadora y motobomba;Juntas de motor;;;"Junta Válvula de Retención 3""";;;;4810306.jpg;muy_baja;4 Tiempos;Motobombas;Juntas de motor;159;grilla;;;PARTES DE MOTOBOMBAS
4810307;completo;"Junta de Brida Elevación 2""";"Junta de Brida Elevación 2""";Hidrolavadora y motobomba;Hidrolavadora y motobomba;Juntas de motor;;;"Junta de Brida Elevación 2""";;;;;;4 Tiempos;Motobombas;Juntas de motor;159;grilla;;;PARTES DE MOTOBOMBAS
4810308;completo;"Junta de Brida Elevación 3""";"Junta de Brida Elevación 3""";Hidrolavadora y motobomba;Hidrolavadora y motobomba;Juntas de motor;;;"Junta de Brida Elevación 3""";;;;;;4 Tiempos;Motobombas;Juntas de motor;159;grilla;;;PARTES DE MOTOBOMBAS
4810309;completo;"Junta Valvula de Retención 2"" Tipo Honda";"Junta Valvula de Retención 2"" Tipo Honda";Hidrolavadora y motobomba;Hidrolavadora y motobomba;Juntas de motor;Honda;;"Junta Valvula de Retención 2"" Tipo Honda";;;;4810309.jpg;muy_baja;4 Tiempos;Motobombas;Juntas de motor;160;grilla;;;PARTES DE MOTOBOMBAS
4810310;completo;"Junta Valvula de Retención 3"" Tipo Honda";"Junta Valvula de Retención 3"" Tipo Honda";Hidrolavadora y motobomba;Hidrolavadora y motobomba;Juntas de motor;Honda;;"Junta Valvula de Retención 3"" Tipo Honda";;;;4810310.jpg;muy_baja;4 Tiempos;Motobombas;Juntas de motor;160;grilla;;;PARTES DE MOTOBOMBAS
4814541;completo;"Tapa de Descarga con O-ring 2"" 3""";"Tapa de Descarga con O-ring 2"" 3""";Hidrolavadora y motobomba;Hidrolavadora y motobomba;Tanque de combustible / tapa;;;"Tapa de Descarga con O-ring 2"" 3""";;;;4814541.jpg;muy_baja;4 Tiempos;Motobombas;Tanque de combustible / tapa;159;grilla;;;PARTES DE MOTOBOMBAS
4814542;completo;"Sello Mecánico 2""- 3""";"Sello Mecánico 2""- 3""";Hidrolavadora y motobomba;Hidrolavadora y motobomba;Tanque de combustible / tapa;;;"Sello Mecánico 2""- 3""";;;;4814542.jpg;muy_baja;4 Tiempos;Motobombas;Tanque de combustible / tapa;159;grilla;;;PARTES DE MOTOBOMBAS
4820203;completo;"Conector de Manguera Aluminio 2""";"Conector de Manguera Aluminio 2""";Hidrolavadora y motobomba;Hidrolavadora y motobomba;Partes;;;"Conector de Manguera Aluminio 2""";;;;4820203.jpg;muy_baja;4 Tiempos;Motobombas;Partes;159;grilla;;;PARTES DE MOTOBOMBAS
4820204;completo;"Conector de Manguera Aluminio 3""";"Conector de Manguera Aluminio 3""";Hidrolavadora y motobomba;Hidrolavadora y motobomba;Partes;;;"Conector de Manguera Aluminio 3""";;;;4820204.jpg;muy_baja;4 Tiempos;Motobombas;Partes;159;grilla;;;PARTES DE MOTOBOMBAS
4820205;completo;"Cierre de Conector Auminio 2""";"Cierre de Conector Auminio 2""";Hidrolavadora y motobomba;Hidrolavadora y motobomba;Partes;;;"Cierre de Conector Auminio 2""";;;;4820205.jpg;muy_baja;4 Tiempos;Motobombas;Partes;159;grilla;;;PARTES DE MOTOBOMBAS
4820206;completo;"Cierre de Conector Auminio 3""";"Cierre de Conector Auminio 3""";Hidrolavadora y motobomba;Hidrolavadora y motobomba;Partes;;;"Cierre de Conector Auminio 3""";;;;4820206.jpg;muy_baja;4 Tiempos;Motobombas;Partes;159;grilla;;;PARTES DE MOTOBOMBAS
4820207;completo;"Filtro de Succión 2""";"Filtro de Succión 2""";Hidrolavadora y motobomba;Hidrolavadora y motobomba;Partes;;;"Filtro de Succión 2""";;;;4820207.jpg;muy_baja;4 Tiempos;Motobombas;Partes;159;grilla;;;PARTES DE MOTOBOMBAS
4820208;completo;"Brida de Succión 2""";"Brida de Succión 2""";Hidrolavadora y motobomba;Hidrolavadora y motobomba;Partes;;;"Brida de Succión 2""";;;;4820208.jpg;muy_baja;4 Tiempos;Motobombas;Partes;159;grilla;;;PARTES DE MOTOBOMBAS
4820209;completo;"Brida de Succión 3""";"Brida de Succión 3""";Hidrolavadora y motobomba;Hidrolavadora y motobomba;Partes;;;"Brida de Succión 3""";;;;4820209.jpg;muy_baja;4 Tiempos;Motobombas;Partes;159;grilla;;;PARTES DE MOTOBOMBAS
4820210;completo;"Brida de Elevación 2""";"Brida de Elevación 2""";Hidrolavadora y motobomba;Hidrolavadora y motobomba;Partes;;;"Brida de Elevación 2""";;;;;;4 Tiempos;Motobombas;Partes;159;grilla;;;PARTES DE MOTOBOMBAS
4820211;completo;"Brida de Elevación 3""";"Brida de Elevación 3""";Hidrolavadora y motobomba;Hidrolavadora y motobomba;Partes;;;"Brida de Elevación 3""";;;;;;4 Tiempos;Motobombas;Partes;159;grilla;;;PARTES DE MOTOBOMBAS
4820212;completo;"Carcasa Motobomba 2""";"Carcasa Motobomba 2""";Hidrolavadora y motobomba;Hidrolavadora y motobomba;Partes;;;"Carcasa Motobomba 2""";;;;;;4 Tiempos;Motobombas;Partes;159;grilla;;;PARTES DE MOTOBOMBAS
4820213;completo;"Carcasa Motobomba 3""";"Carcasa Motobomba 3""";Hidrolavadora y motobomba;Hidrolavadora y motobomba;Partes;;;"Carcasa Motobomba 3""";;;;;;4 Tiempos;Motobombas;Partes;159;grilla;;;PARTES DE MOTOBOMBAS
4820214;completo;"Carcasa Porta Sello 2""";"Carcasa Porta Sello 2""";Hidrolavadora y motobomba;Hidrolavadora y motobomba;Partes;;;"Carcasa Porta Sello 2""";;;;4820214.jpg;muy_baja;4 Tiempos;Motobombas;Partes;160;grilla;;;PARTES DE MOTOBOMBAS
4820215;completo;"Carcasa Porta Sello 3""";"Carcasa Porta Sello 3""";Hidrolavadora y motobomba;Hidrolavadora y motobomba;Partes;;;"Carcasa Porta Sello 3""";;;;4820215.jpg;muy_baja;4 Tiempos;Motobombas;Partes;160;grilla;;;PARTES DE MOTOBOMBAS
4820216;completo;"Turbina Chaveta 2""";"Turbina Chaveta 2""";Hidrolavadora y motobomba;Hidrolavadora y motobomba;Partes;;;"Turbina Chaveta 2""";;;;4820216.jpg;muy_baja;4 Tiempos;Motobombas;Partes;160;grilla;;;PARTES DE MOTOBOMBAS
4820217;completo;"Turbina Chaveta 3""";"Turbina Chaveta 3""";Hidrolavadora y motobomba;Hidrolavadora y motobomba;Partes;;;"Turbina Chaveta 3""";;;;4820217.jpg;muy_baja;4 Tiempos;Motobombas;Partes;160;grilla;;;PARTES DE MOTOBOMBAS
4820218;completo;"Cubre Turbina Caracol 2""";"Cubre Turbina Caracol 2""";Hidrolavadora y motobomba;Hidrolavadora y motobomba;Partes;;;"Cubre Turbina Caracol 2""";;;;4820218.jpg;muy_baja;4 Tiempos;Motobombas;Partes;160;grilla;;;PARTES DE MOTOBOMBAS
4820219;completo;"Cubre Turbina Caracol 3""";"Cubre Turbina Caracol 3""";Hidrolavadora y motobomba;Hidrolavadora y motobomba;Partes;;;"Cubre Turbina Caracol 3""";;;;4820219.jpg;muy_baja;4 Tiempos;Motobombas;Partes;160;grilla;;;PARTES DE MOTOBOMBAS
4820220;completo;"Brida de Succión 2"" Tipo Honda";"Brida de Succión 2"" Tipo Honda";Hidrolavadora y motobomba;Hidrolavadora y motobomba;Partes;Honda;;"Brida de Succión 2"" Tipo Honda";;;;4820220.jpg;muy_baja;4 Tiempos;Motobombas;Partes;160;grilla;;;PARTES DE MOTOBOMBAS
4820221;completo;"Brida de Succión 3"" Tipo Honda";"Brida de Succión 3"" Tipo Honda";Hidrolavadora y motobomba;Hidrolavadora y motobomba;Partes;Honda;;"Brida de Succión 3"" Tipo Honda";;;;4820221.jpg;muy_baja;4 Tiempos;Motobombas;Partes;160;grilla;;;PARTES DE MOTOBOMBAS
4820222;completo;"Brida de Elevación 3"" Tipo Honda";"Brida de Elevación 3"" Tipo Honda";Hidrolavadora y motobomba;Hidrolavadora y motobomba;Partes;Honda;;"Brida de Elevación 3"" Tipo Honda";;;;4820222.jpg;muy_baja;4 Tiempos;Motobombas;Partes;160;grilla;;;PARTES DE MOTOBOMBAS
4820224;completo;"Carcasa Motobomba 2"" Tipo Honda";"Carcasa Motobomba 2"" Tipo Honda";Hidrolavadora y motobomba;Hidrolavadora y motobomba;Partes;Honda;;"Carcasa Motobomba 2"" Tipo Honda";;;;4820224.jpg;muy_baja;4 Tiempos;Motobombas;Partes;160;grilla;;;PARTES DE MOTOBOMBAS
4820225;completo;"Carcasa Motobomba 3"" Tipo Honda";"Carcasa Motobomba 3"" Tipo Honda";Hidrolavadora y motobomba;Hidrolavadora y motobomba;Partes;Honda;;"Carcasa Motobomba 3"" Tipo Honda";;;;4820225.jpg;muy_baja;4 Tiempos;Motobombas;Partes;160;grilla;;;PARTES DE MOTOBOMBAS
4820226;completo;"Carcasa Porta Sello 2"" Tipo Honda";"Carcasa Porta Sello 2"" Tipo Honda";Hidrolavadora y motobomba;Hidrolavadora y motobomba;Partes;Honda;;"Carcasa Porta Sello 2"" Tipo Honda";;;;4820226.jpg;muy_baja;4 Tiempos;Motobombas;Partes;160;grilla;;;PARTES DE MOTOBOMBAS
4820227;completo;"Carcasa Porta Sello 3"" Tipo Honda";"Carcasa Porta Sello 3"" Tipo Honda";Hidrolavadora y motobomba;Hidrolavadora y motobomba;Partes;Honda;;"Carcasa Porta Sello 3"" Tipo Honda";;;;;;4 Tiempos;Motobombas;Partes;160;grilla;;;PARTES DE MOTOBOMBAS
4820228;completo;"Turbina Rosca Motobomba 2"" Tipo Honda";"Turbina Rosca Motobomba 2"" Tipo Honda";Hidrolavadora y motobomba;Hidrolavadora y motobomba;Partes;Honda;;"Turbina Rosca Motobomba 2"" Tipo Honda";;;;;;4 Tiempos;Motobombas;Partes;160;grilla;;;PARTES DE MOTOBOMBAS
4820229;completo;"Turbina Rosca Motobomba 3"" Tipo Honda";"Turbina Rosca Motobomba 3"" Tipo Honda";Hidrolavadora y motobomba;Hidrolavadora y motobomba;Partes;Honda;;"Turbina Rosca Motobomba 3"" Tipo Honda";;;;;;4 Tiempos;Motobombas;Partes;160;grilla;;;PARTES DE MOTOBOMBAS
4820230;completo;"Cubre Turbina 2"" Tipo Honda PARTES DE HIDROLAVADORA- 6HP";"Cubre Turbina 2"" Tipo Honda PARTES DE HIDROLAVADORA- 6HP";Hidrolavadora y motobomba;Hidrolavadora y motobomba;Partes;Honda;;"Cubre Turbina 2"" Tipo Honda PARTES DE HIDROLAVADORA- 6HP";;;;4820230.jpg;muy_baja;4 Tiempos;Motobombas;Partes;161;grilla;;;PARTES DE MOTOBOMBAS
4820901;completo;"Bomba de Hidrolavadora 6,5 HP";"Bomba de Hidrolavadora 6,5 HP";Hidrolavadora y motobomba;Hidrolavadora y motobomba;Partes;;;"Bomba de Hidrolavadora 6,5 HP";;;;4820901.jpg;muy_baja;4 Tiempos;Motobombas;Partes;161;grilla;;;PARTES DE MOTOBOMBAS
4820902;completo;Bomba de Hidrolavadora 13HP 220 Bar;Bomba de Hidrolavadora 13HP 220 Bar;Hidrolavadora y motobomba;Hidrolavadora y motobomba;Partes;;;Bomba de Hidrolavadora 13HP 220 Bar;;;;4820902.jpg;muy_baja;4 Tiempos;Motobombas;Partes;161;grilla;;;PARTES DE MOTOBOMBAS
4820903;completo;"Picos de Hidrolavadora 6,5 HP 210 Bar 4 Piezas PARTES DE…";"Picos de Hidrolavadora 6,5 HP 210 Bar 4 Piezas PARTES DE HIDROLAVADORA- 13HP";Hidrolavadora y motobomba;Hidrolavadora y motobomba;Partes;;;"Picos de Hidrolavadora 6,5 HP 210 Bar 4 Piezas PARTES DE HIDROLAVADORA- 13HP";;;;4820903.jpg;muy_baja;4 Tiempos;Motobombas;Partes;161;grilla;;;PARTES DE MOTOBOMBAS
4820904;completo;Picos de Hidrolavadora 13 HP 220 Bar 4 Piezas;Picos de Hidrolavadora 13 HP 220 Bar 4 Piezas;Hidrolavadora y motobomba;Hidrolavadora y motobomba;Partes;;;Picos de Hidrolavadora 13 HP 220 Bar 4 Piezas;;;;4820904.jpg;muy_baja;4 Tiempos;Motobombas;Partes;161;grilla;;;PARTES DE MOTOBOMBAS
4820905;completo;Lanza Hidrolavadora Eléctrica 2200 Psi;Lanza Hidrolavadora Eléctrica 2200 Psi;Hidrolavadora y motobomba;Hidrolavadora y motobomba;Partes;;;Lanza Hidrolavadora Eléctrica 2200 Psi;;;;4820905.jpg;muy_baja;4 Tiempos;Motobombas;Partes;161;grilla;;;PARTES DE MOTOBOMBAS
4820906;completo;Mangueras Hidrolavadora Eléctrica 5mts;Mangueras Hidrolavadora Eléctrica 5mts;Hidrolavadora y motobomba;Hidrolavadora y motobomba;Partes;;;Mangueras Hidrolavadora Eléctrica 5mts;;;;;;4 Tiempos;Motobombas;Partes;161;grilla;;;PARTES DE MOTOBOMBAS
4820907;completo;Lanza Hidrolavadora Explosión 3600 Psi;Lanza Hidrolavadora Explosión 3600 Psi;Hidrolavadora y motobomba;Hidrolavadora y motobomba;Partes;;;Lanza Hidrolavadora Explosión 3600 Psi;;;;;;4 Tiempos;Motobombas;Partes;161;grilla;;;PARTES DE MOTOBOMBAS
4820908;completo;Mangueras Hidrolavadora Explosión 6mm 10mts;Mangueras Hidrolavadora Explosión 6mm 10mts;Hidrolavadora y motobomba;Hidrolavadora y motobomba;Partes;;;Mangueras Hidrolavadora Explosión 6mm 10mts;;6mm;;;;4 Tiempos;Motobombas;Partes;161;grilla;;;PARTES DE MOTOBOMBAS
4906601;falta_descripcion;Filtros de combustible;;Repuestos universales;;FILTROS DE COMBUSTIBLE;;;;;;;;;4 Tiempos;Universal;Filtro de combustible;27;grilla;categoria;;FILTROS DE COMBUSTIBLE
4906602;falta_descripcion;Filtros de combustible;;Repuestos universales;;FILTROS DE COMBUSTIBLE;;;;;;;;;4 Tiempos;Universal;Filtro de combustible;27;grilla;categoria;NUEVO;FILTROS DE COMBUSTIBLE
4906603;falta_descripcion;Filtros de combustible;;Repuestos universales;;FILTROS DE COMBUSTIBLE;;;;;;;;;4 Tiempos;Universal;Filtro de combustible;27;grilla;categoria;;FILTROS DE COMBUSTIBLE
4906605;completo;Filtro de Junta del Tanque de Combustible GX160 GX200;Filtro de Junta del Tanque de Combustible GX160 GX200;Repuestos universales;;PARTES DE MOTOR 5.5 HP 6.5 HP REEMPLAZO GX160 GX200;;;Filtro de Junta del Tanque de Combustible GX160 GX200;;;;4906605.jpg;media;4 Tiempos;Universal;Filtro de combustible;165;grilla;;;PARTES DE MOTOR 5.5 HP 6.5 HP REEMPLAZO GX160 GX200
4919500;completo;Grasa De Caja De Engranajes 50gr;Grasa De Caja De Engranajes 50gr;Desmalezadoras;Desmalezadoras;Bomba de aceite;;;Grasa De Caja De Engranajes 50gr;;;;4919500.jpg;muy_baja;4 Tiempos;Universal;Bomba de aceite;101;grilla;;;PARTES DE DESMALEZADORAS REEMPLAZO ST FS38 / FS55
4919501;falta_descripcion;Reemplazos briggs & stratton — Briggs & Stratton;;Repuestos universales;;REEMPLAZOS BRIGGS & STRATTON;Briggs & Stratton;;;;;;;;4 Tiempos;Universal;Bomba de aceite;74;grilla;categoria;;REEMPLAZOS BRIGGS & STRATTON
4923484;completo;Llave comb. minitractores B&S 399517;Llave comb. minitractores B&S 399517;Carburación;Carburación;LLAVES PASES DE COMBUSTIBLE;Briggs & Stratton;;Llave comb. minitractores B&S 399517;;;;4923484.jpg;muy_baja;4 Tiempos;Universal;Llave de paso;45;grilla;;;CARBURACIÓN - LLAVES PASES DE COMBUSTIBLE
4923485;completo;Llave comb. minitractores B&S 698183;Llave comb. minitractores B&S 698183;Carburación;Carburación;LLAVES PASES DE COMBUSTIBLE;Briggs & Stratton;;Llave comb. minitractores B&S 698183;;;;4923485.jpg;muy_baja;4 Tiempos;Universal;Llave de paso;45;grilla;;;CARBURACIÓN - LLAVES PASES DE COMBUSTIBLE
4923487;completo;Llave combustible Grupos Chinos Macho BUJES PASAMANGUERA;Llave combustible Grupos Chinos Macho BUJES PASAMANGUERA;Carburación;Carburación;LLAVES PASES DE COMBUSTIBLE;;;Llave combustible Grupos Chinos Macho BUJES PASAMANGUERA;;;;4923487.jpg;muy_baja;4 Tiempos;Universal;Llave de paso;45;grilla;;;CARBURACIÓN - LLAVES PASES DE COMBUSTIBLE
4923488;completo;Llave combustible Grupos Chinos Macho;Llave combustible Grupos Chinos Macho;Carburación;Carburación;LLAVES PASES DE COMBUSTIBLE;;;Llave combustible Grupos Chinos Macho;;;;4923488.jpg;muy_baja;4 Tiempos;Universal;Llave de paso;45;grilla;;;CARBURACIÓN - LLAVES PASES DE COMBUSTIBLE
4923489;completo;Llave combustible Grupos Chinos Hembra;Llave combustible Grupos Chinos Hembra;Carburación;Carburación;LLAVES PASES DE COMBUSTIBLE;;;Llave combustible Grupos Chinos Hembra;;;;4923489.jpg;muy_baja;4 Tiempos;Universal;Llave de paso;45;grilla;;;CARBURACIÓN - LLAVES PASES DE COMBUSTIBLE
5888064;completo;Transmisión — MTD;Transmisión MTD 20X1760;Minitractores;Minitractores;CORREAS DE KEVLAR;MTD;754-0260;MTD;Transmisión;20X1760;;;;Minitractores;Minitractor;Correas;4;tabla;;;MINITRACTORES - CORREAS DE KEVLAR - MTD / YARD MACHINES / YARD-MAN / TROY BILT / WHITE
5888065;completo;Plataforma — Cub Cadet - MTD;"Plataforma Cub Cadet - MTD 48""X1/2""";Minitractores;Minitractores;CORREAS DE KEVLAR;MTD | Cub Cadet;754-0200;Cub Cadet - MTD;Plataforma;"48""X1/2""";;;;Minitractores;Minitractor;Correas;4;tabla;;;MINITRACTORES - CORREAS DE KEVLAR - MTD / YARD MACHINES / YARD-MAN / TROY BILT / WHITE
5888069;completo;Correas;Cub Cadet LX 54” 139” X 5/8”;Minitractores;Minitractores;CORREAS DE KEVLAR;Cub Cadet;754-0505 Plataforma;;;"Cub Cadet LX 54"" 139"" X 5/8"" | 139” X 5/8”";;;;Minitractores;Minitractor;Correas;6;tabla;;;MINITRACTORES - CORREAS DE KEVLAR - MTD / YARD MACHINES / YARD-MAN / TROY BILT / WHITE
5888071;completo;Correas;Yard Man - Rider 52” X 5/8”;Minitractores;Minitractores;CORREAS DE KEVLAR;MTD | Yard Machines | Yard-Man | Troy Bilt | White;754-0754 Plataforma;;;"Yard Man - Rider 52"" X 5/8"" | 52” X 5/8”";;;;Minitractores;Minitractor;Correas;6;tabla;;;MINITRACTORES - CORREAS DE KEVLAR - MTD / YARD MACHINES / YARD-MAN / TROY BILT / WHITE
5888072;completo;Correas;"Cub Cadet LX 54” 91,2” X 1/2”";Minitractores;Minitractores;CORREAS DE KEVLAR;Cub Cadet;754-05027 Transmisión;;;"Cub Cadet LX 54"" 91,2"" X 1/2"" | 91,2” X 1/2”";;;;Minitractores;Minitractor;Correas;6;tabla;;;MINITRACTORES - CORREAS DE KEVLAR - MTD / YARD MACHINES / YARD-MAN / TROY BILT / WHITE
5888073;completo;Correas;Cub Cadet LT 42” 100” X 1/2”;Minitractores;Minitractores;CORREAS DE KEVLAR;Cub Cadet;754-05021 Plataforma;;;"Cub Cadet LT 42"" 100"" X 1/2"" | 100” X 1/2”";;;;Minitractores;Minitractor;Correas;6;tabla;;;MINITRACTORES - CORREAS DE KEVLAR - MTD / YARD MACHINES / YARD-MAN / TROY BILT / WHITE
5888075;completo;Correas;Cub Cadet 44” De Corte 103” X 1/2”;Minitractores;Minitractores;CORREAS DE KEVLAR;Cub Cadet;754-3039 Plataforma;;;"Cub Cadet 44"" De Corte 103"" X 1/2"" | 103” X 1/2”";;;;Minitractores;Minitractor;Correas;6;tabla;;;MINITRACTORES - CORREAS DE KEVLAR - MTD / YARD MACHINES / YARD-MAN / TROY BILT / WHITE
5888076;completo;Correas;Cub Cadet 48” De Corte 105” X 1/2”;Minitractores;Minitractores;CORREAS DE KEVLAR;Cub Cadet;754-0341 Plataforma;;;"Cub Cadet 48"" De Corte 105"" X 1/2"" | 105” X 1/2”";;;;Minitractores;Minitractor;Correas;6;tabla;;;MINITRACTORES - CORREAS DE KEVLAR - MTD / YARD MACHINES / YARD-MAN / TROY BILT / WHITE
5888077;completo;Correas;Cub Cadet 46” y 48” Serie 2500 161” X 5/8”;Minitractores;Minitractores;CORREAS DE KEVLAR;Cub Cadet;754-3078 Plataforma;;;"Cub Cadet 46"" y 48"" Serie 2500 161"" X 5/8"" | 161” X 5/8”";;;;Minitractores;Minitractor;Correas;6;tabla;;;MINITRACTORES - CORREAS DE KEVLAR - MTD / YARD MACHINES / YARD-MAN / TROY BILT / WHITE
5888078;completo;"Plataforma — Rider 30"" 13504A";"Plataforma Rider 30"" 13504A 52""X1/2""";Minitractores;Minitractores;CORREAS DE KEVLAR;MTD | Yard Machines | Yard-Man | Troy Bilt | White;754-0264;"Rider 30"" 13504A";Plataforma;"52""X1/2""";;;;Minitractores;Minitractor;Correas;4;tabla;;;MINITRACTORES - CORREAS DE KEVLAR - MTD / YARD MACHINES / YARD-MAN / TROY BILT / WHITE
5888079;completo;Correas;Serie 600/772 35” X 5/8” 6;Minitractores;Minitractores;CORREAS DE KEVLAR;MTD | Yard Machines | Yard-Man | Troy Bilt | White;754-05040 Transmisión;;;"Serie 600/772 35"" X 5/8"" 6 | 35” X 5/8”";;;;Minitractores;Minitractor;Correas;6;tabla;;;MINITRACTORES - CORREAS DE KEVLAR - MTD / YARD MACHINES / YARD-MAN / TROY BILT / WHITE
5888080;completo;"Plataforma — 54"" Autodrive Serie 808K";"Plataforma 54"" Autodrive Serie 808K 137,5"" X 5/5""";Minitractores;Minitractores;CORREAS DE KEVLAR;MTD | Yard Machines | Yard-Man | Troy Bilt | White;754-0642;"54"" Autodrive Serie 808K";Plataforma;"137,5"" X 5/5""";;;;Minitractores;Minitractor;Correas;5;tabla;;;MINITRACTORES - CORREAS DE KEVLAR - MTD / YARD MACHINES / YARD-MAN / TROY BILT / WHITE
5888082;completo;Correas;"CubCadet 97,4” X 5/8”";Minitractores;Minitractores;CORREAS DE KEVLAR;MTD | Yard Machines | Yard-Man | Troy Bilt | White;754-3051 Transmisión;;;"CubCadet 97,4"" X 5/8"" | 97,4” X 5/8”";;;;Minitractores;Minitractor;Correas;6;tabla;;;MINITRACTORES - CORREAS DE KEVLAR - MTD / YARD MACHINES / YARD-MAN / TROY BILT / WHITE
5888083;completo;Correas;"Cub Cadet 42” Serie 2000 112,5” X 5/8”";Minitractores;Minitractores;CORREAS DE KEVLAR;Cub Cadet;754-3055A Plataforma;;;"Cub Cadet 42"" Serie 2000 112,5"" X 5/8"" | 112,5” X 5/8”";;;;Minitractores;Minitractor;Correas;6;tabla;;;MINITRACTORES - CORREAS DE KEVLAR - MTD / YARD MACHINES / YARD-MAN / TROY BILT / WHITE
5888085;completo;Correas;"84,25” X 1/2”";Minitractores;Minitractores;CORREAS DE KEVLAR;MTD | Yard Machines | Yard-Man | Troy Bilt | White;954-04252 Transmisión MTD Gold 42” De Corte Hidrostático;;;"84,25"" X 1/2"" | 84,25” X 1/2”";;;;Minitractores;Minitractor;Correas;6;tabla;;;MINITRACTORES - CORREAS DE KEVLAR - MTD / YARD MACHINES / YARD-MAN / TROY BILT / WHITE
5888086;completo;Transmisión — Motocultivador;"Transmisión Motocultivador 42""X1/2""";Minitractores;Minitractores;CORREAS DE KEVLAR;MTD | Yard Machines | Yard-Man | Troy Bilt | White;754-0428;Motocultivador;Transmisión;"42""X1/2""";;;;Minitractores;Minitractor;Correas;4;tabla;;;MINITRACTORES - CORREAS DE KEVLAR - MTD / YARD MACHINES / YARD-MAN / TROY BILT / WHITE
5888087;completo;Tracción — Troy Bilt Motocultivador;"Tracción Troy Bilt Motocultivador 25,3"" X1/2""";Minitractores;Minitractores;CORREAS DE KEVLAR;Troy Bilt;754-04090;Troy Bilt Motocultivador;Tracción;"25,3"" X1/2""";;;;Minitractores;Minitractor;Correas;5;tabla;;;MINITRACTORES - CORREAS DE KEVLAR - MTD / YARD MACHINES / YARD-MAN / TROY BILT / WHITE
5888088;completo;Tracción — Cub Cadet Rotovator;"Tracción Cub Cadet Rotovator 29"" X 3/8""";Minitractores;Minitractores;CORREAS DE KEVLAR;Cub Cadet;754-04091;Cub Cadet Rotovator;Tracción;"29"" X 3/8""";;;;Minitractores;Minitractor;Correas;5;tabla;;;MINITRACTORES - CORREAS DE KEVLAR - MTD / YARD MACHINES / YARD-MAN / TROY BILT / WHITE
5888089;completo;Correas;"Cub Cadet RZT 50” Serie 3 141,3” X 5/8”";Minitractores;Minitractores;CORREAS DE KEVLAR;Cub Cadet;754-05078 Plataforma;;;"Cub Cadet RZT 50"" Serie 3 141,3"" X 5/8"" | 141,3” X 5/8”";;;;Minitractores;Minitractor;Correas;6;tabla;;;MINITRACTORES - CORREAS DE KEVLAR - MTD / YARD MACHINES / YARD-MAN / TROY BILT / WHITE
5888093;completo;Transmisión — Riders Serie 497;"Transmisión Riders Serie 497 82""X1/2""";Minitractores;Minitractores;CORREAS DE KEVLAR;MTD | Yard Machines | Yard-Man | Troy Bilt | White;754-0226;Riders Serie 497;Transmisión;"82""X1/2""";;;;Minitractores;Minitractor;Correas;4;tabla;;;MINITRACTORES - CORREAS DE KEVLAR - MTD / YARD MACHINES / YARD-MAN / TROY BILT / WHITE
5888094;completo;Correas;"32” y 42” De Corte 34,91” X 5/8”";Minitractores;Minitractores;CORREAS DE KEVLAR;MTD | Yard Machines | Yard-Man | Troy Bilt | White;754-04285 Vel. Variable;;;"32"" y 42"" De Corte 34,91"" X 5/8"" | 34,91” X 5/8”";;;;Minitractores;Minitractor;Correas;6;tabla;;;MINITRACTORES - CORREAS DE KEVLAR - MTD / YARD MACHINES / YARD-MAN / TROY BILT / WHITE
5888095;completo;"Plataforma 1° — 46"" Auto Drive Serie 808H";"Plataforma 1° 46"" Auto Drive Serie 808H 62""X5/8""";Minitractores;Minitractores;CORREAS DE KEVLAR;MTD | Yard Machines | Yard-Man | Troy Bilt | White;754-0228;"46"" Auto Drive Serie 808H";Plataforma 1°;"62""X5/8""";;;;Minitractores;Minitractor;Correas;4;tabla;;;MINITRACTORES - CORREAS DE KEVLAR - MTD / YARD MACHINES / YARD-MAN / TROY BILT / WHITE
5888096;completo;"Plataforma — 199 30"" De Corte";"Plataforma 199 30"" De Corte 52""X1/2""";Minitractores;Minitractores;CORREAS DE KEVLAR;MTD | Yard Machines | Yard-Man | Troy Bilt | White;754-0229;"199 30"" De Corte";Plataforma;"52""X1/2""";;;;Minitractores;Minitractor;Correas;4;tabla;;;MINITRACTORES - CORREAS DE KEVLAR - MTD / YARD MACHINES / YARD-MAN / TROY BILT / WHITE
5888097;completo;"Transmisión — Troy Bilt 42"" De Corte";"Transmisión Troy Bilt 42"" De Corte 85,2"" X1/2""";Minitractores;Minitractores;CORREAS DE KEVLAR;Troy Bilt;754-0236;"Troy Bilt 42"" De Corte";Transmisión;"85,2"" X1/2""";;;;Minitractores;Minitractor;Correas;4;tabla;;;MINITRACTORES - CORREAS DE KEVLAR - MTD / YARD MACHINES / YARD-MAN / TROY BILT / WHITE
5888098;completo;Correas;MTD 34” X 3/8”;Minitractores;Minitractores;CORREAS DE KEVLAR;MTD;754-04260 Transmisión;;;"MTD 34"" X 3/8"" | 34” X 3/8”";;;;Minitractores;Minitractor;Correas;6;tabla;;;MINITRACTORES - CORREAS DE KEVLAR - MTD / YARD MACHINES / YARD-MAN / TROY BILT / WHITE
5888099;completo;"Transmisión 1° — Rider 30"" 13504A";"Transmisión 1° Rider 30"" 13504A 38” X 5/8”";Minitractores;Minitractores;CORREAS DE KEVLAR;MTD | Yard Machines | Yard-Man | Troy Bilt | White;754-0240;"Rider 30"" 13504A";Transmisión 1°;"38"" X 5/8"" | 38” X 5/8”";;;;Minitractores;Minitractor;Correas;4;tabla;;;MINITRACTORES - CORREAS DE KEVLAR - MTD / YARD MACHINES / YARD-MAN / TROY BILT / WHITE
5888100;completo;"Transmisión 2° — 38"" y 42"" De Corte 760-779";"Transmisión 2° 38"" y 42"" De Corte 760-779 35"" X 5/8”";Minitractores;Minitractores;CORREAS DE KEVLAR;MTD | Yard Machines | Yard-Man | Troy Bilt | White;754-0241;"38"" y 42"" De Corte 760-779";Transmisión 2°;"35"" X 5/8"" | 35"" X 5/8";;;;Minitractores;Minitractor;Correas;4;tabla;;;MINITRACTORES - CORREAS DE KEVLAR - MTD / YARD MACHINES / YARD-MAN / TROY BILT / WHITE
5888101;completo;Transmisión — MTD;"Transmisión MTD 35"" X 3/8""";Minitractores;Minitractores;CORREAS DE KEVLAR;MTD;754-0431;MTD;Transmisión;"35"" X 3/8""";;;;Minitractores;Minitractor;Correas;4;tabla;;;MINITRACTORES - CORREAS DE KEVLAR - MTD / YARD MACHINES / YARD-MAN / TROY BILT / WHITE
5888102;completo;Plataforma — MTD;Plataforma MTD 43'' X 1/2'';Minitractores;Minitractores;CORREAS DE KEVLAR;MTD;754-0253;MTD;Plataforma;43'' X 1/2'';;;;Minitractores;Minitractor;Correas;4;tabla;;;MINITRACTORES - CORREAS DE KEVLAR - MTD / YARD MACHINES / YARD-MAN / TROY BILT / WHITE
5888103;completo;Transmisión — White;"Transmisión White 30"" X 5/8""";Minitractores;Minitractores;CORREAS DE KEVLAR;White;754-0249;White;Transmisión;"30"" X 5/8""";;;;Minitractores;Minitractor;Correas;4;tabla;;;MINITRACTORES - CORREAS DE KEVLAR - MTD / YARD MACHINES / YARD-MAN / TROY BILT / WHITE
5888104;completo;Tracción — Autopropulsada;"Tracción Autopropulsada 29"" X 3/8""";Minitractores;Minitractores;CORREAS DE KEVLAR;MTD | Yard Machines | Yard-Man | Troy Bilt | White;754-0256;Autopropulsada;Tracción;"29"" X 3/8""";;;;Minitractores;Minitractor;Correas;4;tabla;;;MINITRACTORES - CORREAS DE KEVLAR - MTD / YARD MACHINES / YARD-MAN / TROY BILT / WHITE
5888105;completo;"Plataforma — 38"" De Corte";"Plataforma 38"" De Corte 84,25"" X1/2”";Minitractores;Minitractores;CORREAS DE KEVLAR;MTD | Yard Machines | Yard-Man | Troy Bilt | White;754-0270;"38"" De Corte";Plataforma;"84,25"" X1/2"" | 84,25"" X1/2";;;;Minitractores;Minitractor;Correas;4;tabla;;;MINITRACTORES - CORREAS DE KEVLAR - MTD / YARD MACHINES / YARD-MAN / TROY BILT / WHITE
5888106;completo;Autopropulsada;"Autopropulsada 39"" x 3/8""";Minitractores;Minitractores;CORREAS DE KEVLAR;MTD | Yard Machines | Yard-Man | Troy Bilt | White;754-0271;Autopropulsada;;"39"" x 3/8""";;;;Minitractores;Minitractor;Correas;4;tabla;;;MINITRACTORES - CORREAS DE KEVLAR - MTD / YARD MACHINES / YARD-MAN / TROY BILT / WHITE
5888107;completo;Transmisión — MTD WHITE 580;Transmisión MTD WHITE 580 59'' X 1/2'';Minitractores;Minitractores;CORREAS DE KEVLAR;MTD | White;754-0267;MTD WHITE 580;Transmisión;59'' X 1/2'';;;;Minitractores;Minitractor;Correas;4;tabla;;;MINITRACTORES - CORREAS DE KEVLAR - MTD / YARD MACHINES / YARD-MAN / TROY BILT / WHITE
5888110;completo;Transmisión 1° — Model LT-12 Serie 673F-676F;"Transmisión 1° Model LT-12 Serie 673F-676F 53""X 5/8""";Minitractores;Minitractores;CORREAS DE KEVLAR;MTD | Yard Machines | Yard-Man | Troy Bilt | White;754-0280;Model LT-12 Serie 673F-676F;Transmisión 1°;"53""X 5/8""";;;;Minitractores;Minitractor;Correas;4;tabla;;;MINITRACTORES - CORREAS DE KEVLAR - MTD / YARD MACHINES / YARD-MAN / TROY BILT / WHITE
5888111;completo;"Transmisión 2° — 450E 36"" De Corte";"Transmisión 2° 450E 36"" De Corte 44,20"" X 5/8""";Minitractores;Minitractores;CORREAS DE KEVLAR;MTD | Yard Machines | Yard-Man | Troy Bilt | White;754-0281;"450E 36"" De Corte";Transmisión 2°;"44,20"" X 5/8""";;;;Minitractores;Minitractor;Correas;4;tabla;;;MINITRACTORES - CORREAS DE KEVLAR - MTD / YARD MACHINES / YARD-MAN / TROY BILT / WHITE
5888114;completo;Transmisión — Modelos 300 y 450;"Transmisión Modelos 300 y 450 41 ""X 5/8""";Minitractores;Minitractores;CORREAS DE KEVLAR;MTD | Yard Machines | Yard-Man | Troy Bilt | White;754-0284;Modelos 300 y 450;Transmisión;"41 ""X 5/8""";;;;Minitractores;Minitractor;Correas;4;tabla;;;MINITRACTORES - CORREAS DE KEVLAR - MTD / YARD MACHINES / YARD-MAN / TROY BILT / WHITE
5888118;completo;"Transmisión — Modelo 1986 40""";"Transmisión Modelo 1986 40"" 88,25"" x 1/2""";Minitractores;Minitractores;CORREAS DE KEVLAR;MTD | Yard Machines | Yard-Man | Troy Bilt | White;754-0291;"Modelo 1986 40""";Transmisión;"88,25"" x 1/2""";;;;Minitractores;Minitractor;Correas;4;tabla;;;MINITRACTORES - CORREAS DE KEVLAR - MTD / YARD MACHINES / YARD-MAN / TROY BILT / WHITE
5888120;completo;"Plataforma — 44"" De Corte";"Plataforma 44"" De Corte 74""X1/2” 4";Minitractores;Minitractores;CORREAS DE KEVLAR;MTD | Yard Machines | Yard-Man | Troy Bilt | White;754-0293;"44"" De Corte";Plataforma;"74""X1/2"" 4 | 74""X1/2";;;;Minitractores;Minitractor;Correas;4;tabla;;;MINITRACTORES - CORREAS DE KEVLAR - MTD / YARD MACHINES / YARD-MAN / TROY BILT / WHITE
5888124;completo;Transmisión — MTD;"Transmisión MTD 49"" X 5/8""";Minitractores;Minitractores;CORREAS DE KEVLAR;MTD;754-0328;MTD;Transmisión;"49"" X 5/8""";;;;Minitractores;Minitractor;Correas;4;tabla;;;MINITRACTORES - CORREAS DE KEVLAR - MTD / YARD MACHINES / YARD-MAN / TROY BILT / WHITE
5888125;completo;"Plataforma — 12,5 HP 38"" De Corte 650F-694F";"Plataforma 12,5 HP 38"" De Corte 650F-694F 69"" X 5/8""";Minitractores;Minitractores;CORREAS DE KEVLAR;MTD | Yard Machines | Yard-Man | Troy Bilt | White;754-0329A;"12,5 HP 38"" De Corte 650F-694F";Plataforma;"69"" X 5/8""";;;;Minitractores;Minitractor;Correas;4;tabla;;;MINITRACTORES - CORREAS DE KEVLAR - MTD / YARD MACHINES / YARD-MAN / TROY BILT / WHITE
5888130;completo;"Transmisión — 604H 46"" De Corte";"Transmisión 604H 46"" De Corte 77"" X1/2”";Minitractores;Minitractores;CORREAS DE KEVLAR;MTD | Yard Machines | Yard-Man | Troy Bilt | White;754-0338;"604H 46"" De Corte";Transmisión;"77"" X1/2"" | 77"" X1/2";;;;Minitractores;Minitractor;Correas;4;tabla;;;MINITRACTORES - CORREAS DE KEVLAR - MTD / YARD MACHINES / YARD-MAN / TROY BILT / WHITE
5888132;completo;Tracción — Cespera Autopropulsada;"Tracción Cespera Autopropulsada 31"" X 3/8""";Minitractores;Minitractores;CORREAS DE KEVLAR;MTD | Yard Machines | Yard-Man | Troy Bilt | White;754-0343;Cespera Autopropulsada;Tracción;"31"" X 3/8""";;;;Minitractores;Minitractor;Correas;4;tabla;;;MINITRACTORES - CORREAS DE KEVLAR - MTD / YARD MACHINES / YARD-MAN / TROY BILT / WHITE
5888133;completo;"Plataforma — Troy Bilt 30"" De Corte";"Plataforma Troy Bilt 30"" De Corte 89"" X 5/8""";Minitractores;Minitractores;CORREAS DE KEVLAR;Troy Bilt;754-0341;"Troy Bilt 30"" De Corte";Plataforma;"89"" X 5/8""";;;;Minitractores;Minitractor;Correas;4;tabla;;;MINITRACTORES - CORREAS DE KEVLAR - MTD / YARD MACHINES / YARD-MAN / TROY BILT / WHITE
5888134;completo;Tracción — Serie 400;"Tracción Serie 400 30"" X 3/8""";Minitractores;Minitractores;CORREAS DE KEVLAR;MTD | Yard Machines | Yard-Man | Troy Bilt | White;754-0346;Serie 400;Tracción;"30"" X 3/8""";;;;Minitractores;Minitractor;Correas;4;tabla;;;MINITRACTORES - CORREAS DE KEVLAR - MTD / YARD MACHINES / YARD-MAN / TROY BILT / WHITE
5888135;completo;"Plataforma 2° — 840H 808H y 600H 46""";"Plataforma 2° 840H 808H y 600H 46"" 79,09"" X1/2”";Minitractores;Minitractores;CORREAS DE KEVLAR;MTD | Yard Machines | Yard-Man | Troy Bilt | White;754-0349;"840H 808H y 600H 46""";Plataforma 2°;"79,09"" X1/2"" | 79,09"" X1/2";;;;Minitractores;Minitractor;Correas;4;tabla;;;MINITRACTORES - CORREAS DE KEVLAR - MTD / YARD MACHINES / YARD-MAN / TROY BILT / WHITE
5888136;completo;"Plataforma 1° — 809H-840H 46"" De Corte";"Plataforma 1° 809H-840H 46"" De Corte 64"" X 5/8""";Minitractores;Minitractores;CORREAS DE KEVLAR;MTD | Yard Machines | Yard-Man | Troy Bilt | White;754-0350;"809H-840H 46"" De Corte";Plataforma 1°;"64"" X 5/8""";;;;Minitractores;Minitractor;Correas;4;tabla;;;MINITRACTORES - CORREAS DE KEVLAR - MTD / YARD MACHINES / YARD-MAN / TROY BILT / WHITE
5888137;completo;Transmisión — MTD;"Transmisión MTD 61""X1/2""";Minitractores;Minitractores;CORREAS DE KEVLAR;MTD;754-0351;MTD;Transmisión;"61""X1/2""";;;;Minitractores;Minitractor;Correas;4;tabla;;;MINITRACTORES - CORREAS DE KEVLAR - MTD / YARD MACHINES / YARD-MAN / TROY BILT / WHITE
5888138;completo;Transmisión — Serie 800 1988/96;"Transmisión Serie 800 1988/96 51"" X 7/8""";Minitractores;Minitractores;CORREAS DE KEVLAR;MTD | Yard Machines | Yard-Man | Troy Bilt | White;754-0358;Serie 800 1988/96;Transmisión;"51"" X 7/8""";;;;Minitractores;Minitractor;Correas;4;tabla;;;MINITRACTORES - CORREAS DE KEVLAR - MTD / YARD MACHINES / YARD-MAN / TROY BILT / WHITE
5888140;completo;Transmisión — Serie 800 1990/96;"Transmisión Serie 800 1990/96 47,7/8"" X 7/8""";Minitractores;Minitractores;CORREAS DE KEVLAR;MTD | Yard Machines | Yard-Man | Troy Bilt | White;754-0362;Serie 800 1990/96;Transmisión;"47,7/8"" X 7/8"" | 8"" X 7/8""";;;;Minitractores;Minitractor;Correas;4;tabla;;;MINITRACTORES - CORREAS DE KEVLAR - MTD / YARD MACHINES / YARD-MAN / TROY BILT / WHITE
5888143;completo;Transmisión — Serie 800 1990/96;"Transmisión Serie 800 1990/96 47,7/8"" X 7/8""";Minitractores;Minitractores;CORREAS DE KEVLAR;MTD | Yard Machines | Yard-Man | Troy Bilt | White;754-0362;Serie 800 1990/96;Transmisión;"47,7/8"" X 7/8"" | 8"" X 7/8""";;;;Minitractores;Minitractor;Correas;4;tabla;;;MINITRACTORES - CORREAS DE KEVLAR - MTD / YARD MACHINES / YARD-MAN / TROY BILT / WHITE
5888145;completo;"Plataforma — 450E 36"" De Corte";"Plataforma 450E 36"" De Corte 68"" X 5/8""";Minitractores;Minitractores;CORREAS DE KEVLAR;MTD | Yard Machines | Yard-Man | Troy Bilt | White;754-0364;"450E 36"" De Corte";Plataforma;"68"" X 5/8""";;;;Minitractores;Minitractor;Correas;4;tabla;;;MINITRACTORES - CORREAS DE KEVLAR - MTD / YARD MACHINES / YARD-MAN / TROY BILT / WHITE
5888148;completo;Tracción — Cespera Autopropulsada;"Tracción Cespera Autopropulsada 34,50"" X 3/8""";Minitractores;Minitractores;CORREAS DE KEVLAR;MTD | Yard Machines | Yard-Man | Troy Bilt | White;754-0367;Cespera Autopropulsada;Tracción;"34,50"" X 3/8""";;;;Minitractores;Minitractor;Correas;4;tabla;;;MINITRACTORES - CORREAS DE KEVLAR - MTD / YARD MACHINES / YARD-MAN / TROY BILT / WHITE
5888150;completo;Transmisión 2° — Model LT-12 Serie 673F-676F;"Transmisión 2° Model LT-12 Serie 673F-676F 47,50"" X 5/8""";Minitractores;Minitractores;CORREAS DE KEVLAR;MTD | Yard Machines | Yard-Man | Troy Bilt | White;754-0370;Model LT-12 Serie 673F-676F;Transmisión 2°;"47,50"" X 5/8""";;;;Minitractores;Minitractor;Correas;4;tabla;;;MINITRACTORES - CORREAS DE KEVLAR - MTD / YARD MACHINES / YARD-MAN / TROY BILT / WHITE
5888151;completo;"Plataforma — 42"" De Corte Serie 690G";"Plataforma 42"" De Corte Serie 690G 74"" X 5/8""";Minitractores;Minitractores;CORREAS DE KEVLAR;MTD | Yard Machines | Yard-Man | Troy Bilt | White;754-0371A;"42"" De Corte Serie 690G";Plataforma;"74"" X 5/8""";;;;Minitractores;Minitractor;Correas;4;tabla;;;MINITRACTORES - CORREAS DE KEVLAR - MTD / YARD MACHINES / YARD-MAN / TROY BILT / WHITE
5888158;completo;Plataforma — 675 38” De Corte;Plataforma 675 38” De Corte 70” X 5/8”;Minitractores;Minitractores;CORREAS DE KEVLAR;MTD | Yard Machines | Yard-Man | Troy Bilt | White;754-0427;675 38” De Corte;Plataforma;"70"" X 5/8"" | 70” X 5/8”";;;;Minitractores;Minitractor;Correas;4;tabla;;;MINITRACTORES - CORREAS DE KEVLAR - MTD / YARD MACHINES / YARD-MAN / TROY BILT / WHITE
5888160;completo;"Plataforma — 38"" De Corte Serie 690F";"Plataforma 38"" De Corte Serie 690F 69,70"" X 5/8""";Minitractores;Minitractores;CORREAS DE KEVLAR;MTD | Yard Machines | Yard-Man | Troy Bilt | White;754-0433;"38"" De Corte Serie 690F";Plataforma;"69,70"" X 5/8""";;;;Minitractores;Minitractor;Correas;4;tabla;;;MINITRACTORES - CORREAS DE KEVLAR - MTD / YARD MACHINES / YARD-MAN / TROY BILT / WHITE
5888161;completo;Transmisión — Motocultivador;"Transmisión Motocultivador 58,16"" X1/2""";Minitractores;Minitractores;CORREAS DE KEVLAR;MTD | Yard Machines | Yard-Man | Troy Bilt | White;754-0434;Motocultivador;Transmisión;"58,16"" X1/2""";;;;Minitractores;Minitractor;Correas;4;tabla;;;MINITRACTORES - CORREAS DE KEVLAR - MTD / YARD MACHINES / YARD-MAN / TROY BILT / WHITE
5888165;completo;"Plataforma 2° — 46"" De Corte Serie 690H-699H";"Plataforma 2° 46"" De Corte Serie 690H-699H 99""X1/2”";Minitractores;Minitractores;CORREAS DE KEVLAR;MTD | Yard Machines | Yard-Man | Troy Bilt | White;754-0440;"46"" De Corte Serie 690H-699H";Plataforma 2°;"99""X1/2"" | 99""X1/2";;;;Minitractores;Minitractor;Correas;5;tabla;;;MINITRACTORES - CORREAS DE KEVLAR - MTD / YARD MACHINES / YARD-MAN / TROY BILT / WHITE
5888166;completo;"Transmisión — 42"" Hidrostático 673G-695G";"Transmisión 42"" Hidrostático 673G-695G 76""X1/2”";Minitractores;Minitractores;CORREAS DE KEVLAR;MTD | Yard Machines | Yard-Man | Troy Bilt | White;754-0441;"42"" Hidrostático 673G-695G";Transmisión;"76""X1/2"" | 76""X1/2";;;;Minitractores;Minitractor;Correas;5;tabla;;;MINITRACTORES - CORREAS DE KEVLAR - MTD / YARD MACHINES / YARD-MAN / TROY BILT / WHITE
5888170;completo;"Transmisión 2° — 845H 46"" De Corte";"Transmisión 2° 845H 46"" De Corte 45,78"" X 5/8""";Minitractores;Minitractores;CORREAS DE KEVLAR;MTD | Yard Machines | Yard-Man | Troy Bilt | White;754-0446;"845H 46"" De Corte";Transmisión 2°;"45,78"" X 5/8""";;;;Minitractores;Minitractor;Correas;5;tabla;;;MINITRACTORES - CORREAS DE KEVLAR - MTD / YARD MACHINES / YARD-MAN / TROY BILT / WHITE
5888172;completo;Transmisión — Yardman Rider;"Transmisión Yardman Rider 36"" x 5/8""";Minitractores;Minitractores;CORREAS DE KEVLAR;Yard-Man;754-0453;Yardman Rider;Transmisión;"36"" x 5/8""";;;;Minitractores;Minitractor;Correas;5;tabla;;;MINITRACTORES - CORREAS DE KEVLAR - MTD / YARD MACHINES / YARD-MAN / TROY BILT / WHITE
5888175;completo;Transmisión — 800 Hidrostático;"Transmisión 800 Hidrostático 78,25"" X1/2”";Minitractores;Minitractores;CORREAS DE KEVLAR;MTD | Yard Machines | Yard-Man | Troy Bilt | White;754-0461;800 Hidrostático;Transmisión;"78,25"" X1/2"" | 78,25"" X1/2";;;;Minitractores;Minitractor;Correas;5;tabla;;;MINITRACTORES - CORREAS DE KEVLAR - MTD / YARD MACHINES / YARD-MAN / TROY BILT / WHITE
5888180;completo;"Transmisión 1° — 42"" 46"" 50"" De Corte Auto-Drive";"Transmisión 1° 42"" 46"" 50"" De Corte Auto-Drive 91,50"" X 5/8""";Minitractores;Minitractores;CORREAS DE KEVLAR;MTD | Yard Machines | Yard-Man | Troy Bilt | White;754-0467;"42"" 46"" 50"" De Corte Auto-Drive";Transmisión 1°;"91,50"" X 5/8""";;;;Minitractores;Minitractor;Correas;5;tabla;;;MINITRACTORES - CORREAS DE KEVLAR - MTD / YARD MACHINES / YARD-MAN / TROY BILT / WHITE
5888181;completo;"Transmisión 2° — 42"" 46"" 50"" De Corte Auto-Drive";"Transmisión 2° 42"" 46"" 50"" De Corte Auto-Drive 41,50"" X 5/8""";Minitractores;Minitractores;CORREAS DE KEVLAR;MTD | Yard Machines | Yard-Man | Troy Bilt | White;754-0468;"42"" 46"" 50"" De Corte Auto-Drive";Transmisión 2°;"41,50"" X 5/8""";;;;Minitractores;Minitractor;Correas;5;tabla;;;MINITRACTORES - CORREAS DE KEVLAR - MTD / YARD MACHINES / YARD-MAN / TROY BILT / WHITE
5888182;completo;"Plataforma — Autodrive 42"" U604";"Plataforma Autodrive 42"" U604 83,75"" x 5/8""";Minitractores;Minitractores;CORREAS DE KEVLAR;MTD | Yard Machines | Yard-Man | Troy Bilt | White;754-0472;"Autodrive 42"" U604";Plataforma;"83,75"" x 5/8""";;;;Minitractores;Minitractor;Correas;5;tabla;;;MINITRACTORES - CORREAS DE KEVLAR - MTD / YARD MACHINES / YARD-MAN / TROY BILT / WHITE
5888185;completo;"Plataforma — 42"" De Corte 808K Auto-Drive";"Plataforma 42"" De Corte 808K Auto-Drive 101"" X 5/8""";Minitractores;Minitractores;CORREAS DE KEVLAR;MTD | Yard Machines | Yard-Man | Troy Bilt | White;754-0474;"42"" De Corte 808K Auto-Drive";Plataforma;"101"" X 5/8""";;;;Minitractores;Minitractor;Correas;5;tabla;;;MINITRACTORES - CORREAS DE KEVLAR - MTD / YARD MACHINES / YARD-MAN / TROY BILT / WHITE
5888187;completo;"Plataforma — 46"" De Corte 804H PTO Electric";"Plataforma 46"" De Corte 804H PTO Electric 100,5"" X 5/8""";Minitractores;Minitractores;CORREAS DE KEVLAR;MTD | Yard Machines | Yard-Man | Troy Bilt | White;754-0476;"46"" De Corte 804H PTO Electric";Plataforma;"100,5"" X 5/8""";;;;Minitractores;Minitractor;Correas;5;tabla;;;MINITRACTORES - CORREAS DE KEVLAR - MTD / YARD MACHINES / YARD-MAN / TROY BILT / WHITE
5888189;completo;"Plataforma — 42"" De Corte";"Plataforma 42"" De Corte 97"" X 5/8""";Minitractores;Minitractores;CORREAS DE KEVLAR;MTD | Yard Machines | Yard-Man | Troy Bilt | White;754-0485;"42"" De Corte";Plataforma;"97"" X 5/8""";;;;Minitractores;Minitractor;Correas;5;tabla;;;MINITRACTORES - CORREAS DE KEVLAR - MTD / YARD MACHINES / YARD-MAN / TROY BILT / WHITE
5888190;completo;"Plataforma 1° — T604H 22 HP 46"" De Corte";"Plataforma 1° T604H 22 HP 46"" De Corte 67,25"" X 5/8""";Minitractores;Minitractores;CORREAS DE KEVLAR;MTD | Yard Machines | Yard-Man | Troy Bilt | White;754-0486;"T604H 22 HP 46"" De Corte";Plataforma 1°;"67,25"" X 5/8""";;;;Minitractores;Minitractor;Correas;5;tabla;;;MINITRACTORES - CORREAS DE KEVLAR - MTD / YARD MACHINES / YARD-MAN / TROY BILT / WHITE
5888191;completo;"Plataforma — 46"" De Corte 804H PTO Manual";"Plataforma 46"" De Corte 804H PTO Manual 66,2"" X 5/8""";Minitractores;Minitractores;CORREAS DE KEVLAR;MTD | Yard Machines | Yard-Man | Troy Bilt | White;754-0487;"46"" De Corte 804H PTO Manual";Plataforma;"66,2"" X 5/8""";;;;Minitractores;Minitractor;Correas;5;tabla;;;MINITRACTORES - CORREAS DE KEVLAR - MTD / YARD MACHINES / YARD-MAN / TROY BILT / WHITE
5888195;completo;"Plataforma 1° — T604G 17.5HP42"" De Corte";"Plataforma 1° T604G 17.5HP42"" De Corte 60""X1/2”";Minitractores;Minitractores;CORREAS DE KEVLAR;MTD | Yard Machines | Yard-Man | Troy Bilt | White;754-0497;"T604G 17.5HP42"" De Corte";Plataforma 1°;"60""X1/2"" | 60""X1/2";;;;Minitractores;Minitractor;Correas;5;tabla;;;MINITRACTORES - CORREAS DE KEVLAR - MTD / YARD MACHINES / YARD-MAN / TROY BILT / WHITE
5888196;completo;"Plataforma 2° — 42"" De Corte T604G";"Plataforma 2° 42"" De Corte T604G 66,9"" X1/2”";Minitractores;Minitractores;CORREAS DE KEVLAR;MTD | Yard Machines | Yard-Man | Troy Bilt | White;754-0498;"42"" De Corte T604G";Plataforma 2°;"66,9"" X1/2"" | 66,9"" X1/2";;;;Minitractores;Minitractor;Correas;5;tabla;;;MINITRACTORES - CORREAS DE KEVLAR - MTD / YARD MACHINES / YARD-MAN / TROY BILT / WHITE
5888198;completo;Tracción — Yard Machine;"Tracción Yard Machine 31 ""X 3/8""";Minitractores;Minitractores;CORREAS DE KEVLAR;MTD | Yard Machines | Yard-Man | Troy Bilt | White;754-0637;Yard Machine;Tracción;"31 ""X 3/8""";;;;Minitractores;Minitractor;Correas;5;tabla;;;MINITRACTORES - CORREAS DE KEVLAR - MTD / YARD MACHINES / YARD-MAN / TROY BILT / WHITE
5888205;completo;"Transmisión 1° — 38"" v 42"" De Corte760-779";"Transmisión 1° 38"" v 42"" De Corte760-779 69,25"" X 5/8""";Minitractores;Minitractores;CORREAS DE KEVLAR;MTD | Yard Machines | Yard-Man | Troy Bilt | White;754-04001A;"38"" v 42"" De Corte760-779";Transmisión 1°;"69,25"" X 5/8""";;;;Minitractores;Minitractor;Correas;5;tabla;;;MINITRACTORES - CORREAS DE KEVLAR - MTD / YARD MACHINES / YARD-MAN / TROY BILT / WHITE
5888206;completo;Transmisión 2° — LT115 LT175 Yard Man 683F;"Transmisión 2° LT115 LT175 Yard Man 683F 31,75""X 5/8""";Minitractores;Minitractores;CORREAS DE KEVLAR;MTD | Yard Machines | Yard-Man | Troy Bilt | White;754-04002;LT115 LT175 Yard Man 683F;Transmisión 2°;"31,75""X 5/8""";;;;Minitractores;Minitractor;Correas;5;tabla;;;MINITRACTORES - CORREAS DE KEVLAR - MTD / YARD MACHINES / YARD-MAN / TROY BILT / WHITE
5888215;completo;Transmisión — RZT 42 y RZT 50;"Transmisión RZT 42 y RZT 50 57,7"" X1/2”";Minitractores;Minitractores;CORREAS DE KEVLAR;MTD | Yard Machines | Yard-Man | Troy Bilt | White;754-04043;RZT 42 y RZT 50;Transmisión;"57,7"" X1/2"" | 57,7"" X1/2";;;;Minitractores;Minitractor;Correas;5;tabla;;;MINITRACTORES - CORREAS DE KEVLAR - MTD / YARD MACHINES / YARD-MAN / TROY BILT / WHITE
5888216;completo;Plataforma — RZT 50;"Plataforma RZT 50 134"" X1/2”";Minitractores;Minitractores;CORREAS DE KEVLAR;MTD | Yard Machines | Yard-Man | Troy Bilt | White;754-04044;RZT 50;Plataforma;"134"" X1/2"" | 134"" X1/2";;;;Minitractores;Minitractor;Correas;5;tabla;;;MINITRACTORES - CORREAS DE KEVLAR - MTD / YARD MACHINES / YARD-MAN / TROY BILT / WHITE
5888217;completo;"Plataforma — 42"" Troy Bilt Auto-Drive";"Plataforma 42"" Troy Bilt Auto-Drive 109,10"" X1/2”";Minitractores;Minitractores;CORREAS DE KEVLAR;Troy Bilt;754-04045;"42"" Troy Bilt Auto-Drive";Plataforma;"109,10"" X1/2"" | 109,10"" X1/2";;;;Minitractores;Minitractor;Correas;5;tabla;;;MINITRACTORES - CORREAS DE KEVLAR - MTD / YARD MACHINES / YARD-MAN / TROY BILT / WHITE
5888225;completo;Transmisión — Yard Man;"Transmisión Yard Man 34""X1/2""";Minitractores;Minitractores;CORREAS DE KEVLAR;MTD | Yard Machines | Yard-Man | Troy Bilt | White;754-04050;Yard Man;Transmisión;"34""X1/2""";;;;Minitractores;Minitractor;Correas;5;tabla;;;MINITRACTORES - CORREAS DE KEVLAR - MTD / YARD MACHINES / YARD-MAN / TROY BILT / WHITE
5888230;completo;"Plataforma — 42"" De Corte 760G-779G";"Plataforma 42"" De Corte 760G-779G 96,50"" X1/2”";Minitractores;Minitractores;CORREAS DE KEVLAR;MTD | Yard Machines | Yard-Man | Troy Bilt | White;754-04060B;"42"" De Corte 760G-779G";Plataforma;"96,50"" X1/2"" | 96,50"" X1/2";;;;Minitractores;Minitractor;Correas;5;tabla;;;MINITRACTORES - CORREAS DE KEVLAR - MTD / YARD MACHINES / YARD-MAN / TROY BILT / WHITE
5888231;completo;Transmisión — Motocultivador;Transmisión Motocultivador 26”X1/2”;Minitractores;Minitractores;CORREAS DE KEVLAR;MTD | Yard Machines | Yard-Man | Troy Bilt | White;754-04061;Motocultivador;Transmisión;"26""X1/2"" | 26”X1/2”";;;;Minitractores;Minitractor;Correas;5;tabla;;;MINITRACTORES - CORREAS DE KEVLAR - MTD / YARD MACHINES / YARD-MAN / TROY BILT / WHITE
5888232;completo;"Plataforma — 38"" De Corte 760F-779F";"Plataforma 38"" De Corte 760F-779F 77,70X1/2”";Minitractores;Minitractores;CORREAS DE KEVLAR;MTD | Yard Machines | Yard-Man | Troy Bilt | White;754-04062;"38"" De Corte 760F-779F";Plataforma;"77,70X1/2""";;;;Minitractores;Minitractor;Correas;5;tabla;;;MINITRACTORES - CORREAS DE KEVLAR - MTD / YARD MACHINES / YARD-MAN / TROY BILT / WHITE
5888235;completo;"Plataforma — Cub Cadet 46"" De Corte";"Plataforma Cub Cadet 46"" De Corte 122"" X1/2""";Minitractores;Minitractores;CORREAS DE KEVLAR;Cub Cadet;754-04118;"Cub Cadet 46"" De Corte";Plataforma;"122"" X1/2""";;;;Minitractores;Minitractor;Correas;5;tabla;;;MINITRACTORES - CORREAS DE KEVLAR - MTD / YARD MACHINES / YARD-MAN / TROY BILT / WHITE
5888239;completo;Tracción — Autopropulsada;"Tracción Autopropulsada 32,25"" x 3/8""";Minitractores;Minitractores;CORREAS DE KEVLAR;MTD | Yard Machines | Yard-Man | Troy Bilt | White;754-04066;Autopropulsada;Tracción;"32,25"" x 3/8""";;;;Minitractores;Minitractor;Correas;5;tabla;;;MINITRACTORES - CORREAS DE KEVLAR - MTD / YARD MACHINES / YARD-MAN / TROY BILT / WHITE
5888240;completo;Plataforma 1° — 46” De Corte 604H-606H;"Plataforma 1° 46” De Corte 604H-606H 68,20” X 5/8”";Minitractores;Minitractores;CORREAS DE KEVLAR;MTD | Yard Machines | Yard-Man | Troy Bilt | White;754-04064;46” De Corte 604H-606H;Plataforma 1°;"68,20"" X 5/8"" | 68,20” X 5/8”";;;;Minitractores;Minitractor;Correas;5;tabla;;;MINITRACTORES - CORREAS DE KEVLAR - MTD / YARD MACHINES / YARD-MAN / TROY BILT / WHITE
5888241;completo;Transmisión — 790-799 Hidrostático;"Transmisión 790-799 Hidrostático 78,3"" x 1/2""";Minitractores;Minitractores;CORREAS DE KEVLAR;MTD | Yard Machines | Yard-Man | Troy Bilt | White;754-04074A;790-799 Hidrostático;Transmisión;"78,3"" x 1/2""";;;;Minitractores;Minitractor;Correas;5;tabla;;;MINITRACTORES - CORREAS DE KEVLAR - MTD / YARD MACHINES / YARD-MAN / TROY BILT / WHITE
5888242;completo;Plataforma — 50” De Corte White;Plataforma 50” De Corte White 134” X 5/8”;Minitractores;Minitractores;CORREAS DE KEVLAR;White;754-04077;50” De Corte White;Plataforma;"134"" X 5/8"" | 134” X 5/8”";;;;Minitractores;Minitractor;Correas;5;tabla;;;MINITRACTORES - CORREAS DE KEVLAR - MTD / YARD MACHINES / YARD-MAN / TROY BILT / WHITE
5888243;completo;Correas;"Cub Cadet LTX 79,5” X 1/2”";Minitractores;Minitractores;CORREAS DE KEVLAR;Cub Cadet;754-04207 Plataforma;;;"Cub Cadet LTX 79,5"" X 1/2"" | 79,5” X 1/2”";;;;Minitractores;Minitractor;Correas;6;tabla;;;MINITRACTORES - CORREAS DE KEVLAR - MTD / YARD MACHINES / YARD-MAN / TROY BILT / WHITE
5888244;completo;"Plataforma — 50"" Troy Bilt Serie 800";"Plataforma 50"" Troy Bilt Serie 800 135” X 5/8”";Minitractores;Minitractores;CORREAS DE KEVLAR;Troy Bilt;754-04107;"50"" Troy Bilt Serie 800";Plataforma;"135"" X 5/8"" | 135” X 5/8”";;;;Minitractores;Minitractor;Correas;5;tabla;;;MINITRACTORES - CORREAS DE KEVLAR - MTD / YARD MACHINES / YARD-MAN / TROY BILT / WHITE
5888245;completo;Plataforma 1° — Serie 600H 46” De Corte;"Plataforma 1° Serie 600H 46” De Corte 90,25” X1/2”";Minitractores;Minitractores;CORREAS DE KEVLAR;MTD | Yard Machines | Yard-Man | Troy Bilt | White;754-04122;Serie 600H 46” De Corte;Plataforma 1°;"90,25"" X1/2"" | 90,25” X1/2”";;;;Minitractores;Minitractor;Correas;5;tabla;;;MINITRACTORES - CORREAS DE KEVLAR - MTD / YARD MACHINES / YARD-MAN / TROY BILT / WHITE
5888246;completo;Tracción — Motocultivador;"Tracción Motocultivador 24,10"" X1/2""";Minitractores;Minitractores;CORREAS DE KEVLAR;MTD | Yard Machines | Yard-Man | Troy Bilt | White;754-04123;Motocultivador;Tracción;"24,10"" X1/2""";;;;Minitractores;Minitractor;Correas;5;tabla;;;MINITRACTORES - CORREAS DE KEVLAR - MTD / YARD MACHINES / YARD-MAN / TROY BILT / WHITE
5888247;completo;Correas;"2765F Autodrive 41,25” X 5/8”";Minitractores;Minitractores;CORREAS DE KEVLAR;MTD | Yard Machines | Yard-Man | Troy Bilt | White;754-04208 Transmisión 2°;;;"2765F Autodrive 41,25"" X 5/8"" | 41,25” X 5/8”";;;;Minitractores;Minitractor;Correas;6;tabla;;;MINITRACTORES - CORREAS DE KEVLAR - MTD / YARD MACHINES / YARD-MAN / TROY BILT / WHITE
5888249;completo;Correas;C.C Rider 56B36D4K75 50” X 1/2”;Minitractores;Minitractores;CORREAS DE KEVLAR;MTD | Yard Machines | Yard-Man | Troy Bilt | White;754-04212 Transmisión;;;"C.C Rider 56B36D4K75 50"" X 1/2"" | 50” X 1/2”";;;;Minitractores;Minitractor;Correas;6;tabla;;;MINITRACTORES - CORREAS DE KEVLAR - MTD / YARD MACHINES / YARD-MAN / TROY BILT / WHITE
5888250;completo;Plataforma — RZT 42” De Corte;"Plataforma RZT 42” De Corte 114,47” X1/2”";Minitractores;Minitractores;CORREAS DE KEVLAR;MTD | Yard Machines | Yard-Man | Troy Bilt | White;754-04137A;RZT 42” De Corte;Plataforma;"114,47"" X1/2"" | 114,47” X1/2”";;;;Minitractores;Minitractor;Correas;5;tabla;;;MINITRACTORES - CORREAS DE KEVLAR - MTD / YARD MACHINES / YARD-MAN / TROY BILT / WHITE
5888254;completo;Transmisión — Cub Cadet Cc760;"Transmisión Cub Cadet Cc760 64""X1/2""";Minitractores;Minitractores;CORREAS DE KEVLAR;Cub Cadet;754-04145;Cub Cadet Cc760;Transmisión;"64""X1/2""";;;;Minitractores;Minitractor;Correas;5;tabla;;;MINITRACTORES - CORREAS DE KEVLAR - MTD / YARD MACHINES / YARD-MAN / TROY BILT / WHITE
5888256;completo;Correas;Rider 30” De Corte 44” X 1/2”;Minitractores;Minitractores;CORREAS DE KEVLAR;MTD | Yard Machines | Yard-Man | Troy Bilt | White;754-05001 Plataforma;;;"Rider 30"" De Corte 44"" X 1/2"" | 44” X 1/2”";;;;Minitractores;Minitractor;Correas;6;tabla;;;MINITRACTORES - CORREAS DE KEVLAR - MTD / YARD MACHINES / YARD-MAN / TROY BILT / WHITE
5888258;completo;Correas;"RZT 50” De Corte Nuevo 141,4” X 1/2”";Minitractores;Minitractores;CORREAS DE KEVLAR;MTD | Yard Machines | Yard-Man | Troy Bilt | White;754-05008 Plataforma;;;"RZT 50"" De Corte Nuevo 141,4"" X 1/2"" | 141,4” X 1/2”";;;;Minitractores;Minitractor;Correas;6;tabla;;NUEVO;MINITRACTORES - CORREAS DE KEVLAR - MTD / YARD MACHINES / YARD-MAN / TROY BILT / WHITE
5888259;completo;Correas;"2765F Control Manual 70,50” X 5/8”";Minitractores;Minitractores;CORREAS DE KEVLAR;MTD | Yard Machines | Yard-Man | Troy Bilt | White;754-04249 Transmisión 1°;;;"2765F Control Manual 70,50"" X 5/8"" | 70,50” X 5/8”";;;;Minitractores;Minitractor;Correas;6;tabla;;;MINITRACTORES - CORREAS DE KEVLAR - MTD / YARD MACHINES / YARD-MAN / TROY BILT / WHITE
5888260;completo;Correas;LT1045 46” De Corte 78” X 1/2”;Minitractores;Minitractores;CORREAS DE KEVLAR;MTD | Yard Machines | Yard-Man | Troy Bilt | White;754-04165 Transmisión;;;"LT1045 46"" De Corte 78"" X 1/2"" | 78” X 1/2”";;;;Minitractores;Minitractor;Correas;6;tabla;;;MINITRACTORES - CORREAS DE KEVLAR - MTD / YARD MACHINES / YARD-MAN / TROY BILT / WHITE
5888261;completo;Correas;"46” De Corte 2 Cuchillas T77KT 103,24” X 1/2”";Minitractores;Minitractores;CORREAS DE KEVLAR;MTD | Yard Machines | Yard-Man | Troy Bilt | White;754-04219 Plataforma;;;"46"" De Corte 2 Cuchillas T77KT 103,24"" X 1/2"" | 103,24” X 1/2”";;;;Minitractores;Minitractor;Correas;6;tabla;;;MINITRACTORES - CORREAS DE KEVLAR - MTD / YARD MACHINES / YARD-MAN / TROY BILT / WHITE
5888262;completo;Correas;"RZT 42” y 50” Serie 3 67,5” X 1/2”";Minitractores;Minitractores;CORREAS DE KEVLAR;MTD | Yard Machines | Yard-Man | Troy Bilt | White;754-04317 Transmisión;;;"RZT 42"" y 50"" Serie 3 67,5"" X 1/2"" | 67,5” X 1/2”";;;;Minitractores;Minitractor;Correas;6;tabla;;;MINITRACTORES - CORREAS DE KEVLAR - MTD / YARD MACHINES / YARD-MAN / TROY BILT / WHITE
5888263;completo;Correas;Rider 30” De Corte 226JD 45” X 5/8”;Minitractores;Minitractores;CORREAS DE KEVLAR;MTD | Yard Machines | Yard-Man | Troy Bilt | White;754-04318 Plataforma;;;"Rider 30"" De Corte 226JD 45"" X 5/8"" | 45” X 5/8”";;;;Minitractores;Minitractor;Correas;6;tabla;;;MINITRACTORES - CORREAS DE KEVLAR - MTD / YARD MACHINES / YARD-MAN / TROY BILT / WHITE
5888264;completo;Correas;"Rider 30” De Corte 226JD 35,25” X 5/8”";Minitractores;Minitractores;CORREAS DE KEVLAR;MTD | Yard Machines | Yard-Man | Troy Bilt | White;754-04331 Transmisión 1°;;;"Rider 30"" De Corte 226JD 35,25"" X 5/8"" | 35,25” X 5/8”";;;;Minitractores;Minitractor;Correas;6;tabla;;;MINITRACTORES - CORREAS DE KEVLAR - MTD / YARD MACHINES / YARD-MAN / TROY BILT / WHITE
5888267;completo;Correas;Cub Cadet RZT 46” 125” X 1/2”;Minitractores;Minitractores;CORREAS DE KEVLAR;Cub Cadet;754-04325 Plataforma;;;"Cub Cadet RZT 46"" 125"" X 1/2"" | 125” X 1/2”";;;;Minitractores;Minitractor;Correas;6;tabla;;;MINITRACTORES - CORREAS DE KEVLAR - MTD / YARD MACHINES / YARD-MAN / TROY BILT / WHITE
5888269;completo;Correas;Cub Cadet RZT 54” 148” X 5/8”;Minitractores;Minitractores;CORREAS DE KEVLAR;Cub Cadet;754-04329 Plataforma;;;"Cub Cadet RZT 54"" 148"" X 5/8"" | 148” X 5/8”";;;;Minitractores;Minitractor;Correas;6;tabla;;;MINITRACTORES - CORREAS DE KEVLAR - MTD / YARD MACHINES / YARD-MAN / TROY BILT / WHITE
5888270;completo;Correas;"PB195H42LT y PB195H46YT 90""X1/2”";Minitractores;Minitractores;CORREAS DE KEVLAR;AYP | Poulan | Weed Eater | Craftsman;125907X Transmisión;;;"PB195H42LT y PB195H46YT 90""X1/2"" | 90""X1/2";;;;Minitractores;Minitractor;Correas;7;tabla;;;MINITRACTORES - CORREAS DE KEVLAR - AYP / POULAN / WEED EATER / CRAFTSMAN
5888275;completo;Correas;"36"" Y 38"" De Corte 88,50"" X1/2”";Minitractores;Minitractores;CORREAS DE KEVLAR;AYP | Poulan | Weed Eater | Craftsman;126520 Transmisión;;;"36"" Y 38"" De Corte 88,50"" X1/2"" | 88,50"" X1/2";;;;Minitractores;Minitractor;Correas;7;tabla;;;MINITRACTORES - CORREAS DE KEVLAR - AYP / POULAN / WEED EATER / CRAFTSMAN
5888276;completo;Plataforma — Ariens Ikon XD52;"Plataforma Ariens Ikon XD52 145,25"" X 1/2""";Minitractores;Minitractores;CORREAS DE KEVLAR;Ariens;7200023;Ariens Ikon XD52;Plataforma;"145,25"" X 1/2""";;;;Minitractores;Minitractor;Correas;8;tabla;;;MINITRACTORES - CORREAS DE KEVLAR - AYP / POULAN / WEED EATER / CRAFTSMAN
5888277;completo;Transmisión — Ariens Ikon XD52;"Transmisión Ariens Ikon XD52 57"" X 5/8""";Minitractores;Minitractores;CORREAS DE KEVLAR;Ariens;7200718;Ariens Ikon XD52;Transmisión;"57"" X 5/8""";;;;Minitractores;Minitractor;Correas;8;tabla;;;MINITRACTORES - CORREAS DE KEVLAR - AYP / POULAN / WEED EATER / CRAFTSMAN
5888280;completo;Correas;"16Hp 42"" De Corte 95""X 1/2”";Minitractores;Minitractores;CORREAS DE KEVLAR;AYP | Poulan | Weed Eater | Craftsman;130801 Plataforma;;;"16Hp 42"" De Corte 95""X 1/2"" | 95""X 1/2";;;;Minitractores;Minitractor;Correas;7;tabla;;;MINITRACTORES - CORREAS DE KEVLAR - AYP / POULAN / WEED EATER / CRAFTSMAN
5888285;completo;Correas;"48L22AH0X8A y PB22H46YT 92,50"" X1/2”";Minitractores;Minitractores;CORREAS DE KEVLAR;AYP | Poulan | Weed Eater | Craftsman;130969 Transmisión;;;"48L22AH0X8A y PB22H46YT 92,50"" X1/2"" | 92,50"" X1/2";;;;Minitractores;Minitractor;Correas;7;tabla;;;MINITRACTORES - CORREAS DE KEVLAR - AYP / POULAN / WEED EATER / CRAFTSMAN
5888288;completo;Correas;18 HP 42” De Corte 98” X1/2”;Minitractores;Minitractores;CORREAS DE KEVLAR;AYP | Poulan | Weed Eater | Craftsman;131006 Transmisión;;;"18 HP 42"" De Corte 98"" X1/2"" | 98” X1/2”";;;;Minitractores;Minitractor;Correas;7;tabla;;;MINITRACTORES - CORREAS DE KEVLAR - AYP / POULAN / WEED EATER / CRAFTSMAN
5888290;completo;Correas;"10HP11 HP 36"" De Corte 78,50"" X1/2”";Minitractores;Minitractores;CORREAS DE KEVLAR;AYP | Poulan | Weed Eater | Craftsman;131264 Plataforma;;;"10HP11 HP 36"" De Corte 78,50"" X1/2"" | 78,50"" X1/2";;;;Minitractores;Minitractor;Correas;7;tabla;;;MINITRACTORES - CORREAS DE KEVLAR - AYP / POULAN / WEED EATER / CRAFTSMAN
5888295;completo;Correas;"12,5 HP 38"" HA125R38B 88""X1/2”";Minitractores;Minitractores;CORREAS DE KEVLAR;AYP | Poulan | Weed Eater | Craftsman;131290X Plataforma;;;"12,5 HP 38"" HA125R38B 88""X1/2"" | 88""X1/2";;;;Minitractores;Minitractor;Correas;7;tabla;;;MINITRACTORES - CORREAS DE KEVLAR - AYP / POULAN / WEED EATER / CRAFTSMAN
5888296;completo;Correas;"Motocultivador 52""X1/2”";Minitractores;Minitractores;CORREAS DE KEVLAR;AYP | Poulan | Weed Eater | Craftsman;132801 Transmisión;;;"Motocultivador 52""X1/2"" | 52""X1/2";;;;Minitractores;Minitractor;Correas;7;tabla;;;MINITRACTORES - CORREAS DE KEVLAR - AYP / POULAN / WEED EATER / CRAFTSMAN
5888300;completo;Correas;"20HP46"" De Corte 83,50"" X1/2”";Minitractores;Minitractores;CORREAS DE KEVLAR;AYP | Poulan | Weed Eater | Craftsman;137153 Transmisión;;;"20HP46"" De Corte 83,50"" X1/2"" | 83,50"" X1/2";;;;Minitractores;Minitractor;Correas;7;tabla;;;MINITRACTORES - CORREAS DE KEVLAR - AYP / POULAN / WEED EATER / CRAFTSMAN
5888305;completo;Correas;"42L15G60X8A y P015538LT 95""X1/2”";Minitractores;Minitractores;CORREAS DE KEVLAR;AYP | Poulan | Weed Eater | Craftsman;138255 Transmisión;;;"42L15G60X8A y P015538LT 95""X1/2"" | 95""X1/2";;;;Minitractores;Minitractor;Correas;7;tabla;;;MINITRACTORES - CORREAS DE KEVLAR - AYP / POULAN / WEED EATER / CRAFTSMAN
5888310;completo;Correas;"22Hp 46"" De Corte 83,70"" X1/2”";Minitractores;Minitractores;CORREAS DE KEVLAR;AYP | Poulan | Weed Eater | Craftsman;139573 Plataforma;;;"22Hp 46"" De Corte 83,70"" X1/2"" | 83,70"" X1/2";;;;Minitractores;Minitractor;Correas;7;tabla;;;MINITRACTORES - CORREAS DE KEVLAR - AYP / POULAN / WEED EATER / CRAFTSMAN
5888311;completo;Correas;"8 HP 36” De Corte 82,75” X1/2”";Minitractores;Minitractores;CORREAS DE KEVLAR;AYP | Poulan | Weed Eater | Craftsman;140067 Transmisión;;;"8 HP 36"" De Corte 82,75"" X1/2"" | 82,75” X1/2”";;;;Minitractores;Minitractor;Correas;7;tabla;;;MINITRACTORES - CORREAS DE KEVLAR - AYP / POULAN / WEED EATER / CRAFTSMAN
5888315;completo;Correas;"PB22H54YT LTH1538 84,50"" X1/2”";Minitractores;Minitractores;CORREAS DE KEVLAR;AYP | Poulan | Weed Eater | Craftsman;140218 Transmisión;;;"PB22H54YT LTH1538 84,50"" X1/2"" | 84,50"" X1/2";;;;Minitractores;Minitractor;Correas;7;tabla;;;MINITRACTORES - CORREAS DE KEVLAR - AYP / POULAN / WEED EATER / CRAFTSMAN
5888320;completo;Correas;"18HP46"" De Corte 82,25"" X1/2”";Minitractores;Minitractores;CORREAS DE KEVLAR;AYP | Poulan | Weed Eater | Craftsman;140294 Transmisión;;;"18HP46"" De Corte 82,25"" X1/2"" | 82,25"" X1/2";;;;Minitractores;Minitractor;Correas;7;tabla;;;MINITRACTORES - CORREAS DE KEVLAR - AYP / POULAN / WEED EATER / CRAFTSMAN
5888323;completo;Correas;"Craftman Weed Eater 77,78"" X1/2""";Minitractores;Minitractores;CORREAS DE KEVLAR;Weed Eater;140910 Transmisión;;;"Craftman Weed Eater 77,78"" X1/2"" | 77,78"" X1/2""";;;;Minitractores;Minitractor;Correas;7;tabla;;;MINITRACTORES - CORREAS DE KEVLAR - AYP / POULAN / WEED EATER / CRAFTSMAN
5888325;completo;Correas;"12Hp 14Hp 16.5HP 42"" De Corte 88,75"" X1/2""";Minitractores;Minitractores;CORREAS DE KEVLAR;AYP | Poulan | Weed Eater | Craftsman;144200 Plataforma;;;"12Hp 14Hp 16.5HP 42"" De Corte 88,75"" X1/2"" | 88,75"" X1/2""";;;;Minitractores;Minitractor;Correas;7;tabla;;;MINITRACTORES - CORREAS DE KEVLAR - AYP / POULAN / WEED EATER / CRAFTSMAN
5888330;completo;Correas;"38"" y 42"" De Corte P017542LT 95 ,50"" X1/2”";Minitractores;Minitractores;CORREAS DE KEVLAR;AYP | Poulan | Weed Eater | Craftsman;144959 Plataforma;;;"38"" y 42"" De Corte P017542LT 95 ,50"" X1/2"" | 50"" X1/2";;;;Minitractores;Minitractor;Correas;7;tabla;;;MINITRACTORES - CORREAS DE KEVLAR - AYP / POULAN / WEED EATER / CRAFTSMAN
5888331;completo;Correas;"22"" De Corte 32,5"" X 3/8""";Minitractores;Minitractores;CORREAS DE KEVLAR;AYP | Poulan | Weed Eater | Craftsman;146527 Tracción;;;"22"" De Corte 32,5"" X 3/8"" | 32,5"" X 3/8""";;;;Minitractores;Minitractor;Correas;7;tabla;;;MINITRACTORES - CORREAS DE KEVLAR - AYP / POULAN / WEED EATER / CRAFTSMAN
5888332;completo;Correas;"18HP46"" De Corte 85,25"" X 5/8""";Minitractores;Minitractores;CORREAS DE KEVLAR;AYP | Poulan | Weed Eater | Craftsman;148763 Plataforma;;;"18HP46"" De Corte 85,25"" X 5/8"" | 85,25"" X 5/8""";;;;Minitractores;Minitractor;Correas;7;tabla;;;MINITRACTORES - CORREAS DE KEVLAR - AYP / POULAN / WEED EATER / CRAFTSMAN
5888334;completo;Correas;"46” De Corte 84,40” X1/2”";Minitractores;Minitractores;CORREAS DE KEVLAR;AYP | Poulan | Weed Eater | Craftsman;158818 Transmisión;;;"46"" De Corte 84,40"" X1/2"" | 84,40” X1/2”";;;;Minitractores;Minitractor;Correas;7;tabla;;;MINITRACTORES - CORREAS DE KEVLAR - AYP / POULAN / WEED EATER / CRAFTSMAN
5888335;completo;Correas;"12HP 38"" De Corte 95""X1/2”";Minitractores;Minitractores;CORREAS DE KEVLAR;AYP | Poulan | Weed Eater | Craftsman;160855 Transmisión;;;"12HP 38"" De Corte 95""X1/2"" | 95""X1/2";;;;Minitractores;Minitractor;Correas;7;tabla;;;MINITRACTORES - CORREAS DE KEVLAR - AYP / POULAN / WEED EATER / CRAFTSMAN
5888336;completo;Tracción — CESPERA;"Tracción CESPERA 35"" X 3/8""";Minitractores;Minitractores;CORREAS DE KEVLAR;AYP | Poulan | Weed Eater | Craftsman;160816;CESPERA;Tracción;"35"" X 3/8""";;;;Minitractores;Minitractor;Correas;8;tabla;;;MINITRACTORES - CORREAS DE KEVLAR - AYP / POULAN / WEED EATER / CRAFTSMAN
5888340;completo;Correas;"10HP11HP 36"" De Corte 79""X1/2”";Minitractores;Minitractores;CORREAS DE KEVLAR;AYP | Poulan | Weed Eater | Craftsman;161741 Transmisión;;;"10HP11HP 36"" De Corte 79""X1/2"" | 79""X1/2";;;;Minitractores;Minitractor;Correas;7;tabla;;;MINITRACTORES - CORREAS DE KEVLAR - AYP / POULAN / WEED EATER / CRAFTSMAN
5888343;completo;Correas;"Wed Eater 14,5hp - 42"" 85’X1/2’";Minitractores;Minitractores;CORREAS DE KEVLAR;AYP | Poulan | Weed Eater | Craftsman;161850 Plataforma;;;"Wed Eater 14,5hp - 42"" 85’X1/2’";;;;Minitractores;Minitractor;Correas;7;tabla;;;MINITRACTORES - CORREAS DE KEVLAR - AYP / POULAN / WEED EATER / CRAFTSMAN
5888345;completo;Correas;"48"" De Corte 108,50"" X1/2”";Minitractores;Minitractores;CORREAS DE KEVLAR;AYP | Poulan | Weed Eater | Craftsman;165555 Transmisión;;;"48"" De Corte 108,50"" X1/2"" | 108,50"" X1/2";;;;Minitractores;Minitractor;Correas;7;tabla;;;MINITRACTORES - CORREAS DE KEVLAR - AYP / POULAN / WEED EATER / CRAFTSMAN
5888347;completo;Correas;"Hidrostatico 199 9 112"" X1/2""";Minitractores;Minitractores;CORREAS DE KEVLAR;AYP | Poulan | Weed Eater | Craftsman;165632 Transmisión;;;"Hidrostatico 199 9 112"" X1/2"" | 112"" X1/2""";;;;Minitractores;Minitractor;Correas;7;tabla;;;MINITRACTORES - CORREAS DE KEVLAR - AYP / POULAN / WEED EATER / CRAFTSMAN
5888349;completo;Correas;"AYP 42” De Corte 114"" X 1/2""";Minitractores;Minitractores;CORREAS DE KEVLAR;AYP;169178 Plataforma;;;"AYP 42"" De Corte 114"" X 1/2"" | 114"" X 1/2""";;;;Minitractores;Minitractor;Correas;7;tabla;;;MINITRACTORES - CORREAS DE KEVLAR - AYP / POULAN / WEED EATER / CRAFTSMAN
5888350;completo;Tracción — CESPERA;"Tracción CESPERA 38"" X 3/8"" 8";Minitractores;Minitractores;CORREAS DE KEVLAR;AYP | Poulan | Weed Eater | Craftsman;166060;CESPERA;Tracción;"38"" X 3/8"" 8 | 38"" X 3/8""";;;;Minitractores;Minitractor;Correas;8;tabla;;;MINITRACTORES - CORREAS DE KEVLAR - AYP / POULAN / WEED EATER / CRAFTSMAN
5888360;completo;Correas;"48” De Corte 89.50"" X 5/8""";Minitractores;Minitractores;CORREAS DE KEVLAR;AYP | Poulan | Weed Eater | Craftsman;174368 Plataforma;;;"48"" De Corte 89.50"" X 5/8"" | 89.50"" X 5/8""";;;;Minitractores;Minitractor;Correas;7;tabla;;;MINITRACTORES - CORREAS DE KEVLAR - AYP / POULAN / WEED EATER / CRAFTSMAN
5888362;completo;Correas;"Poulan 42"" 97"" X 5/8""";Minitractores;Minitractores;CORREAS DE KEVLAR;Poulan;174883 Plataforma;;;"Poulan 42"" 97"" X 5/8"" | 97"" X 5/8""";;;;Minitractores;Minitractor;Correas;7;tabla;;;MINITRACTORES - CORREAS DE KEVLAR - AYP / POULAN / WEED EATER / CRAFTSMAN
5888363;completo;Correas;"21"" De Corte 32” X 3/8”";Minitractores;Minitractores;CORREAS DE KEVLAR;AYP | Poulan | Weed Eater | Craftsman;175436 Tracción;;;"21"" De Corte 32"" X 3/8"" | 32” X 3/8”";;;;Minitractores;Minitractor;Correas;7;tabla;;;MINITRACTORES - CORREAS DE KEVLAR - AYP / POULAN / WEED EATER / CRAFTSMAN
5888365;completo;Correas;"42"" De Corte 87,75"" X1/2""";Minitractores;Minitractores;CORREAS DE KEVLAR;AYP | Poulan | Weed Eater | Craftsman;178138 Plataforma;;;"42"" De Corte 87,75"" X1/2"" | 87,75"" X1/2""";;;;Minitractores;Minitractor;Correas;7;tabla;;;MINITRACTORES - CORREAS DE KEVLAR - AYP / POULAN / WEED EATER / CRAFTSMAN
5888370;completo;Correas;"12,5Hp 38"" De Corte 87""X1/2”";Minitractores;Minitractores;CORREAS DE KEVLAR;AYP | Poulan | Weed Eater | Craftsman;180214 Plataforma;;;"12,5Hp 38"" De Corte 87""X1/2"" | 87""X1/2";;;;Minitractores;Minitractor;Correas;7;tabla;;;MINITRACTORES - CORREAS DE KEVLAR - AYP / POULAN / WEED EATER / CRAFTSMAN
5888373;completo;Correas;"Autopropulsada 29"" X 3/8""";Minitractores;Minitractores;CORREAS DE KEVLAR;AYP | Poulan | Weed Eater | Craftsman;1916658 Transmisión;;;"Autopropulsada 29"" X 3/8"" | 29"" X 3/8""";;;;Minitractores;Minitractor;Correas;7;tabla;;;MINITRACTORES - CORREAS DE KEVLAR - AYP / POULAN / WEED EATER / CRAFTSMAN
5888375;completo;Correas;"22 HP 48” De Corte 89,25” X 5/8”";Minitractores;Minitractores;CORREAS DE KEVLAR;AYP | Poulan | Weed Eater | Craftsman;180808 Transmisión;;;"22 HP 48"" De Corte 89,25"" X 5/8"" | 89,25” X 5/8”";;;;Minitractores;Minitractor;Correas;7;tabla;;;MINITRACTORES - CORREAS DE KEVLAR - AYP / POULAN / WEED EATER / CRAFTSMAN
5888376;completo;Correas;"54"" De Corte Hidra 140,98"" X 5/8""";Minitractores;Minitractores;CORREAS DE KEVLAR;AYP | Poulan | Weed Eater | Craftsman;187283 Plataforma;;;"54"" De Corte Hidra 140,98"" X 5/8"" | 140,98"" X 5/8""";;;;Minitractores;Minitractor;Correas;7;tabla;;;MINITRACTORES - CORREAS DE KEVLAR - AYP / POULAN / WEED EATER / CRAFTSMAN
5888377;completo;Correas;"54” De Corte 141,50” X 5/8”";Minitractores;Minitractores;CORREAS DE KEVLAR;AYP | Poulan | Weed Eater | Craftsman;191273 Plataforma;;;"54"" De Corte 141,50"" X 5/8"" | 141,50” X 5/8”";;;;Minitractores;Minitractor;Correas;7;tabla;;;MINITRACTORES - CORREAS DE KEVLAR - AYP / POULAN / WEED EATER / CRAFTSMAN
5888378;completo;Correas;"Cespera Autopropulsada 35"" X 3/8""";Minitractores;Minitractores;CORREAS DE KEVLAR;AYP | Poulan | Weed Eater | Craftsman;182212 Tracción;;;"Cespera Autopropulsada 35"" X 3/8"" | 35"" X 3/8""";;;;Minitractores;Minitractor;Correas;7;tabla;;;MINITRACTORES - CORREAS DE KEVLAR - AYP / POULAN / WEED EATER / CRAFTSMAN
5888379;completo;Transmisión — Bronco Crt;"Transmisión Bronco Crt 25 X 1/2""";Minitractores;Minitractores;CORREAS DE KEVLAR;AYP | Poulan | Weed Eater | Craftsman;1916657;Bronco Crt;Transmisión;"25 X 1/2""";;;;Minitractores;Minitractor;Correas;8;tabla;;;MINITRACTORES - CORREAS DE KEVLAR - AYP / POULAN / WEED EATER / CRAFTSMAN
5888380;completo;Correas;"38L12G50X8A y P015538LT 90""X 1/2”";Minitractores;Minitractores;CORREAS DE KEVLAR;AYP | Poulan | Weed Eater | Craftsman;193214 Plataforma;;;"38L12G50X8A y P015538LT 90""X 1/2"" | 90""X 1/2";;;;Minitractores;Minitractor;Correas;7;tabla;;;MINITRACTORES - CORREAS DE KEVLAR - AYP / POULAN / WEED EATER / CRAFTSMAN
5888382;completo;Tracción — CESPERA;"Tracción CESPERA 34"" X 3/8""";Minitractores;Minitractores;CORREAS DE KEVLAR;AYP | Poulan | Weed Eater | Craftsman;183688;CESPERA;Tracción;"34"" X 3/8""";;;;Minitractores;Minitractor;Correas;8;tabla;;;MINITRACTORES - CORREAS DE KEVLAR - AYP / POULAN / WEED EATER / CRAFTSMAN
5888385;completo;Correas;"42L18G60X8A 42"" De Corte 97,40"" X1/2”";Minitractores;Minitractores;CORREAS DE KEVLAR;AYP | Poulan | Weed Eater | Craftsman;194346 Transmisión;;;"42L18G60X8A 42"" De Corte 97,40"" X1/2"" | 97,40"" X1/2";;;;Minitractores;Minitractor;Correas;7;tabla;;;MINITRACTORES - CORREAS DE KEVLAR - AYP / POULAN / WEED EATER / CRAFTSMAN
5888390;completo;Correas;"54G26G60X8A y PB22H54YT 148"" X 5/8""";Minitractores;Minitractores;CORREAS DE KEVLAR;AYP | Poulan | Weed Eater | Craftsman;196103 Plataforma;;;"54G26G60X8A y PB22H54YT 148"" X 5/8"" | 148"" X 5/8""";;;;Minitractores;Minitractor;Correas;7;tabla;;;MINITRACTORES - CORREAS DE KEVLAR - AYP / POULAN / WEED EATER / CRAFTSMAN
5888395;completo;Correas;"48L22AH0X8A y 48G24G60X8A 138,75"" X 5/8""";Minitractores;Minitractores;CORREAS DE KEVLAR;AYP | Poulan | Weed Eater | Craftsman;197242 Plataforma;;;"48L22AH0X8A y 48G24G60X8A 138,75"" X 5/8"" | 138,75"" X 5/8""";;;;Minitractores;Minitractor;Correas;7;tabla;;;MINITRACTORES - CORREAS DE KEVLAR - AYP / POULAN / WEED EATER / CRAFTSMAN
5888402;completo;"Transmisión — Ariens 42""";"Transmisión Ariens 42"" 95""X1/2""";Minitractores;Minitractores;CORREAS DE KEVLAR;Ariens;21547026;"Ariens 42""";Transmisión;"95""X1/2""";;;;Minitractores;Minitractor;Correas;8;tabla;;;MINITRACTORES - CORREAS DE KEVLAR - AYP / POULAN / WEED EATER / CRAFTSMAN
5888403;completo;"Plataforma — Ariens 42""";"Plataforma Ariens 42"" 95,5"" X 1/2""";Minitractores;Minitractores;CORREAS DE KEVLAR;Ariens;21547027;"Ariens 42""";Plataforma;"95,5"" X 1/2""";;;;Minitractores;Minitractor;Correas;8;tabla;;;MINITRACTORES - CORREAS DE KEVLAR - AYP / POULAN / WEED EATER / CRAFTSMAN
5888404;completo;Transmisión — 48G24G60X8A y 54G26G60X8A;"Transmisión 48G24G60X8A y 54G26G60X8A 97,60” X1/2”";Minitractores;Minitractores;CORREAS DE KEVLAR;AYP | Poulan | Weed Eater | Craftsman;199612;48G24G60X8A y 54G26G60X8A;Transmisión;"97,60"" X1/2"" | 97,60” X1/2”";;;;Minitractores;Minitractor;Correas;8;tabla;;;MINITRACTORES - CORREAS DE KEVLAR - AYP / POULAN / WEED EATER / CRAFTSMAN
5888405;completo;Transmisión — LT4140G;"Transmisión LT4140G 90""X1/2”";Minitractores;Minitractores;CORREAS DE KEVLAR;AYP | Poulan | Weed Eater | Craftsman;303241;LT4140G;Transmisión;"90""X1/2"" | 90""X1/2";;;;Minitractores;Minitractor;Correas;8;tabla;;;MINITRACTORES - CORREAS DE KEVLAR - AYP / POULAN / WEED EATER / CRAFTSMAN
5888406;completo;Tracción — Autopropulsada;"Tracción Autopropulsada 40""X1/2""";Minitractores;Minitractores;CORREAS DE KEVLAR;AYP | Poulan | Weed Eater | Craftsman;300142;Autopropulsada;Tracción;"40""X1/2""";;;;Minitractores;Minitractor;Correas;8;tabla;;;MINITRACTORES - CORREAS DE KEVLAR - AYP / POULAN / WEED EATER / CRAFTSMAN
5888408;completo;Correas;Variador Poulan 22 X 17;Minitractores;Minitractores;CORREAS DE KEVLAR;Poulan;GT37401 Transmisión;;;Variador Poulan 22 X 17;;;;Minitractores;Minitractor;Correas;7;tabla;;;MINITRACTORES - CORREAS DE KEVLAR - AYP / POULAN / WEED EATER / CRAFTSMAN
5888409;completo;Plataforma — Poulan;"Plataforma Poulan 110"" X 1/2""";Minitractores;Minitractores;CORREAS DE KEVLAR;Poulan;429532;Poulan;Plataforma;"110"" X 1/2""";;;;Minitractores;Minitractor;Correas;8;tabla;;;MINITRACTORES - CORREAS DE KEVLAR - AYP / POULAN / WEED EATER / CRAFTSMAN
5888410;completo;"Transmisión — 42"" De Corte";"Transmisión 42"" De Corte 95,68"" X1/2”";Minitractores;Minitractores;CORREAS DE KEVLAR;AYP | Poulan | Weed Eater | Craftsman;401603;"42"" De Corte";Transmisión;"95,68"" X1/2"" | 95,68"" X1/2";;;;Minitractores;Minitractor;Correas;8;tabla;;;MINITRACTORES - CORREAS DE KEVLAR - AYP / POULAN / WEED EATER / CRAFTSMAN
5888411;completo;Correas;"Craftsman 42"" 96,4"" X 1/2""";Minitractores;Minitractores;CORREAS DE KEVLAR;Craftsman;408381 Plataforma;;;"Craftsman 42"" 96,4"" X 1/2"" | 96,4"" X 1/2""";;;;Minitractores;Minitractor;Correas;7;tabla;;;MINITRACTORES - CORREAS DE KEVLAR - AYP / POULAN / WEED EATER / CRAFTSMAN
5888412;completo;Plataforma — PB19546LT y PB195H46YT;"Plataforma PB19546LT y PB195H46YT 105,76” X1/2”";Minitractores;Minitractores;CORREAS DE KEVLAR;AYP | Poulan | Weed Eater | Craftsman;405143;PB19546LT y PB195H46YT;Plataforma;"105,76"" X1/2"" | 105,76” X1/2”";;;;Minitractores;Minitractor;Correas;8;tabla;;;MINITRACTORES - CORREAS DE KEVLAR - AYP / POULAN / WEED EATER / CRAFTSMAN
5888413;completo;Plataforma — LT126;"Plataforma LT126 89,25X1/2""";Minitractores;Minitractores;CORREAS DE KEVLAR;AYP | Poulan | Weed Eater | Craftsman;419271;LT126;Plataforma;"89,25X1/2""";;;;Minitractores;Minitractor;Correas;8;tabla;;;MINITRACTORES - CORREAS DE KEVLAR - AYP / POULAN / WEED EATER / CRAFTSMAN
5888414;completo;"Plataforma — 42L18G60X8A 42"" De Corte";"Plataforma 42L18G60X8A 42"" De Corte 102"" X1/2""";Minitractores;Minitractores;CORREAS DE KEVLAR;AYP | Poulan | Weed Eater | Craftsman;429636;"42L18G60X8A 42"" De Corte";Plataforma;"102"" X1/2""";;;;Minitractores;Minitractor;Correas;8;tabla;;;MINITRACTORES - CORREAS DE KEVLAR - AYP / POULAN / WEED EATER / CRAFTSMAN
5888415;completo;"Plataforma — 26"" De Corte (One We261)";"Plataforma 26"" De Corte (One We261) 68,25” X1/2”";Minitractores;Minitractores;CORREAS DE KEVLAR;AYP | Poulan | Weed Eater | Craftsman;428578;"26"" De Corte (One We261)";Plataforma;"68,25"" X1/2"" | 68,25” X1/2”";;;;Minitractores;Minitractor;Correas;8;tabla;;;MINITRACTORES - CORREAS DE KEVLAR - AYP / POULAN / WEED EATER / CRAFTSMAN
5888416;completo;"Plataforma — Pb30 30"" De Corte";"Plataforma Pb30 30"" De Corte 72""X1/2""";Minitractores;Minitractores;CORREAS DE KEVLAR;AYP | Poulan | Weed Eater | Craftsman;441597;"Pb30 30"" De Corte";Plataforma;"72""X1/2""";;;;Minitractores;Minitractor;Correas;8;tabla;;;MINITRACTORES - CORREAS DE KEVLAR - AYP / POULAN / WEED EATER / CRAFTSMAN
5888417;completo;"Plataforma — Dinamark-Noma 38"" De Corte";"Plataforma Dinamark-Noma 38"" De Corte 84,75"" X1/2""";Minitractores;Minitractores;CORREAS DE KEVLAR;Murray | Noma;57214;"Dinamark-Noma 38"" De Corte";Plataforma;"84,75"" X1/2""";;;;Minitractores;Minitractor;Correas;9;tabla;;;MINITRACTORES - CORREAS DE KEVLAR - MURRAY / NOMA
5888418;completo;Tracción — Jet 555;"Tracción Jet 555 34"" X 3/8""";Minitractores;Minitractores;CORREAS DE KEVLAR;Murray | Noma;83691;Jet 555;Tracción;"34"" X 3/8""";;;;Minitractores;Minitractor;Correas;9;tabla;;;MINITRACTORES - CORREAS DE KEVLAR - MURRAY / NOMA
5888420;completo;"Plataforma — 42"" De Corte";"Plataforma 42"" De Corte 55"" X1/2”";Minitractores;Minitractores;CORREAS DE KEVLAR;Murray | Noma;37X12;"42"" De Corte";Plataforma;"55"" X1/2"" | 55"" X1/2";;;;Minitractores;Minitractor;Correas;9;tabla;;;MINITRACTORES - CORREAS DE KEVLAR - MURRAY / NOMA
5888421;completo;"Plataforma — 30577X8A 30"" De Corte";"Plataforma 30577X8A 30"" De Corte 53,75"" X1/2""";Minitractores;Minitractores;CORREAS DE KEVLAR;Murray | Noma;37X57;"30577X8A 30"" De Corte";Plataforma;"53,75"" X1/2""";;;;Minitractores;Minitractor;Correas;9;tabla;;;MINITRACTORES - CORREAS DE KEVLAR - MURRAY / NOMA
5888422;completo;Transmisión — 30” De Corte;"Transmisión 30” De Corte 40,30” X1/2”";Minitractores;Minitractores;CORREAS DE KEVLAR;Murray | Noma;37X38;30” De Corte;Transmisión;"40,30"" X1/2"" | 40,30” X1/2”";;;;Minitractores;Minitractor;Correas;9;tabla;;;MINITRACTORES - CORREAS DE KEVLAR - MURRAY / NOMA
5888423;completo;Plataforma — 36” De Corte;Plataforma 36” De Corte 83”X1/2”;Minitractores;Minitractores;CORREAS DE KEVLAR;Murray | Noma;37X43;36” De Corte;Plataforma;"83""X1/2"" | 83”X1/2”";;;;Minitractores;Minitractor;Correas;9;tabla;;;MINITRACTORES - CORREAS DE KEVLAR - MURRAY / NOMA
5888424;completo;Plataforma — 42” De Corte;"Plataforma 42” De Corte 90,50” X1/2”";Minitractores;Minitractores;CORREAS DE KEVLAR;Murray | Noma;37X45;42” De Corte;Plataforma;"90,50"" X1/2"" | 90,50” X1/2”";;;;Minitractores;Minitractor;Correas;9;tabla;;;MINITRACTORES - CORREAS DE KEVLAR - MURRAY / NOMA
5888425;completo;Transmisión — 38618X92A v 40702X92A;"Transmisión 38618X92A v 40702X92A 95""X1/2”";Minitractores;Minitractores;CORREAS DE KEVLAR;Murray | Noma;37X61;38618X92A v 40702X92A;Transmisión;"95""X1/2"" | 95""X1/2";;;;Minitractores;Minitractor;Correas;9;tabla;;;MINITRACTORES - CORREAS DE KEVLAR - MURRAY / NOMA
5888426;completo;"Plataforma — 40702X92A 40"" De Corte";"Plataforma 40702X92A 40"" De Corte 86""X1/2”";Minitractores;Minitractores;CORREAS DE KEVLAR;Murray | Noma;37X62;"40702X92A 40"" De Corte";Plataforma;"86""X1/2"" | 86""X1/2";;;;Minitractores;Minitractor;Correas;9;tabla;;;MINITRACTORES - CORREAS DE KEVLAR - MURRAY / NOMA
5888427;completo;"Plataforma — 38618X92A 38"" De Corte";"Plataforma 38618X92A 38"" De Corte 83""X1/2”";Minitractores;Minitractores;CORREAS DE KEVLAR;Murray | Noma;37X63;"38618X92A 38"" De Corte";Plataforma;"83""X1/2"" | 83""X1/2";;;;Minitractores;Minitractor;Correas;9;tabla;;;MINITRACTORES - CORREAS DE KEVLAR - MURRAY / NOMA
5888428;completo;"Transmisión — 30577X8A 30"" De Corte";"Transmisión 30577X8A 30"" De Corte 30""X1/2""";Minitractores;Minitractores;CORREAS DE KEVLAR;Murray | Noma;37X65;"30577X8A 30"" De Corte";Transmisión;"30""X1/2""";;;;Minitractores;Minitractor;Correas;9;tabla;;;MINITRACTORES - CORREAS DE KEVLAR - MURRAY / NOMA
5888430;completo;Tracción — MURRAY;"Tracción MURRAY 37 X 1/2""";Minitractores;Minitractores;CORREAS DE KEVLAR;Murray;37*64;MURRAY;Tracción;"37 X 1/2""";;;;Minitractores;Minitractor;Correas;9;tabla;;;MINITRACTORES - CORREAS DE KEVLAR - MURRAY / NOMA
5888437;completo;Plataforma — 18 Hp 46” De Corte;"Plataforma 18 Hp 46” De Corte 47,10” X1/2”";Minitractores;Minitractores;CORREAS DE KEVLAR;Murray | Noma;37X66;18 Hp 46” De Corte;Plataforma;"47,10"" X1/2"" | 47,10” X1/2”";;;;Minitractores;Minitractor;Correas;9;tabla;;;MINITRACTORES - CORREAS DE KEVLAR - MURRAY / NOMA
5888440;completo;"Transmisión — 52"" De Corte 52100X92A";"Transmisión 52"" De Corte 52100X92A 101,70"" X1/2”";Minitractores;Minitractores;CORREAS DE KEVLAR;Murray | Noma;37X68;"52"" De Corte 52100X92A";Transmisión;"101,70"" X1/2"" | 101,70"" X1/2";;;;Minitractores;Minitractor;Correas;9;tabla;;;MINITRACTORES - CORREAS DE KEVLAR - MURRAY / NOMA
5888444;completo;"Plataforma — 18Hp 46"" De Corte Serie 46300";"Plataforma 18Hp 46"" De Corte Serie 46300 80,30"" X1/2""";Minitractores;Minitractores;CORREAS DE KEVLAR;Murray | Noma;37X69;"18Hp 46"" De Corte Serie 46300";Plataforma;"80,30"" X1/2""";;;;Minitractores;Minitractor;Correas;9;tabla;;;MINITRACTORES - CORREAS DE KEVLAR - MURRAY / NOMA
5888445;completo;"Plataforma — 46"" De Corte";"Plataforma 46"" De Corte 76,50"" X1/2”";Minitractores;Minitractores;CORREAS DE KEVLAR;Murray | Noma;37X70;"46"" De Corte";Plataforma;"76,50"" X1/2"" | 76,50"" X1/2";;;;Minitractores;Minitractor;Correas;9;tabla;;;MINITRACTORES - CORREAS DE KEVLAR - MURRAY / NOMA
5888449;completo;"Plataforma — 13/30"" 1992";"Plataforma 13/30"" 1992 57"" X1/2""";Minitractores;Minitractores;CORREAS DE KEVLAR;Murray | Noma;37X74;"13/30"" 1992";Plataforma;"57"" X1/2""";;;;Minitractores;Minitractor;Correas;9;tabla;;;MINITRACTORES - CORREAS DE KEVLAR - MURRAY / NOMA
5888450;completo;"Plataforma — 42"" De Corte 42910X92A";"Plataforma 42"" De Corte 42910X92A 91.25"" X1/2”";Minitractores;Minitractores;CORREAS DE KEVLAR;Murray | Noma;37X75;"42"" De Corte 42910X92A";Plataforma;"91.25"" X1/2"" | 91.25"" X1/2";;;;Minitractores;Minitractor;Correas;9;tabla;;;MINITRACTORES - CORREAS DE KEVLAR - MURRAY / NOMA
5888455;completo;"Transmisión — 42"" De Corte 42910X92A";"Transmisión 42"" De Corte 42910X92A 86,12"" X1/2”";Minitractores;Minitractores;CORREAS DE KEVLAR;Murray | Noma;37X80;"42"" De Corte 42910X92A";Transmisión;"86,12"" X1/2"" | 86,12"" X1/2";;;;Minitractores;Minitractor;Correas;9;tabla;;;MINITRACTORES - CORREAS DE KEVLAR - MURRAY / NOMA
5888456;completo;"Transmisión — 14.5HP42"" De Corte";"Transmisión 14.5HP42"" De Corte 89""X1/2”";Minitractores;Minitractores;CORREAS DE KEVLAR;Murray | Noma;37X81;"14.5HP42"" De Corte";Transmisión;"89""X1/2"" | 89""X1/2";;;;Minitractores;Minitractor;Correas;9;tabla;;;MINITRACTORES - CORREAS DE KEVLAR - MURRAY / NOMA
5888457;completo;Plataforma — 46” y 52” GT;"Plataforma 46” y 52” GT 89,40” X1/2”";Minitractores;Minitractores;CORREAS DE KEVLAR;Murray | Noma;37X82;46” y 52” GT;Plataforma;"89,40"" X1/2"" | 89,40” X1/2”";;;;Minitractores;Minitractor;Correas;9;tabla;;;MINITRACTORES - CORREAS DE KEVLAR - MURRAY / NOMA
5888465;completo;"Plataforma — Sentinel 38"" 385002x108B";"Plataforma Sentinel 38"" 385002x108B 84""X1/2”";Minitractores;Minitractores;CORREAS DE KEVLAR;Murray | Noma;37X86;"Sentinel 38"" 385002x108B";Plataforma;"84""X1/2"" | 84""X1/2";;;;Minitractores;Minitractor;Correas;9;tabla;;;MINITRACTORES - CORREAS DE KEVLAR - MURRAY / NOMA
5888467;completo;"Plataforma — Hidrostático 425600X48A 42""";"Plataforma Hidrostático 425600X48A 42"" 88,25"" X1/2”";Minitractores;Minitractores;CORREAS DE KEVLAR;Murray | Noma;37X88;"Hidrostático 425600X48A 42""";Plataforma;"88,25"" X1/2"" | 88,25"" X1/2";;;;Minitractores;Minitractor;Correas;9;tabla;;;MINITRACTORES - CORREAS DE KEVLAR - MURRAY / NOMA
5888468;completo;"Plataforma — LT 46"" De Corte";"Plataforma LT 46"" De Corte 87"" X1/2”";Minitractores;Minitractores;CORREAS DE KEVLAR;Murray | Noma;37X89;"LT 46"" De Corte";Plataforma;"87"" X1/2"" | 87"" X1/2";;;;Minitractores;Minitractor;Correas;9;tabla;;;MINITRACTORES - CORREAS DE KEVLAR - MURRAY / NOMA
5888471;completo;"Plataforma — 48"" De Corte 48560X92A";"Plataforma 48"" De Corte 48560X92A 52,75"" X1/2""";Minitractores;Minitractores;CORREAS DE KEVLAR;Murray | Noma;37X92;"48"" De Corte 48560X92A";Plataforma;"52,75"" X1/2""";;;;Minitractores;Minitractor;Correas;9;tabla;;;MINITRACTORES - CORREAS DE KEVLAR - MURRAY / NOMA
5888485;completo;"Plataforma — Rider 46"" De Corte";"Plataforma Rider 46"" De Corte 88,25"" X1/2”";Minitractores;Minitractores;CORREAS DE KEVLAR;Murray | Noma;37X96;"Rider 46"" De Corte";Plataforma;"88,25"" X1/2"" | 88,25"" X1/2";;;;Minitractores;Minitractor;Correas;9;tabla;;;MINITRACTORES - CORREAS DE KEVLAR - MURRAY / NOMA
5888490;completo;"Transmisión — Hidrostático 38"" 40"" 42"" 46""";"Transmisión Hidrostático 38"" 40"" 42"" 46"" 89""X1/2”";Minitractores;Minitractores;CORREAS DE KEVLAR;Murray | Noma;37X106;"Hidrostático 38"" 40"" 42"" 46""";Transmisión;"89""X1/2"" | 89""X1/2";;;;Minitractores;Minitractor;Correas;9;tabla;;;MINITRACTORES - CORREAS DE KEVLAR - MURRAY / NOMA
5888494;completo;"Transmisión — (10/30) 30"" De Corte";"Transmisión (10/30) 30"" De Corte 44""X1/2""";Minitractores;Minitractores;CORREAS DE KEVLAR;Murray | Noma;37X110;"(10/30) 30"" De Corte";Transmisión;"44""X1/2""";;;;Minitractores;Minitractor;Correas;9;tabla;;;MINITRACTORES - CORREAS DE KEVLAR - MURRAY / NOMA
5888495;completo;"Plataforma — (10/30) 30"" De Corte";"Plataforma (10/30) 30"" De Corte 45"" X 9/16""";Minitractores;Minitractores;CORREAS DE KEVLAR;Murray | Noma;37X111;"(10/30) 30"" De Corte";Plataforma;"45"" X 9/16""";;;;Minitractores;Minitractor;Correas;9;tabla;;;MINITRACTORES - CORREAS DE KEVLAR - MURRAY / NOMA
5888496;completo;"Plataforma — 42"" y 46"" De Corte";"Plataforma 42"" y 46"" De Corte 66,25"" X 5/8""";Minitractores;Minitractores;CORREAS DE KEVLAR;Murray | Noma;37X112;"42"" y 46"" De Corte";Plataforma;"66,25"" X 5/8""";;;;Minitractores;Minitractor;Correas;9;tabla;;;MINITRACTORES - CORREAS DE KEVLAR - MURRAY / NOMA
5888497;completo;"Transmisión — 38"" y 42"" De Corte";"Transmisión 38"" y 42"" De Corte 44,3"" X 5/8""";Minitractores;Minitractores;CORREAS DE KEVLAR;Murray | Noma;37X113;"38"" y 42"" De Corte";Transmisión;"44,3"" X 5/8""";;;;Minitractores;Minitractor;Correas;9;tabla;;;MINITRACTORES - CORREAS DE KEVLAR - MURRAY / NOMA
5888499;completo;"Plataforma — GTH 48"" de Corte";"Plataforma GTH 48"" de Corte 126""x1/2""";Minitractores;Minitractores;CORREAS DE KEVLAR;Murray | Noma;1703466SM;"GTH 48"" de Corte";Plataforma;"126""x1/2""";;;;Minitractores;Minitractor;Correas;9;tabla;;;MINITRACTORES - CORREAS DE KEVLAR - MURRAY / NOMA
5888500;completo;"Transmisión — Hidrostático 425600X48A 42""";"Transmisión Hidrostático 425600X48A 42"" 88""X1/2”";Minitractores;Minitractores;CORREAS DE KEVLAR;Murray | Noma;37X144;"Hidrostático 425600X48A 42""";Transmisión;"88""X1/2"" | 88""X1/2";;;;Minitractores;Minitractor;Correas;9;tabla;;;MINITRACTORES - CORREAS DE KEVLAR - MURRAY / NOMA
5888501;completo;Transmisión — GTH 2554;Transmisión GTH 2554 83”X1/2”;Minitractores;Minitractores;CORREAS DE KEVLAR;Husqvarna;5321615-97;GTH 2554;Transmisión;"83""X1/2"" | 83”X1/2”";;;;Minitractores;Minitractor;Correas;10;tabla;;;MINITRACTORES - CORREAS DE KEVLAR - HUSQVARNA
5888502;completo;"Transmisión — EZM 2042 42"" De Corte";"Transmisión EZM 2042 42"" De Corte 54,4"" X1/2""";Minitractores;Minitractores;CORREAS DE KEVLAR;Murray | Noma;1732224SM;"EZM 2042 42"" De Corte";Transmisión;"54,4"" X1/2""";;;;Minitractores;Minitractor;Correas;9;tabla;;;MINITRACTORES - CORREAS DE KEVLAR - MURRAY / NOMA
5888503;completo;"Plataforma — EZM 2042 42"" De Corte";"Plataforma EZM 2042 42"" De Corte 103"" X1/2""";Minitractores;Minitractores;CORREAS DE KEVLAR;Murray | Noma;1734048SM;"EZM 2042 42"" De Corte";Plataforma;"103"" X1/2""";;;;Minitractores;Minitractor;Correas;9;tabla;;;MINITRACTORES - CORREAS DE KEVLAR - MURRAY / NOMA
5888504;completo;"Transmisión — RZT 26520 52"" De Corte";"Transmisión RZT 26520 52"" De Corte 58""X1/2""";Minitractores;Minitractores;CORREAS DE KEVLAR;Murray | Noma;7100102SM;"RZT 26520 52"" De Corte";Transmisión;"58""X1/2""";;;;Minitractores;Minitractor;Correas;9;tabla;;;MINITRACTORES - CORREAS DE KEVLAR - MURRAY / NOMA
5888505;completo;Transmisión — LT 100 LT 120 LT 125;"Transmisión LT 100 LT 120 LT 125 88,75"" X1/2”";Minitractores;Minitractores;CORREAS DE KEVLAR;Husqvarna;5321265-20;LT 100 LT 120 LT 125;Transmisión;"88,75"" X1/2"" | 88,75"" X1/2";;;;Minitractores;Minitractor;Correas;10;tabla;;;MINITRACTORES - CORREAS DE KEVLAR - HUSQVARNA
5888506;completo;"Plataforma — RZT 26520 52"" De Corte";"Plataforma RZT 26520 52"" De Corte 158"" X1/2""";Minitractores;Minitractores;CORREAS DE KEVLAR;Murray | Noma;7103789YP;"RZT 26520 52"" De Corte";Plataforma;"158"" X1/2""";;;;Minitractores;Minitractor;Correas;9;tabla;;;MINITRACTORES - CORREAS DE KEVLAR - MURRAY / NOMA
5888507;completo;Plataforma — LT4140G 1994;"Plataforma LT4140G 1994 82,5"" X 5/8""";Minitractores;Minitractores;CORREAS DE KEVLAR;Murray | Noma;48044;LT4140G 1994;Plataforma;"82,5"" X 5/8""";;;;Minitractores;Minitractor;Correas;9;tabla;;;MINITRACTORES - CORREAS DE KEVLAR - MURRAY / NOMA
5888508;completo;"Transmisión — 12Hp 38"" De Corte";"Transmisión 12Hp 38"" De Corte 82""X1/2""";Minitractores;Minitractores;CORREAS DE KEVLAR;Murray | Noma;54758;"12Hp 38"" De Corte";Transmisión;"82""X1/2""";;;;Minitractores;Minitractor;Correas;9;tabla;;;MINITRACTORES - CORREAS DE KEVLAR - MURRAY / NOMA
5888509;completo;"Plataforma — Noma 38"" De Corte";"Plataforma Noma 38"" De Corte 77,5"" X 5/8""";Minitractores;Minitractores;CORREAS DE KEVLAR;Noma;300680;"Noma 38"" De Corte";Plataforma;"77,5"" X 5/8""";;;;Minitractores;Minitractor;Correas;9;tabla;;;MINITRACTORES - CORREAS DE KEVLAR - MURRAY / NOMA
5888510;completo;Transmisión — LT 130;"Transmisión LT 130 95,25"" X1/2”";Minitractores;Minitractores;CORREAS DE KEVLAR;Husqvarna;5321308-01;LT 130;Transmisión;"95,25"" X1/2"" | 95,25"" X1/2";;;;Minitractores;Minitractor;Correas;10;tabla;;;MINITRACTORES - CORREAS DE KEVLAR - HUSQVARNA
5888511;completo;"Transmisión — Husqvarna 38""";"Transmisión Husqvarna 38"" 90,25"" X 1/2""";Minitractores;Minitractores;CORREAS DE KEVLAR;Husqvarna;5321203-02;"Husqvarna 38""";Transmisión;"90,25"" X 1/2""";;;;Minitractores;Minitractor;Correas;10;tabla;;;MINITRACTORES - CORREAS DE KEVLAR - HUSQVARNA
5888512;completo;"Plataforma — LT 11212Hp 36"" De Corte";"Plataforma LT 11212Hp 36"" De Corte 79,75"" X1/2""";Minitractores;Minitractores;CORREAS DE KEVLAR;Husqvarna;5321242-93;"LT 11212Hp 36"" De Corte";Plataforma;"79,75"" X1/2""";;;;Minitractores;Minitractor;Correas;10;tabla;;;MINITRACTORES - CORREAS DE KEVLAR - HUSQVARNA
5888513;completo;Transmisión — LT 112 (H1236);"Transmisión LT 112 (H1236) 88,25"" X1/2""";Minitractores;Minitractores;CORREAS DE KEVLAR;Husqvarna;5321245-25;LT 112 (H1236);Transmisión;"88,25"" X1/2""";;;;Minitractores;Minitractor;Correas;10;tabla;;;MINITRACTORES - CORREAS DE KEVLAR - HUSQVARNA
5888515;completo;Transmisión — LTH 1842YTH 2042 YTH 2754;"Transmisión LTH 1842YTH 2042 YTH 2754 92""X1/2""";Minitractores;Minitractores;CORREAS DE KEVLAR;Husqvarna;5321309-69;LTH 1842YTH 2042 YTH 2754;Transmisión;"92""X1/2""";;;;Minitractores;Minitractor;Correas;10;tabla;;;MINITRACTORES - CORREAS DE KEVLAR - HUSQVARNA
5888516;completo;Plataforma — LT 100 LT 120 LT 125;"Plataforma LT 100 LT 120 LT 125 78,50"" X1/2”";Minitractores;Minitractores;CORREAS DE KEVLAR;Husqvarna;5321312-64;LT 100 LT 120 LT 125;Plataforma;"78,50"" X1/2"" | 78,50"" X1/2";;;;Minitractores;Minitractor;Correas;10;tabla;;;MINITRACTORES - CORREAS DE KEVLAR - HUSQVARNA
5888518;completo;Transmisión — Motocultivador;Transmisión Motocultivador 52” X1/2”;Minitractores;Minitractores;CORREAS DE KEVLAR;Husqvarna;5321328-01;Motocultivador;Transmisión;"52"" X1/2"" | 52” X1/2”";;;;Minitractores;Minitractor;Correas;10;tabla;;;MINITRACTORES - CORREAS DE KEVLAR - HUSQVARNA
5888520;completo;Transmisión — YTH 1542 LT 131;"Transmisión YTH 1542 LT 131 95,25"" X1/2”";Minitractores;Minitractores;CORREAS DE KEVLAR;Husqvarna;5321382-55;YTH 1542 LT 131;Transmisión;"95,25"" X1/2"" | 95,25"" X1/2";;;;Minitractores;Minitractor;Correas;10;tabla;;;MINITRACTORES - CORREAS DE KEVLAR - HUSQVARNA
5888521;completo;"Transmisión — 42"" de Corte 20HP";"Transmisión 42"" de Corte 20HP 84""x1/2""";Minitractores;Minitractores;CORREAS DE KEVLAR;Husqvarna;5321402-18;"42"" de Corte 20HP";Transmisión;"84""x1/2""";;;;Minitractores;Minitractor;Correas;10;tabla;;;MINITRACTORES - CORREAS DE KEVLAR - HUSQVARNA
5888522;completo;Transmisión — YTH 1542 YTH 1842;"Transmisión YTH 1542 YTH 1842 82""X1/2”";Minitractores;Minitractores;CORREAS DE KEVLAR;Husqvarna;5321402-94;YTH 1542 YTH 1842;Transmisión;"82""X1/2"" | 82""X1/2";;;;Minitractores;Minitractor;Correas;10;tabla;;;MINITRACTORES - CORREAS DE KEVLAR - HUSQVARNA
5888524;completo;Plataforma — LT 130 42” De Corte;Plataforma LT 130 42” De Corte 89”X1/2”;Minitractores;Minitractores;CORREAS DE KEVLAR;Husqvarna;5321442-00;LT 130 42” De Corte;Plataforma;"89""X1/2"" | 89”X1/2”";;;;Minitractores;Minitractor;Correas;10;tabla;;;MINITRACTORES - CORREAS DE KEVLAR - HUSQVARNA
5888525;completo;Plataforma — LTH1842 YTH 20';"Plataforma LTH1842 YTH 20' 295,50"" X1/2”";Minitractores;Minitractores;CORREAS DE KEVLAR;Husqvarna;5321449-59;LTH1842 YTH 20';Plataforma;"295,50"" X1/2"" | 295,50"" X1/2";;;;Minitractores;Minitractor;Correas;10;tabla;;;MINITRACTORES - CORREAS DE KEVLAR - HUSQVARNA
5888526;completo;Correas;"5321656-32 Transmisión Hidrostatico 1999 112"" X 1/2""";Minitractores;;UBICACIÓN;;;;;"5321656-32 Transmisión Hidrostatico 1999 112"" X 1/2"" | 112"" X 1/2""";;;;Minitractores;Minitractor;Correas;11;tabla;;;UBICACIÓN
5888529;completo;Plataforma — YTH 1542 YTH 1842;"Plataforma YTH 1542 YTH 1842 97,40” X 5/8""";Minitractores;Minitractores;CORREAS DE KEVLAR;Husqvarna;5321748-83;YTH 1542 YTH 1842;Plataforma;"97,40"" X 5/8"" | 97,40” X 5/8";;;;Minitractores;Minitractor;Correas;10;tabla;;;MINITRACTORES - CORREAS DE KEVLAR - HUSQVARNA
5888530;completo;Plataforma — LT 125;"Plataforma LT 125 84,50"" X1/2”";Minitractores;Minitractores;CORREAS DE KEVLAR;Husqvarna;5321749-78;LT 125;Plataforma;"84,50"" X1/2"" | 84,50"" X1/2";;;;Minitractores;Minitractor;Correas;10;tabla;;;MINITRACTORES - CORREAS DE KEVLAR - HUSQVARNA
5888531;completo;Correas;"5803646-10 Tracción HU725AWDEX 4X4 64"" X 3/8""";Minitractores;;UBICACIÓN;;;;;"5803646-10 Tracción HU725AWDEX 4X4 64"" X 3/8"" | 64"" X 3/8""";;;;Minitractores;Minitractor;Correas;11;tabla;;;UBICACIÓN
5888532;completo;"Transmisión — 11 Hp 36"" De Corte";"Transmisión 11 Hp 36"" De Corte 85,3"" X1/2""";Minitractores;Minitractores;CORREAS DE KEVLAR;Husqvarna;5321802-03;"11 Hp 36"" De Corte";Transmisión;"85,3"" X1/2""";;;;Minitractores;Minitractor;Correas;10;tabla;;;MINITRACTORES - CORREAS DE KEVLAR - HUSQVARNA
5888533;completo;Plataforma — GTH 2554;"Plataforma GTH 2554 142,5"" X 5/8""";Minitractores;Minitractores;CORREAS DE KEVLAR;Husqvarna;5321912-73;GTH 2554;Plataforma;"142,5"" X 5/8""";;;;Minitractores;Minitractor;Correas;10;tabla;;;MINITRACTORES - CORREAS DE KEVLAR - HUSQVARNA
5888535;completo;Plataforma — LT 131;"Plataforma LT 131 90,20"" X12”";Minitractores;Minitractores;CORREAS DE KEVLAR;Husqvarna;5321932-14;LT 131;Plataforma;"90,20"" X12""";;;;Minitractores;Minitractor;Correas;10;tabla;;;MINITRACTORES - CORREAS DE KEVLAR - HUSQVARNA
5888536;completo;Transmisión — YT1942T LT19538 LT;"Transmisión YT1942T LT19538 LT 97,30"" X1/2”";Minitractores;Minitractores;CORREAS DE KEVLAR;Husqvarna;5321943-46;YT1942T LT19538 LT;Transmisión;"97,30"" X1/2"" | 97,30"" X1/2";;;;Minitractores;Minitractor;Correas;10;tabla;;;MINITRACTORES - CORREAS DE KEVLAR - HUSQVARNA
5888538;completo;Correas;"5825580-01 Plataforma Z248F 147 X 5/8""";Minitractores;;UBICACIÓN;;;;;"5825580-01 Plataforma Z248F 147 X 5/8""";;;;Minitractores;Minitractor;Correas;11;tabla;;;UBICACIÓN
5888539;completo;Correas;"5929518-01 Plataforma MZ254F 151,50"" X 1/2""";Minitractores;;UBICACIÓN;;;;;"5929518-01 Plataforma MZ254F 151,50"" X 1/2"" | 151,50"" X 1/2""";;;;Minitractores;Minitractor;Correas;11;tabla;;;UBICACIÓN
5888540;completo;Plataforma — YTH 2754;"Plataforma YTH 2754 147,75"" X 5/8”";Minitractores;Minitractores;CORREAS DE KEVLAR;Husqvarna;5321961-03;YTH 2754;Plataforma;"147,75"" X 5/8"" | 147,75"" X 5/8";;;;Minitractores;Minitractor;Correas;10;tabla;;;MINITRACTORES - CORREAS DE KEVLAR - HUSQVARNA
5888541;completo;Correas;"5321972-42 Plataforma Husq 48"" 138"" X 5/8""";Minitractores;;UBICACIÓN;;;;;"5321972-42 Plataforma Husq 48"" 138"" X 5/8"" | 138"" X 5/8""";;;;Minitractores;Minitractor;Correas;11;tabla;;;UBICACIÓN
5888542;completo;Plataforma — YT1942T;"Plataforma YT1942T 101"" X1/2”";Minitractores;Minitractores;CORREAS DE KEVLAR;Husqvarna;5321972-53;YT1942T;Plataforma;"101"" X1/2"" | 101"" X1/2";;;;Minitractores;Minitractor;Correas;10;tabla;;;MINITRACTORES - CORREAS DE KEVLAR - HUSQVARNA
5888544;completo;Transmisión — Autopropulsada;Transmisión Autopropulsada 38” X 3/8”;Minitractores;Minitractores;CORREAS DE KEVLAR;Husqvarna;5324080-31;Autopropulsada;Transmisión;"38"" X 3/8"" | 38” X 3/8”";;;;Minitractores;Minitractor;Correas;10;tabla;;;MINITRACTORES - CORREAS DE KEVLAR - HUSQVARNA
5888545;completo;"Transmisión — LT 2113 38"" De Corte";"Transmisión LT 2113 38"" De Corte 95,68"" X1/2”";Minitractores;Minitractores;CORREAS DE KEVLAR;Husqvarna;5324016-03;"LT 2113 38"" De Corte";Transmisión;"95,68"" X1/2"" | 95,68"" X1/2";;;;Minitractores;Minitractor;Correas;10;tabla;;;MINITRACTORES - CORREAS DE KEVLAR - HUSQVARNA
5888546;completo;Plataforma — YTH 2146 YTH 2546;"Plataforma YTH 2146 YTH 2546 105,76"" X1/2""";Minitractores;Minitractores;CORREAS DE KEVLAR;Husqvarna;5324051-43;YTH 2146 YTH 2546;Plataforma;"105,76"" X1/2""";;;;Minitractores;Minitractor;Correas;10;tabla;;;MINITRACTORES - CORREAS DE KEVLAR - HUSQVARNA
5888547;completo;Plataforma — LT 1597 Lt19538;"Plataforma LT 1597 Lt19538 96,25"" X 1/2""";Minitractores;Minitractores;CORREAS DE KEVLAR;Husqvarna;5324083-81;LT 1597 Lt19538;Plataforma;"96,25"" X 1/2""";;;;Minitractores;Minitractor;Correas;10;tabla;;;MINITRACTORES - CORREAS DE KEVLAR - HUSQVARNA
5888548;completo;Transmisión — LT 1597 (2007);"Transmisión LT 1597 (2007) 97,76"" X1/2""";Minitractores;Minitractores;CORREAS DE KEVLAR;Husqvarna;5324112-45;LT 1597 (2007);Transmisión;"97,76"" X1/2""";;;;Minitractores;Minitractor;Correas;10;tabla;;;MINITRACTORES - CORREAS DE KEVLAR - HUSQVARNA
5888549;completo;Plataforma — LT126 YTH19530;"Plataforma LT126 YTH19530 88,86” X1/2”";Minitractores;Minitractores;CORREAS DE KEVLAR;Husqvarna;5324192-71;LT126 YTH19530;Plataforma;"88,86"" X1/2"" | 88,86” X1/2”";;;;Minitractores;Minitractor;Correas;10;tabla;;;MINITRACTORES - CORREAS DE KEVLAR - HUSQVARNA
5888550;completo;Plataforma — YTH 2042;"Plataforma YTH 2042 101,5"" X1/2”";Minitractores;Minitractores;CORREAS DE KEVLAR;Husqvarna;5324296-36;YTH 2042;Plataforma;"101,5"" X1/2"" | 101,5"" X1/2";;;;Minitractores;Minitractor;Correas;10;tabla;;;MINITRACTORES - CORREAS DE KEVLAR - HUSQVARNA
5888551;completo;Transmisión — Autopropulsada;"Transmisión Autopropulsada 32""x 3/8""";Minitractores;Minitractores;CORREAS DE KEVLAR;Husqvarna;5324266-09;Autopropulsada;Transmisión;"32""x 3/8""";;;;Minitractores;Minitractor;Correas;10;tabla;;;MINITRACTORES - CORREAS DE KEVLAR - HUSQVARNA
5888552;completo;Transmisión — E4821;"Transmisión E4821 64,75"" X1/2""";Minitractores;Minitractores;CORREAS DE KEVLAR;Husqvarna;510201401;E4821;Transmisión;"64,75"" X1/2""";;;;Minitractores;Minitractor;Correas;10;tabla;;;MINITRACTORES - CORREAS DE KEVLAR - HUSQVARNA
5888553;completo;Transmisión — Z246/461ZX/Z254;"Transmisión Z246/461ZX/Z254 56""X1/2""";Minitractores;Minitractores;CORREAS DE KEVLAR;Husqvarna;5391104-11;Z246/461ZX/Z254;Transmisión;"56""X1/2""";;;;Minitractores;Minitractor;Correas;10;tabla;;;MINITRACTORES - CORREAS DE KEVLAR - HUSQVARNA
5888554;completo;"Plataforma — IZ4821 48"" De Corte";"Plataforma IZ4821 48"" De Corte 152"" X 5/8""";Minitractores;Minitractores;CORREAS DE KEVLAR;Husqvarna;5391119-49;"IZ4821 48"" De Corte";Plataforma;"152"" X 5/8""";;;;Minitractores;Minitractor;Correas;10;tabla;;;MINITRACTORES - CORREAS DE KEVLAR - HUSQVARNA
5888555;completo;Plataforma — Z 254 /541ZX;"Plataforma Z 254 /541ZX 154,25"" X 5/8""";Minitractores;Minitractores;CORREAS DE KEVLAR;Husqvarna;5391145-57;Z 254 /541ZX;Plataforma;"154,25"" X 5/8""";;;;Minitractores;Minitractor;Correas;10;tabla;;;MINITRACTORES - CORREAS DE KEVLAR - HUSQVARNA
5888556;completo;Plataforma — Rider 850-12;Plataforma Rider 850-12 62” X 3/8”;Minitractores;Minitractores;CORREAS DE KEVLAR;Husqvarna;5310050-22;Rider 850-12;Plataforma;"62"" X 3/8"" | 62” X 3/8”";;;;Minitractores;Minitractor;Correas;10;tabla;;;MINITRACTORES - CORREAS DE KEVLAR - HUSQVARNA
5888558;completo;Plataforma — Z 246/ 461ZX;"Plataforma Z 246/ 461ZX 123,25"" X 5/8""";Minitractores;Minitractores;CORREAS DE KEVLAR;Husqvarna;5391172-45;Z 246/ 461ZX;Plataforma;"123,25"" X 5/8""";;;;Minitractores;Minitractor;Correas;10;tabla;;;MINITRACTORES - CORREAS DE KEVLAR - HUSQVARNA
5888559;completo;Transmisión — Rider 1200;"Transmisión Rider 1200 40""x1/2""";Minitractores;Minitractores;CORREAS DE KEVLAR;Husqvarna;5310050-12;Rider 1200;Transmisión;"40""x1/2""";;;;Minitractores;Minitractor;Correas;10;tabla;;;MINITRACTORES - CORREAS DE KEVLAR - HUSQVARNA
5888560;completo;Transmisión — LT125 (H12536D) 1998;"Transmisión LT125 (H12536D) 1998 88,75"" X1/2""";Minitractores;Minitractores;CORREAS DE KEVLAR;Husqvarna;5310050-25;LT125 (H12536D) 1998;Transmisión;"88,75"" X1/2""";;;;Minitractores;Minitractor;Correas;10;tabla;;;MINITRACTORES - CORREAS DE KEVLAR - HUSQVARNA
5888561;completo;Plataforma — LT125 (H12536D) 1998;"Plataforma LT125 (H12536D) 1998 78""X1/2""";Minitractores;Minitractores;CORREAS DE KEVLAR;Husqvarna;5310050-26;LT125 (H12536D) 1998;Plataforma;"78""X1/2""";;;;Minitractores;Minitractor;Correas;10;tabla;;;MINITRACTORES - CORREAS DE KEVLAR - HUSQVARNA
5888562;completo;Transmisión — 150D Autopropulsada;"Transmisión 150D Autopropulsada 31 3/4"" X 3/8""";Minitractores;Minitractores;CORREAS DE KEVLAR;Husqvarna;5321119-24;150D Autopropulsada;Transmisión;"31 3/4"" X 3/8"" | 4"" X 3/8""";;;;Minitractores;Minitractor;Correas;10;tabla;;;MINITRACTORES - CORREAS DE KEVLAR - HUSQVARNA
5888563;completo;Correas;"5391043-35 Plataforma 52"" De Corte 163"" X 5/8""";Minitractores;;UBICACIÓN;;;;;"5391043-35 Plataforma 52"" De Corte 163"" X 5/8"" | 163"" X 5/8""";;;;Minitractores;Minitractor;Correas;11;tabla;;;UBICACIÓN
5888564;completo;Plataforma — Rider 214 TC;"Plataforma Rider 214 TC 71""X1/2""";Minitractores;Minitractores;CORREAS DE KEVLAR;Husqvarna;5052086-01;Rider 214 TC;Plataforma;"71""X1/2""";;;;Minitractores;Minitractor;Correas;10;tabla;;;MINITRACTORES - CORREAS DE KEVLAR - HUSQVARNA
5888565;completo;Transmisión — Rider 214 TC / R316T;"Transmisión Rider 214 TC / R316T 30"" X 1/2""";Minitractores;Minitractores;CORREAS DE KEVLAR;Husqvarna;5229303-01;Rider 214 TC / R316T;Transmisión;"30"" X 1/2""";;;;Minitractores;Minitractor;Correas;10;tabla;;;MINITRACTORES - CORREAS DE KEVLAR - HUSQVARNA
5888566;completo;Transmisión — Rider 214 TC / R316T;"Transmisión Rider 214 TC / R316T 57""X1/2""";Minitractores;Minitractores;CORREAS DE KEVLAR;Husqvarna;5444002-01;Rider 214 TC / R316T;Transmisión;"57""X1/2""";;;;Minitractores;Minitractor;Correas;10;tabla;;;MINITRACTORES - CORREAS DE KEVLAR - HUSQVARNA
5888567;completo;Transmisión — Rider 214 TC;"Transmisión Rider 214 TC 78,15"" X 1/2""";Minitractores;Minitractores;CORREAS DE KEVLAR;Husqvarna;5850344-01;Rider 214 TC;Transmisión;"78,15"" X 1/2""";;;;Minitractores;Minitractor;Correas;10;tabla;;;MINITRACTORES - CORREAS DE KEVLAR - HUSQVARNA
5888568;completo;Correas;"5876867-01 Plataforma YTH24V54 / YTH22K54 148"" X 5/8""";Minitractores;;UBICACIÓN;;;;;"5876867-01 Plataforma YTH24V54 / YTH22K54 148"" X 5/8"" | 148"" X 5/8""";;;;Minitractores;Minitractor;Correas;11;tabla;;;UBICACIÓN
5888569;completo;Correas;"5822363-01 Plataforma TS254G - Z254F 136,50"" X 1/2""";Minitractores;;UBICACIÓN;;;;;"5822363-01 Plataforma TS254G - Z254F 136,50"" X 1/2"" | 136,50"" X 1/2""";;;;Minitractores;Minitractor;Correas;11;tabla;;;UBICACIÓN
5888570;completo;Transmisión — Poulan Pro P54ZXT;"Transmisión Poulan Pro P54ZXT 5,375"" X 1/2""";Minitractores;Minitractores;CORREAS DE KEVLAR;Poulan;5748709-0;Poulan Pro P54ZXT;Transmisión;"5,375"" X 1/2""";;;;Minitractores;Minitractor;Correas;8;tabla;;;MINITRACTORES - CORREAS DE KEVLAR - AYP / POULAN / WEED EATER / CRAFTSMAN
5888571;completo;Correas;"5796785-01 Plataforma MZ48 145"" X 5/8""";Minitractores;;UBICACIÓN;;;;;"5796785-01 Plataforma MZ48 145"" X 5/8"" | 145"" X 5/8""";;;;Minitractores;Minitractor;Correas;11;tabla;;;UBICACIÓN
5888572;completo;Plataforma — P-ZT60;"Plataforma P-ZT60 176"" X 5/8""";Minitractores;Minitractores;CORREAS DE KEVLAR;Husqvarna;575 658403;P-ZT60;Plataforma;"176"" X 5/8""";;;;Minitractores;Minitractor;Correas;10;tabla;;;MINITRACTORES - CORREAS DE KEVLAR - HUSQVARNA
5888573;completo;Correas;"5937734-01 Plataforma TS148 - 48L22AH0X8A- 48G24G60X8 138,75"" X 5/8""";Minitractores;;UBICACIÓN;;;;;"5937734-01 Plataforma TS148 - 48L22AH0X8A- 48G24G60X8 138,75"" X 5/8"" | 138,75"" X 5/8""";;;;Minitractores;Minitractor;Correas;11;tabla;;;UBICACIÓN
5888575;completo;Plataforma — Poulan Pro P54ZXT;"Plataforma Poulan Pro P54ZXT 152"" X 5/8""";Minitractores;Minitractores;CORREAS DE KEVLAR;Poulan;5775036-0;Poulan Pro P54ZXT;Plataforma;"152"" X 5/8""";;;;Minitractores;Minitractor;Correas;8;tabla;;;MINITRACTORES - CORREAS DE KEVLAR - AYP / POULAN / WEED EATER / CRAFTSMAN
5888576;completo;Correas;"5824804-01 Transmisión PZ60 76,87"" X 5/8""";Minitractores;;UBICACIÓN;;;;;"5824804-01 Transmisión PZ60 76,87"" X 5/8"" | 76,87"" X 5/8""";;;;Minitractores;Minitractor;Correas;11;tabla;;;UBICACIÓN
5888577;completo;Correas;"5882648-01 Plataforma PZ60 175,9"" X 5/8""";Minitractores;;UBICACIÓN;;;;;"5882648-01 Plataforma PZ60 175,9"" X 5/8"" | 175,9"" X 5/8""";;;;Minitractores;Minitractor;Correas;11;tabla;;;UBICACIÓN
5888578;completo;Correas;"5928552-01 Transmisión TS138 - TS142- TS148 -TS254-TS248TDX 92"" X 1/2""";Minitractores;;UBICACIÓN;;;;;"5928552-01 Transmisión TS138 - TS142- TS148 -TS254-TS248TDX 92"" X 1/2"" | 92"" X 1/2""";;;;Minitractores;Minitractor;Correas;11;tabla;;;UBICACIÓN
5888581;completo;Correas;"5992757-01 Plataforma TS248TDX 134,5"" X 5/8""";Minitractores;;UBICACIÓN;;;;;"5992757-01 Plataforma TS248TDX 134,5"" X 5/8"" | 134,5"" X 5/8""";;;;Minitractores;Minitractor;Correas;11;tabla;;;UBICACIÓN
5888582;completo;Correas;"5822365-01 Plataforma MZ54 2015 146 X 5/8""";Minitractores;;UBICACIÓN;;;;;"5822365-01 Plataforma MZ54 2015 146 X 5/8""";;;;Minitractores;Minitractor;Correas;11;tabla;;;UBICACIÓN
5888660;completo;Correas;54-2750 Plataforma 36” y 44” De Corte Pro Line 70” X 5/8”;Minitractores;;UBICACIÓN;;;;;"54-2750 Plataforma 36"" y 44"" De Corte Pro Line 70"" X 5/8"" | 70” X 5/8”";;;;Minitractores;Minitractor;Correas;11;tabla;;;UBICACIÓN
5888664;completo;Correas;"92-1043 Tracción Autopropulsada 33"" x 3/8""";Minitractores;;UBICACIÓN;;;;;"92-1043 Tracción Autopropulsada 33"" x 3/8"" | 33"" x 3/8""";;;;Minitractores;Minitractor;Correas;11;tabla;;;UBICACIÓN
5888665;completo;Correas;62-3900 Tracción Recycler Autopropulsada 34” X 3/8”;Minitractores;;UBICACIÓN;;;;;"62-3900 Tracción Recycler Autopropulsada 34"" X 3/8"" | 34” X 3/8”";;;;Minitractores;Minitractor;Correas;11;tabla;;;UBICACIÓN
5888666;completo;Correas;"92-6954 Transmisión Toro 270H 52"" De Corte 88""X1/2""";Minitractores;;UBICACIÓN;Toro;;;;"92-6954 Transmisión Toro 270H 52"" De Corte 88""X1/2"" | 88""X1/2""";;;;Minitractores;Minitractor;Correas;11;tabla;;;UBICACIÓN
5888667;completo;Correas;"94-2513 Plataforma Toro 270H 52"" De Corte 74"" X 5/8""";Minitractores;;UBICACIÓN;Toro;;;;"94-2513 Plataforma Toro 270H 52"" De Corte 74"" X 5/8"" | 74"" X 5/8""";;;;Minitractores;Minitractor;Correas;11;tabla;;;UBICACIÓN
5888668;completo;Correas;"95-4094 Plataforma Toro 270H 52"" De Corte 97,2"" X 5/8""";Minitractores;;UBICACIÓN;Toro;;;;"95-4094 Plataforma Toro 270H 52"" De Corte 97,2"" X 5/8"" | 97,2"" X 5/8""";;;;Minitractores;Minitractor;Correas;11;tabla;;;UBICACIÓN
5888670;completo;Correas;88-6250 Plataforma 13-38HXL Model 71191 87” X1/2”;Minitractores;;UBICACIÓN;;;;;"88-6250 Plataforma 13-38HXL Model 71191 87"" X1/2"" | 87” X1/2”";;;;Minitractores;Minitractor;Correas;11;tabla;;;UBICACIÓN
5888671;completo;Correas;"88-6260 Plataforma Toro 12-32 XL 51 ""X1/2”";Minitractores;;UBICACIÓN;Toro;;;;"88-6260 Plataforma Toro 12-32 XL 51 ""X1/2""";;;;Minitractores;Minitractor;Correas;11;tabla;;;UBICACIÓN
5888675;completo;Correas;88-6280 Transmisión 13-38HXL14-38HXL 84”X1/2”;Minitractores;;UBICACIÓN;;;;;"88-6280 Transmisión 13-38HXL14-38HXL 84""X1/2"" | 84”X1/2”";;;;Minitractores;Minitractor;Correas;11;tabla;;;UBICACIÓN
5888676;completo;Correas;"106-5556 Transmisión Toro 70""x1/2""";Minitractores;;UBICACIÓN;Toro;;;;"106-5556 Transmisión Toro 70""x1/2"" | 70""x1/2""";;;;Minitractores;Minitractor;Correas;11;tabla;;;UBICACIÓN
5888677;completo;Correas;91-2258 Tracción Personal Pace Autopropulsada 35” X 3/8”;Minitractores;;UBICACIÓN;;;;;"91-2258 Tracción Personal Pace Autopropulsada 35"" X 3/8"" | 35” X 3/8”";;;;Minitractores;Minitractor;Correas;11;tabla;;;UBICACIÓN
5888678;completo;Correas;"94-2501 Plataforma 42"" De Corte 103"" X1/2""";Minitractores;;UBICACIÓN;;;;;"94-2501 Plataforma 42"" De Corte 103"" X1/2"" | 103"" X1/2""";;;;Minitractores;Minitractor;Correas;11;tabla;;;UBICACIÓN
5888679;completo;Correas;"105-2473 Plataforma 17HXL 44"" De Corte 128,74"" X1/2""";Minitractores;;UBICACIÓN;;;;;"105-2473 Plataforma 17HXL 44"" De Corte 128,74"" X1/2"" | 128,74"" X1/2""";;;;Minitractores;Minitractor;Correas;11;tabla;;;UBICACIÓN
5888680;completo;Correas;112-5800 Plataforma LX425 42” De Corte 109” X1/2”;Minitractores;;UBICACIÓN;;;;;"112-5800 Plataforma LX425 42"" De Corte 109"" X1/2"" | 109” X1/2”";;;;Minitractores;Minitractor;Correas;11;tabla;;;UBICACIÓN
5888681;completo;Correas;"112-0305 Transmisión LX500 Lx420 42"" X 5/8""";Minitractores;;UBICACIÓN;;;;;"112-0305 Transmisión LX500 Lx420 42"" X 5/8"" | 42"" X 5/8""";;;;Minitractores;Minitractor;Correas;11;tabla;;;UBICACIÓN
5888682;completo;Correas;"112-0332 Plataforma Lx500 134,95"" X 5/8""";Minitractores;;UBICACIÓN;;;;;"112-0332 Plataforma Lx500 134,95"" X 5/8"" | 134,95"" X 5/8""";;;;Minitractores;Minitractor;Correas;11;tabla;;;UBICACIÓN
5888683;completo;Correas;"112-0301 Transmisión LX500 Lx420 91 ""X 5/8""";Minitractores;;UBICACIÓN;;;;;"112-0301 Transmisión LX500 Lx420 91 ""X 5/8""";;;;Minitractores;Minitractor;Correas;11;tabla;;;UBICACIÓN
5888685;completo;Correas;115-4669 Tracción 22” De Corte P.P 33”X1/2”;Minitractores;;UBICACIÓN;;;;;"115-4669 Tracción 22"" De Corte P.P 33""X1/2"" | 33”X1/2”";;;;Minitractores;Minitractor;Correas;11;tabla;;;UBICACIÓN
5888692;completo;Correas;"93-3884 Plataforma 17-44HXL 3 Cuchillas 130"" x 1/2""";Minitractores;;UBICACIÓN;;;;;"93-3884 Plataforma 17-44HXL 3 Cuchillas 130"" x 1/2"" | 130"" x 1/2""";;;;Minitractores;Minitractor;Correas;11;tabla;;;UBICACIÓN
5888693;completo;Correas;"99-1597 Tracción Autopropulsada 34"" X 3/8""";Minitractores;;UBICACIÓN;;;;;"99-1597 Tracción Autopropulsada 34"" X 3/8"" | 34"" X 3/8""";;;;Minitractores;Minitractor;Correas;11;tabla;;;UBICACIÓN
5888695;completo;Correas;"119-3309 Transmisión SS 3200 Y SS 4200 58,25"" X1/2""";Minitractores;;UBICACIÓN;;;;;"119-3309 Transmisión SS 3200 Y SS 4200 58,25"" X1/2"" | 58,25"" X1/2""";;;;Minitractores;Minitractor;Correas;11;tabla;;;UBICACIÓN
5888697;completo;Correas;"119-3321 Transmisión SS 5000 64,17"" X1/2""";Minitractores;;UBICACIÓN;;;;;"119-3321 Transmisión SS 5000 64,17"" X1/2"" | 64,17"" X1/2""";;;;Minitractores;Minitractor;Correas;11;tabla;;;UBICACIÓN
5888699;completo;Correas;"119-8819 Plataforma SS 4200 113"" X1/2""";Minitractores;;UBICACIÓN;;;;;"119-8819 Plataforma SS 4200 113"" X1/2"" | 113"" X1/2""";;;;Minitractores;Minitractor;Correas;11;tabla;;;UBICACIÓN
5888711;completo;"Plataforma — 48"" DE CORTE";"Plataforma 48"" DE CORTE 148"" X 5/8""";Minitractores;Minitractores;CORREAS DE KEVLAR;Murray | Noma;708273;"48"" DE CORTE";Plataforma;"148"" X 5/8""";;;;Minitractores;Minitractor;Correas;9;tabla;;;MINITRACTORES - CORREAS DE KEVLAR - MURRAY / NOMA
5888713;completo;"Transmisión — 48"" DE CORTE";"Transmisión 48"" DE CORTE 92,50"" X 1/2""";Minitractores;Minitractores;CORREAS DE KEVLAR;Murray | Noma;708337;"48"" DE CORTE";Transmisión;"92,50"" X 1/2""";;;;Minitractores;Minitractor;Correas;9;tabla;;;MINITRACTORES - CORREAS DE KEVLAR - MURRAY / NOMA
5888714;completo;"Transmisión — Fastrak 48"" y 54""";"Transmisión Fastrak 48"" y 54"" 70"" X1/2""";Minitractores;Minitractores;CORREAS DE KEVLAR;Hustler;600979;"Fastrak 48"" y 54""";Transmisión;"70"" X1/2""";;;;Minitractores;Minitractor;Correas;13;tabla;;;MINITRACTORES - CORREAS DE KEVLAR - HUSTLER
5888716;completo;"Transmisión — Hustler X-One 60"" De Corte";"Transmisión Hustler X-One 60"" De Corte 61,5"" X1/2""";Minitractores;Minitractores;CORREAS DE KEVLAR;Hustler;602907;"Hustler X-One 60"" De Corte";Transmisión;"61,5"" X1/2""";;;;Minitractores;Minitractor;Correas;13;tabla;;;MINITRACTORES - CORREAS DE KEVLAR - HUSTLER
5888718;completo;"Plataforma — Hustler X-One 60"" De Corte";"Plataforma Hustler X-One 60"" De Corte 171,25"" X 5/8'";Minitractores;Minitractores;CORREAS DE KEVLAR;Hustler;602988;"Hustler X-One 60"" De Corte";Plataforma;"171,25"" X 5/8' | 171,25"" X 5/8";;;;Minitractores;Minitractor;Correas;13;tabla;;;MINITRACTORES - CORREAS DE KEVLAR - HUSTLER
5888720;completo;Transmisión — Hustler Sport;"Transmisión Hustler Sport 67,24"" X1/2""";Minitractores;Minitractores;CORREAS DE KEVLAR;Hustler;769133;Hustler Sport;Transmisión;"67,24"" X1/2""";;;;Minitractores;Minitractor;Correas;13;tabla;;;MINITRACTORES - CORREAS DE KEVLAR - HUSTLER
5888722;completo;"Plataforma — Hustler Sport 48"" De Corte";"Plataforma Hustler Sport 48"" De Corte 134,5"" x 5/8""";Minitractores;Minitractores;CORREAS DE KEVLAR;Hustler;771634;"Hustler Sport 48"" De Corte";Plataforma;"134,5"" x 5/8""";;;;Minitractores;Minitractor;Correas;13;tabla;;;MINITRACTORES - CORREAS DE KEVLAR - HUSTLER
5888724;completo;"Plataforma — Hustler Sport 54"" De Corte";"Plataforma Hustler Sport 54"" De Corte 145,5"" X 5/8""";Minitractores;Minitractores;CORREAS DE KEVLAR;Hustler;777185;"Hustler Sport 54"" De Corte";Plataforma;"145,5"" X 5/8""";;;;Minitractores;Minitractor;Correas;13;tabla;;;MINITRACTORES - CORREAS DE KEVLAR - HUSTLER
5888726;completo;Transmisión — Hustler ZXR-7;"Transmisión Hustler ZXR-7 62,25"" X1/2""";Minitractores;Minitractores;CORREAS DE KEVLAR;Hustler;781443;Hustler ZXR-7;Transmisión;"62,25"" X1/2""";;;;Minitractores;Minitractor;Correas;13;tabla;;;MINITRACTORES - CORREAS DE KEVLAR - HUSTLER
5888728;completo;"Plataforma — Hustler Fastrak 60"" De Corte";"Plataforma Hustler Fastrak 60"" De Corte 165,5"" X 5/8""";Minitractores;Minitractores;CORREAS DE KEVLAR;Hustler;782292;"Hustler Fastrak 60"" De Corte";Plataforma;"165,5"" X 5/8""";;;;Minitractores;Minitractor;Correas;13;tabla;;;MINITRACTORES - CORREAS DE KEVLAR - HUSTLER
5888730;completo;"Transmisión — Mini Fastrak 42"" De Corte";"Transmisión Mini Fastrak 42"" De Corte 63,325"" X1/2'";Minitractores;Minitractores;CORREAS DE KEVLAR;Hustler;793836;"Mini Fastrak 42"" De Corte";Transmisión;"63,325"" X1/2' | 63,325"" X1/2";;;;Minitractores;Minitractor;Correas;13;tabla;;;MINITRACTORES - CORREAS DE KEVLAR - HUSTLER
5888732;completo;"Plataforma — Mini Fastrak 42"" De Corte";"Plataforma Mini Fastrak 42"" De Corte 127"" X1/2""";Minitractores;Minitractores;CORREAS DE KEVLAR;Hustler;793893;"Mini Fastrak 42"" De Corte";Plataforma;"127"" X1/2""";;;;Minitractores;Minitractor;Correas;13;tabla;;;MINITRACTORES - CORREAS DE KEVLAR - HUSTLER
5888736;completo;"Plataforma — MX5050 Hustler Fastrak 48"" De Corte";"Plataforma MX5050 Hustler Fastrak 48"" De Corte 143"" X 5/8""";Minitractores;Minitractores;CORREAS DE KEVLAR;Hustler;791335;"MX5050 Hustler Fastrak 48"" De Corte";Plataforma;"143"" X 5/8""";;;;Minitractores;Minitractor;Correas;13;tabla;;;MINITRACTORES - CORREAS DE KEVLAR - HUSTLER
5888738;completo;Plataforma — Hustler ZXR-7;"Plataforma Hustler ZXR-7 176,79"" X 5/8'";Minitractores;Minitractores;CORREAS DE KEVLAR;Hustler;797720;Hustler ZXR-7;Plataforma;"176,79"" X 5/8' | 176,79"" X 5/8";;;;Minitractores;Minitractor;Correas;13;tabla;;;MINITRACTORES - CORREAS DE KEVLAR - HUSTLER